/* AUTO-GENERATED by tools/sprite_gen.py — do not edit by hand. */
/* Authentic Game Boy 4-tone sprites, RGB565A8 (colour plane + alpha plane). */

#include "lvgl.h"

/* ---- shooter_ship  (62x28) ---- */
static const uint8_t shooter_ship_data[] = {
    /* RGB565 colour plane (little-endian) */
    0x00, 0x00, 0x00, 0x00, 0x00, 0x00, 0x00, 0x00, 0x00, 0x00, 0x00, 0x00, 0x00, 0x00, 0x00, 0x00,
    0x00, 0x00, 0x00, 0x00, 0x00, 0x00, 0x00, 0x00, 0x00, 0x00, 0x00, 0x00, 0x00, 0x00, 0x00, 0x00,
    0x00, 0x00, 0x00, 0x00, 0x00, 0x00, 0x00, 0x00, 0x00, 0x00, 0x00, 0x00, 0x00, 0x00, 0x00, 0x00,
    0x00, 0x00, 0x00, 0x00, 0x00, 0x00, 0x00, 0x00, 0x00, 0x00, 0x00, 0x00, 0xc4, 0x18, 0xc4, 0x18,
    0xc4, 0x18, 0x00, 0x00, 0x00, 0x00, 0x00, 0x00, 0x00, 0x00, 0x00, 0x00, 0x00, 0x00, 0x00, 0x00,
    0x00, 0x00, 0x00, 0x00, 0x00, 0x00, 0x00, 0x00, 0x00, 0x00, 0x00, 0x00, 0x00, 0x00, 0x00, 0x00,
    0x00, 0x00, 0x00, 0x00, 0x00, 0x00, 0x00, 0x00, 0x00, 0x00, 0x00, 0x00, 0x00, 0x00, 0x00, 0x00,
    0x00, 0x00, 0x00, 0x00, 0x00, 0x00, 0x00, 0x00, 0x00, 0x00, 0x00, 0x00, 0x00, 0x00, 0x00, 0x00,
    0x00, 0x00, 0x00, 0x00, 0x00, 0x00, 0x00, 0x00, 0x00, 0x00, 0x00, 0x00, 0x00, 0x00, 0x00, 0x00,
    0x00, 0x00, 0x00, 0x00, 0x00, 0x00, 0x00, 0x00, 0x00, 0x00, 0x00, 0x00, 0x00, 0x00, 0x00, 0x00,
    0x00, 0x00, 0x00, 0x00, 0x00, 0x00, 0x00, 0x00, 0x00, 0x00, 0x00, 0x00, 0x00, 0x00, 0x00, 0x00,
    0x00, 0x00, 0x00, 0x00, 0x00, 0x00, 0x00, 0x00, 0xc4, 0x18, 0xc4, 0x18, 0xc4, 0x18, 0x00, 0x00,
    0x00, 0x00, 0x00, 0x00, 0x00, 0x00, 0x00, 0x00, 0x00, 0x00, 0x00, 0x00, 0x00, 0x00, 0x00, 0x00,
    0x00, 0x00, 0x00, 0x00, 0x00, 0x00, 0x00, 0x00, 0x00, 0x00, 0x00, 0x00, 0x00, 0x00, 0x00, 0x00,
    0x00, 0x00, 0x00, 0x00, 0x00, 0x00, 0x00, 0x00, 0x00, 0x00, 0x00, 0x00, 0x00, 0x00, 0x00, 0x00,
    0x00, 0x00, 0x00, 0x00, 0x00, 0x00, 0x00, 0x00, 0x00, 0x00, 0x00, 0x00, 0x00, 0x00, 0x00, 0x00,
    0x00, 0x00, 0x00, 0x00, 0x00, 0x00, 0x00, 0x00, 0x00, 0x00, 0x00, 0x00, 0x00, 0x00, 0x00, 0x00,
    0x00, 0x00, 0x00, 0x00, 0x00, 0x00, 0x00, 0x00, 0x00, 0x00, 0x00, 0x00, 0x00, 0x00, 0x00, 0x00,
    0x00, 0x00, 0x00, 0x00, 0x00, 0x00, 0x00, 0x00, 0x00, 0x00, 0x00, 0x00, 0x00, 0x00, 0x00, 0x00,
    0x00, 0x00, 0xc4, 0x18, 0x97, 0xad, 0x97, 0xad, 0x97, 0xad, 0xc4, 0x18, 0x00, 0x00, 0x00, 0x00,
    0x00, 0x00, 0x00, 0x00, 0x00, 0x00, 0x00, 0x00, 0x00, 0x00, 0x00, 0x00, 0x00, 0x00, 0x00, 0x00,
    0x00, 0x00, 0x00, 0x00, 0x00, 0x00, 0x00, 0x00, 0x00, 0x00, 0x00, 0x00, 0x00, 0x00, 0x00, 0x00,
    0x00, 0x00, 0x00, 0x00, 0x00, 0x00, 0x00, 0x00, 0x00, 0x00, 0x00, 0x00, 0x00, 0x00, 0x00, 0x00,
    0x00, 0x00, 0x00, 0x00, 0x00, 0x00, 0x00, 0x00, 0x00, 0x00, 0x00, 0x00, 0x00, 0x00, 0x00, 0x00,
    0x00, 0x00, 0x00, 0x00, 0x00, 0x00, 0x00, 0x00, 0x00, 0x00, 0x00, 0x00, 0x00, 0x00, 0x00, 0x00,
    0x00, 0x00, 0x00, 0x00, 0x00, 0x00, 0x00, 0x00, 0x00, 0x00, 0x00, 0x00, 0x00, 0x00, 0x00, 0x00,
    0x00, 0x00, 0x00, 0x00, 0x00, 0x00, 0x00, 0x00, 0x00, 0x00, 0x00, 0x00, 0x00, 0x00, 0xc4, 0x18,
    0x97, 0xad, 0x97, 0xad, 0x97, 0xad, 0xc4, 0x18, 0x00, 0x00, 0x00, 0x00, 0x00, 0x00, 0x00, 0x00,
    0x00, 0x00, 0x00, 0x00, 0x00, 0x00, 0x00, 0x00, 0x00, 0x00, 0x00, 0x00, 0x00, 0x00, 0x00, 0x00,
    0x00, 0x00, 0x00, 0x00, 0x00, 0x00, 0x00, 0x00, 0x00, 0x00, 0x00, 0x00, 0x00, 0x00, 0x00, 0x00,
    0x00, 0x00, 0x00, 0x00, 0x00, 0x00, 0x00, 0x00, 0x00, 0x00, 0x00, 0x00, 0x00, 0x00, 0x00, 0x00,
    0x00, 0x00, 0x00, 0x00, 0x00, 0x00, 0x00, 0x00, 0x00, 0x00, 0x00, 0x00, 0x00, 0x00, 0x00, 0x00,
    0x00, 0x00, 0x00, 0x00, 0x00, 0x00, 0x00, 0x00, 0x00, 0x00, 0x00, 0x00, 0x00, 0x00, 0x00, 0x00,
    0x00, 0x00, 0x00, 0x00, 0x00, 0x00, 0x00, 0x00, 0x00, 0x00, 0x00, 0x00, 0x00, 0x00, 0x00, 0x00,
    0x00, 0x00, 0x00, 0x00, 0x00, 0x00, 0x00, 0x00, 0x00, 0x00, 0xc4, 0x18, 0x97, 0xad, 0x97, 0xad,
    0x97, 0xad, 0xc4, 0x18, 0x00, 0x00, 0x00, 0x00, 0x00, 0x00, 0x00, 0x00, 0x00, 0x00, 0x00, 0x00,
    0x00, 0x00, 0x00, 0x00, 0x00, 0x00, 0x00, 0x00, 0x00, 0x00, 0x00, 0x00, 0x00, 0x00, 0x00, 0x00,
    0x00, 0x00, 0x00, 0x00, 0x00, 0x00, 0x00, 0x00, 0x00, 0x00, 0x00, 0x00, 0x00, 0x00, 0x00, 0x00,
    0x00, 0x00, 0x00, 0x00, 0x00, 0x00, 0x00, 0x00, 0x00, 0x00, 0x00, 0x00, 0x00, 0x00, 0x00, 0x00,
    0x00, 0x00, 0x00, 0x00, 0x00, 0x00, 0x00, 0x00, 0x00, 0x00, 0x00, 0x00, 0x00, 0x00, 0x00, 0x00,
    0x00, 0x00, 0x00, 0x00, 0x00, 0x00, 0x00, 0x00, 0x00, 0x00, 0x00, 0x00, 0x00, 0x00, 0x00, 0x00,
    0x00, 0x00, 0x00, 0x00, 0x00, 0x00, 0x00, 0x00, 0x00, 0x00, 0x00, 0x00, 0x00, 0x00, 0x00, 0x00,
    0x00, 0x00, 0xc4, 0x18, 0xc4, 0x18, 0x97, 0xad, 0x97, 0xad, 0x97, 0xad, 0x97, 0xad, 0x97, 0xad,
    0xc4, 0x18, 0xc4, 0x18, 0x00, 0x00, 0x00, 0x00, 0x00, 0x00, 0x00, 0x00, 0x00, 0x00, 0x00, 0x00,
    0x00, 0x00, 0x00, 0x00, 0x00, 0x00, 0x00, 0x00, 0x00, 0x00, 0x00, 0x00, 0x00, 0x00, 0x00, 0x00,
    0x00, 0x00, 0x00, 0x00, 0x00, 0x00, 0x00, 0x00, 0x00, 0x00, 0x00, 0x00, 0x00, 0x00, 0x00, 0x00,
    0x00, 0x00, 0x00, 0x00, 0x00, 0x00, 0x00, 0x00, 0x00, 0x00, 0x00, 0x00, 0x00, 0x00, 0x00, 0x00,
    0x00, 0x00, 0x00, 0x00, 0x00, 0x00, 0x00, 0x00, 0x00, 0x00, 0x00, 0x00, 0x00, 0x00, 0x00, 0x00,
    0x00, 0x00, 0x00, 0x00, 0x00, 0x00, 0x00, 0x00, 0x00, 0x00, 0x00, 0x00, 0x00, 0x00, 0x00, 0x00,
    0x00, 0x00, 0x00, 0x00, 0x00, 0x00, 0x00, 0x00, 0x00, 0x00, 0x00, 0x00, 0x00, 0x00, 0xc4, 0x18,
    0xc4, 0x18, 0xdf, 0xae, 0xdf, 0xae, 0xdf, 0xae, 0xdf, 0xae, 0xdf, 0xae, 0xc4, 0x18, 0xc4, 0x18,
    0x00, 0x00, 0x00, 0x00, 0x00, 0x00, 0x00, 0x00, 0x00, 0x00, 0x00, 0x00, 0x00, 0x00, 0x00, 0x00,
    0x00, 0x00, 0x00, 0x00, 0x00, 0x00, 0x00, 0x00, 0x00, 0x00, 0x00, 0x00, 0x00, 0x00, 0x00, 0x00,
    0x00, 0x00, 0x00, 0x00, 0x00, 0x00, 0x00, 0x00, 0x00, 0x00, 0x00, 0x00, 0x00, 0x00, 0x00, 0x00,
    0x00, 0x00, 0x00, 0x00, 0x00, 0x00, 0x00, 0x00, 0x00, 0x00, 0x00, 0x00, 0x00, 0x00, 0x00, 0x00,
    0x00, 0x00, 0x00, 0x00, 0x00, 0x00, 0x00, 0x00, 0x00, 0x00, 0x00, 0x00, 0x00, 0x00, 0x00, 0x00,
    0x00, 0x00, 0x00, 0x00, 0x00, 0x00, 0x00, 0x00, 0x00, 0x00, 0x00, 0x00, 0x00, 0x00, 0x00, 0x00,
    0x00, 0x00, 0x00, 0x00, 0x00, 0x00, 0x00, 0x00, 0xc4, 0x18, 0x97, 0xad, 0x97, 0xad, 0xdf, 0xae,
    0xdf, 0xae, 0xdf, 0xae, 0xdf, 0xae, 0xdf, 0xae, 0x97, 0xad, 0x97, 0xad, 0xc4, 0x18, 0x00, 0x00,
    0x00, 0x00, 0x00, 0x00, 0x00, 0x00, 0x00, 0x00, 0x00, 0x00, 0x00, 0x00, 0x00, 0x00, 0x00, 0x00,
    0x00, 0x00, 0x00, 0x00, 0x00, 0x00, 0x00, 0x00, 0x00, 0x00, 0x00, 0x00, 0x00, 0x00, 0x00, 0x00,
    0x00, 0x00, 0x00, 0x00, 0x00, 0x00, 0x00, 0x00, 0x00, 0x00, 0x00, 0x00, 0x00, 0x00, 0x00, 0x00,
    0x00, 0x00, 0x00, 0x00, 0x00, 0x00, 0x00, 0x00, 0x00, 0x00, 0x00, 0x00, 0x00, 0x00, 0x00, 0x00,
    0x00, 0x00, 0x00, 0x00, 0x00, 0x00, 0x00, 0x00, 0x00, 0x00, 0x00, 0x00, 0x00, 0x00, 0x00, 0x00,
    0x00, 0x00, 0x00, 0x00, 0x00, 0x00, 0x00, 0x00, 0x00, 0x00, 0x00, 0x00, 0x00, 0x00, 0x00, 0x00,
    0x00, 0x00, 0x00, 0x00, 0xc4, 0x18, 0x97, 0xad, 0x97, 0xad, 0xdf, 0xae, 0xdf, 0xae, 0xdf, 0xae,
    0xdf, 0xae, 0xdf, 0xae, 0x97, 0xad, 0x97, 0xad, 0xc4, 0x18, 0x00, 0x00, 0x00, 0x00, 0x00, 0x00,
    0x00, 0x00, 0x00, 0x00, 0x00, 0x00, 0x00, 0x00, 0x00, 0x00, 0x00, 0x00, 0x00, 0x00, 0x00, 0x00,
    0x00, 0x00, 0x00, 0x00, 0x00, 0x00, 0x00, 0x00, 0x00, 0x00, 0x00, 0x00, 0x00, 0x00, 0x00, 0x00,
    0x00, 0x00, 0x00, 0x00, 0x00, 0x00, 0x00, 0x00, 0x00, 0x00, 0x00, 0x00, 0x00, 0x00, 0x00, 0x00,
    0x00, 0x00, 0x00, 0x00, 0x00, 0x00, 0x00, 0x00, 0x00, 0x00, 0x00, 0x00, 0x00, 0x00, 0x00, 0x00,
    0x00, 0x00, 0x00, 0x00, 0x00, 0x00, 0xc4, 0x18, 0xc4, 0x18, 0x00, 0x00, 0x00, 0x00, 0x00, 0x00,
    0x00, 0x00, 0x00, 0x00, 0x00, 0x00, 0x00, 0x00, 0x00, 0x00, 0x00, 0x00, 0x00, 0x00, 0x00, 0x00,
    0xc4, 0x18, 0x97, 0xad, 0x97, 0xad, 0x97, 0xad, 0x97, 0xad, 0x97, 0xad, 0x97, 0xad, 0x97, 0xad,
    0x97, 0xad, 0x97, 0xad, 0xc4, 0x18, 0x00, 0x00, 0x00, 0x00, 0x00, 0x00, 0x00, 0x00, 0x00, 0x00,
    0x00, 0x00, 0x00, 0x00, 0x00, 0x00, 0x00, 0x00, 0x00, 0x00, 0x00, 0x00, 0xc4, 0x18, 0xc4, 0x18,
    0x00, 0x00, 0x00, 0x00, 0x00, 0x00, 0x00, 0x00, 0x00, 0x00, 0x00, 0x00, 0x00, 0x00, 0x00, 0x00,
    0x00, 0x00, 0x00, 0x00, 0x00, 0x00, 0x00, 0x00, 0x00, 0x00, 0x00, 0x00, 0x00, 0x00, 0x00, 0x00,
    0x00, 0x00, 0x00, 0x00, 0x00, 0x00, 0x00, 0x00, 0x00, 0x00, 0x00, 0x00, 0x00, 0x00, 0x00, 0x00,
    0xc4, 0x18, 0x97, 0xad, 0x97, 0xad, 0xc4, 0x18, 0x00, 0x00, 0x00, 0x00, 0x00, 0x00, 0x00, 0x00,
    0x00, 0x00, 0x00, 0x00, 0x00, 0x00, 0x00, 0x00, 0x00, 0x00, 0x00, 0x00, 0xc4, 0x18, 0x97, 0xad,
    0x97, 0xad, 0x97, 0xad, 0x97, 0xad, 0x97, 0xad, 0x97, 0xad, 0x97, 0xad, 0x97, 0xad, 0x97, 0xad,
    0xc4, 0x18, 0x00, 0x00, 0x00, 0x00, 0x00, 0x00, 0x00, 0x00, 0x00, 0x00, 0x00, 0x00, 0x00, 0x00,
    0x00, 0x00, 0x00, 0x00, 0x00, 0x00, 0xc4, 0x18, 0x97, 0xad, 0x97, 0xad, 0xc4, 0x18, 0x00, 0x00,
    0x00, 0x00, 0x00, 0x00, 0x00, 0x00, 0x00, 0x00, 0x00, 0x00, 0x00, 0x00, 0x00, 0x00, 0x00, 0x00,
    0x00, 0x00, 0x00, 0x00, 0x00, 0x00, 0x00, 0x00, 0x00, 0x00, 0x00, 0x00, 0x00, 0x00, 0x00, 0x00,
    0x00, 0x00, 0x00, 0x00, 0x00, 0x00, 0x00, 0x00, 0x00, 0x00, 0x00, 0x00, 0xc4, 0x18, 0x97, 0xad,
    0x97, 0xad, 0xc4, 0x18, 0x00, 0x00, 0x00, 0x00, 0x00, 0x00, 0x00, 0x00, 0x00, 0x00, 0x00, 0x00,
    0x00, 0x00, 0x00, 0x00, 0x00, 0x00, 0x00, 0x00, 0xc4, 0x18, 0x97, 0xad, 0x97, 0xad, 0x97, 0xad,
    0x97, 0xad, 0x97, 0xad, 0x97, 0xad, 0x97, 0xad, 0x97, 0xad, 0x97, 0xad, 0xc4, 0x18, 0x00, 0x00,
    0x00, 0x00, 0x00, 0x00, 0x00, 0x00, 0x00, 0x00, 0x00, 0x00, 0x00, 0x00, 0x00, 0x00, 0x00, 0x00,
    0x00, 0x00, 0xc4, 0x18, 0x97, 0xad, 0x97, 0xad, 0xc4, 0x18, 0x00, 0x00, 0x00, 0x00, 0x00, 0x00,
    0x00, 0x00, 0x00, 0x00, 0x00, 0x00, 0x00, 0x00, 0x00, 0x00, 0x00, 0x00, 0x00, 0x00, 0x00, 0x00,
    0x00, 0x00, 0x00, 0x00, 0x00, 0x00, 0x00, 0x00, 0x00, 0x00, 0x00, 0x00, 0x00, 0x00, 0x00, 0x00,
    0x00, 0x00, 0x00, 0x00, 0xc4, 0x18, 0xc4, 0x18, 0x97, 0xad, 0x97, 0xad, 0x97, 0xad, 0x97, 0xad,
    0xc4, 0x18, 0x00, 0x00, 0x00, 0x00, 0x00, 0x00, 0x00, 0x00, 0x00, 0x00, 0x00, 0x00, 0x00, 0x00,
    0xc4, 0x18, 0xc4, 0x18, 0x97, 0xad, 0x97, 0xad, 0x97, 0xad, 0x97, 0xad, 0x97, 0xad, 0x97, 0xad,
    0x97, 0xad, 0x97, 0xad, 0x97, 0xad, 0x97, 0xad, 0x97, 0xad, 0xc4, 0x18, 0xc4, 0x18, 0x00, 0x00,
    0x00, 0x00, 0x00, 0x00, 0x00, 0x00, 0x00, 0x00, 0x00, 0x00, 0x00, 0x00, 0xc4, 0x18, 0x97, 0xad,
    0x97, 0xad, 0x97, 0xad, 0x97, 0xad, 0xc4, 0x18, 0xc4, 0x18, 0x00, 0x00, 0x00, 0x00, 0x00, 0x00,
    0x00, 0x00, 0x00, 0x00, 0x00, 0x00, 0x00, 0x00, 0x00, 0x00, 0x00, 0x00, 0x00, 0x00, 0x00, 0x00,
    0x00, 0x00, 0x00, 0x00, 0x00, 0x00, 0x00, 0x00, 0x00, 0x00, 0x00, 0x00, 0x00, 0x00, 0xc4, 0x18,
    0x97, 0xad, 0x97, 0xad, 0x97, 0xad, 0x97, 0xad, 0x97, 0xad, 0x97, 0xad, 0x97, 0xad, 0xc4, 0x18,
    0xc4, 0x18, 0x00, 0x00, 0x00, 0x00, 0x00, 0x00, 0x00, 0x00, 0xc4, 0x18, 0x97, 0xad, 0x97, 0xad,
    0x97, 0xad, 0x97, 0xad, 0x97, 0xad, 0x97, 0xad, 0x97, 0xad, 0x97, 0xad, 0x97, 0xad, 0x97, 0xad,
    0x97, 0xad, 0x97, 0xad, 0x97, 0xad, 0x97, 0xad, 0x97, 0xad, 0xc4, 0x18, 0x00, 0x00, 0x00, 0x00,
    0x00, 0x00, 0x00, 0x00, 0xc4, 0x18, 0xc4, 0x18, 0x97, 0xad, 0x97, 0xad, 0x97, 0xad, 0x97, 0xad,
    0x97, 0xad, 0x97, 0xad, 0x97, 0xad, 0xc4, 0x18, 0x00, 0x00, 0x00, 0x00, 0x00, 0x00, 0x00, 0x00,
    0x00, 0x00, 0x00, 0x00, 0x00, 0x00, 0x00, 0x00, 0x00, 0x00, 0x00, 0x00, 0x00, 0x00, 0x00, 0x00,
    0x00, 0x00, 0x00, 0x00, 0x00, 0x00, 0x00, 0x00, 0xc4, 0x18, 0x97, 0xad, 0x97, 0xad, 0x97, 0xad,
    0x97, 0xad, 0x97, 0xad, 0x97, 0xad, 0x97, 0xad, 0x97, 0xad, 0x97, 0xad, 0x97, 0xad, 0xc4, 0x18,
    0xc4, 0x18, 0xc4, 0x18, 0xc4, 0x18, 0x97, 0xad, 0x97, 0xad, 0x97, 0xad, 0x97, 0xad, 0x97, 0xad,
    0x97, 0xad, 0x97, 0xad, 0x97, 0xad, 0x97, 0xad, 0x97, 0xad, 0x97, 0xad, 0x97, 0xad, 0x97, 0xad,
    0x97, 0xad, 0x97, 0xad, 0x97, 0xad, 0x97, 0xad, 0xc4, 0x18, 0xc4, 0x18, 0xc4, 0x18, 0xc4, 0x18,
    0x97, 0xad, 0x97, 0xad, 0x97, 0xad, 0x97, 0xad, 0x97, 0xad, 0x97, 0xad, 0x97, 0xad, 0x97, 0xad,
    0x97, 0xad, 0x97, 0xad, 0xc4, 0x18, 0x00, 0x00, 0x00, 0x00, 0x00, 0x00, 0x00, 0x00, 0x00, 0x00,
    0x00, 0x00, 0x00, 0x00, 0x00, 0x00, 0x00, 0x00, 0x00, 0x00, 0x00, 0x00, 0x00, 0x00, 0x00, 0x00,
    0x00, 0x00, 0x00, 0x00, 0xc4, 0x18, 0x97, 0xad, 0x97, 0xad, 0x97, 0xad, 0x97, 0xad, 0x97, 0xad,
    0x97, 0xad, 0x97, 0xad, 0x97, 0xad, 0x97, 0xad, 0x97, 0xad, 0xc4, 0x18, 0xc4, 0x18, 0xc4, 0x18,
    0xc4, 0x18, 0x97, 0xad, 0x97, 0xad, 0x97, 0xad, 0x97, 0xad, 0x97, 0xad, 0x97, 0xad, 0x97, 0xad,
    0x97, 0xad, 0x97, 0xad, 0x97, 0xad, 0x97, 0xad, 0x97, 0xad, 0x97, 0xad, 0x97, 0xad, 0x97, 0xad,
    0x97, 0xad, 0x97, 0xad, 0xc4, 0x18, 0xc4, 0x18, 0xc4, 0x18, 0xc4, 0x18, 0x97, 0xad, 0x97, 0xad,
    0x97, 0xad, 0x97, 0xad, 0x97, 0xad, 0x97, 0xad, 0x97, 0xad, 0x97, 0xad, 0x97, 0xad, 0x97, 0xad,
    0xc4, 0x18, 0x00, 0x00, 0x00, 0x00, 0x00, 0x00, 0x00, 0x00, 0x00, 0x00, 0x00, 0x00, 0x00, 0x00,
    0x00, 0x00, 0x00, 0x00, 0x00, 0x00, 0x00, 0x00, 0x00, 0x00, 0x00, 0x00, 0xc4, 0x18, 0xc4, 0x18,
    0x97, 0xad, 0x97, 0xad, 0x97, 0xad, 0x97, 0xad, 0x97, 0xad, 0x97, 0xad, 0x97, 0xad, 0x97, 0xad,
    0x97, 0xad, 0x97, 0xad, 0x97, 0xad, 0x97, 0xad, 0x97, 0xad, 0x97, 0xad, 0x97, 0xad, 0x97, 0xad,
    0x97, 0xad, 0x97, 0xad, 0x97, 0xad, 0xdf, 0xae, 0xdf, 0xae, 0xdf, 0xae, 0xdf, 0xae, 0xdf, 0xae,
    0xdf, 0xae, 0x97, 0xad, 0x97, 0xad, 0x97, 0xad, 0x97, 0xad, 0x97, 0xad, 0x97, 0xad, 0x97, 0xad,
    0x97, 0xad, 0x97, 0xad, 0x97, 0xad, 0x97, 0xad, 0x97, 0xad, 0x97, 0xad, 0x97, 0xad, 0x97, 0xad,
    0x97, 0xad, 0x97, 0xad, 0x97, 0xad, 0x97, 0xad, 0x97, 0xad, 0x97, 0xad, 0x97, 0xad, 0xc4, 0x18,
    0xc4, 0x18, 0x00, 0x00, 0x00, 0x00, 0x00, 0x00, 0x00, 0x00, 0x00, 0x00, 0x00, 0x00, 0x00, 0x00,
    0x00, 0x00, 0x00, 0x00, 0x00, 0x00, 0xc4, 0x18, 0x97, 0xad, 0x97, 0xad, 0x97, 0xad, 0x97, 0xad,
    0x97, 0xad, 0x97, 0xad, 0x97, 0xad, 0x97, 0xad, 0x97, 0xad, 0x97, 0xad, 0x97, 0xad, 0x97, 0xad,
    0x97, 0xad, 0x97, 0xad, 0x97, 0xad, 0x97, 0xad, 0x97, 0xad, 0x97, 0xad, 0x97, 0xad, 0x97, 0xad,
    0xdf, 0xae, 0xdf, 0xae, 0xdf, 0xae, 0xdf, 0xae, 0xdf, 0xae, 0xdf, 0xae, 0xdf, 0xae, 0xdf, 0xae,
    0x97, 0xad, 0x97, 0xad, 0x97, 0xad, 0x97, 0xad, 0x97, 0xad, 0x97, 0xad, 0x97, 0xad, 0x97, 0xad,
    0x97, 0xad, 0x97, 0xad, 0x97, 0xad, 0x97, 0xad, 0x97, 0xad, 0x97, 0xad, 0x97, 0xad, 0x97, 0xad,
    0x97, 0xad, 0x97, 0xad, 0x97, 0xad, 0x97, 0xad, 0x97, 0xad, 0xc4, 0x18, 0xc4, 0x18, 0x00, 0x00,
    0x00, 0x00, 0x00, 0x00, 0x00, 0x00, 0x00, 0x00, 0x00, 0x00, 0x00, 0x00, 0x00, 0x00, 0x00, 0x00,
    0x00, 0x00, 0xc4, 0x18, 0x97, 0xad, 0x97, 0xad, 0x97, 0xad, 0x97, 0xad, 0x97, 0xad, 0x97, 0xad,
    0x97, 0xad, 0x97, 0xad, 0x97, 0xad, 0x97, 0xad, 0x97, 0xad, 0x97, 0xad, 0x97, 0xad, 0x97, 0xad,
    0x97, 0xad, 0x97, 0xad, 0x97, 0xad, 0x97, 0xad, 0x97, 0xad, 0x97, 0xad, 0xdf, 0xae, 0xdf, 0xae,
    0xdf, 0xae, 0xdf, 0xae, 0xdf, 0xae, 0xdf, 0xae, 0xdf, 0xae, 0xdf, 0xae, 0x97, 0xad, 0x97, 0xad,
    0x97, 0xad, 0x97, 0xad, 0x97, 0xad, 0x97, 0xad, 0x97, 0xad, 0x97, 0xad, 0x97, 0xad, 0x97, 0xad,
    0x97, 0xad, 0x97, 0xad, 0x97, 0xad, 0x97, 0xad, 0x97, 0xad, 0x97, 0xad, 0x97, 0xad, 0x97, 0xad,
    0x97, 0xad, 0x97, 0xad, 0x97, 0xad, 0xc4, 0x18, 0xc4, 0x18, 0x00, 0x00, 0x00, 0x00, 0x00, 0x00,
    0x00, 0x00, 0x00, 0x00, 0x00, 0x00, 0x00, 0x00, 0x00, 0x00, 0xc4, 0x18, 0xc4, 0x18, 0x97, 0xad,
    0x97, 0xad, 0x97, 0xad, 0x97, 0xad, 0x97, 0xad, 0x97, 0xad, 0x97, 0xad, 0x97, 0xad, 0x97, 0xad,
    0x97, 0xad, 0x97, 0xad, 0x97, 0xad, 0x97, 0xad, 0x97, 0xad, 0x97, 0xad, 0x97, 0xad, 0x97, 0xad,
    0x97, 0xad, 0x97, 0xad, 0x97, 0xad, 0x97, 0xad, 0xdf, 0xae, 0xdf, 0xae, 0xdf, 0xae, 0xdf, 0xae,
    0xdf, 0xae, 0xdf, 0xae, 0xdf, 0xae, 0xdf, 0xae, 0x97, 0xad, 0x97, 0xad, 0x97, 0xad, 0x97, 0xad,
    0x97, 0xad, 0x97, 0xad, 0x97, 0xad, 0x97, 0xad, 0x97, 0xad, 0x97, 0xad, 0x97, 0xad, 0x97, 0xad,
    0x97, 0xad, 0x97, 0xad, 0x97, 0xad, 0x97, 0xad, 0x97, 0xad, 0x97, 0xad, 0x97, 0xad, 0x97, 0xad,
    0x97, 0xad, 0x97, 0xad, 0x97, 0xad, 0xc4, 0x18, 0x00, 0x00, 0x00, 0x00, 0x00, 0x00, 0x00, 0x00,
    0x00, 0x00, 0x00, 0x00, 0x00, 0x00, 0xc4, 0x18, 0xc4, 0x18, 0xc4, 0x18, 0x97, 0xad, 0x97, 0xad,
    0x97, 0xad, 0x97, 0xad, 0x97, 0xad, 0x97, 0xad, 0x97, 0xad, 0x97, 0xad, 0x97, 0xad, 0x97, 0xad,
    0x97, 0xad, 0x97, 0xad, 0x97, 0xad, 0x97, 0xad, 0x97, 0xad, 0x97, 0xad, 0x97, 0xad, 0x97, 0xad,
    0x97, 0xad, 0x97, 0xad, 0x97, 0xad, 0x97, 0xad, 0x97, 0xad, 0x97, 0xad, 0x97, 0xad, 0x97, 0xad,
    0x97, 0xad, 0x97, 0xad, 0x97, 0xad, 0x97, 0xad, 0x97, 0xad, 0x97, 0xad, 0x97, 0xad, 0x97, 0xad,
    0x97, 0xad, 0x97, 0xad, 0x97, 0xad, 0x97, 0xad, 0x97, 0xad, 0x97, 0xad, 0x97, 0xad, 0x97, 0xad,
    0x97, 0xad, 0x97, 0xad, 0x97, 0xad, 0x97, 0xad, 0x97, 0xad, 0x97, 0xad, 0x97, 0xad, 0xc4, 0x18,
    0xc4, 0x18, 0xc4, 0x18, 0x00, 0x00, 0x00, 0x00, 0x00, 0x00, 0x00, 0x00, 0x00, 0x00, 0x00, 0x00,
    0x00, 0x00, 0x00, 0x00, 0x00, 0x00, 0x00, 0x00, 0xc4, 0x18, 0xc4, 0x18, 0xc4, 0x18, 0xc4, 0x18,
    0x97, 0xad, 0x97, 0xad, 0x97, 0xad, 0x97, 0xad, 0x97, 0xad, 0x97, 0xad, 0x97, 0xad, 0x97, 0xad,
    0x97, 0xad, 0x97, 0xad, 0x97, 0xad, 0x97, 0xad, 0x97, 0xad, 0xc4, 0x18, 0x00, 0x00, 0x00, 0x00,
    0x00, 0x00, 0xc4, 0x18, 0xc4, 0x18, 0xc4, 0x18, 0xc4, 0x18, 0xc4, 0x18, 0xc4, 0x18, 0x00, 0x00,
    0x00, 0x00, 0x00, 0x00, 0xc4, 0x18, 0x97, 0xad, 0x97, 0xad, 0x97, 0xad, 0x97, 0xad, 0x97, 0xad,
    0x97, 0xad, 0x97, 0xad, 0x97, 0xad, 0x97, 0xad, 0x97, 0xad, 0x97, 0xad, 0x97, 0xad, 0x97, 0xad,
    0xc4, 0x18, 0xc4, 0x18, 0xc4, 0x18, 0xc4, 0x18, 0x00, 0x00, 0x00, 0x00, 0x00, 0x00, 0x00, 0x00,
    0x00, 0x00, 0x00, 0x00, 0x00, 0x00, 0x00, 0x00, 0x00, 0x00, 0x00, 0x00, 0x00, 0x00, 0x00, 0x00,
    0x00, 0x00, 0x00, 0x00, 0xc4, 0x18, 0xc4, 0x18, 0xc4, 0x18, 0xc4, 0x18, 0x97, 0xad, 0x97, 0xad,
    0x97, 0xad, 0x97, 0xad, 0x97, 0xad, 0x97, 0xad, 0x97, 0xad, 0x97, 0xad, 0x97, 0xad, 0x97, 0xad,
    0x97, 0xad, 0x97, 0xad, 0x97, 0xad, 0xc4, 0x18, 0x00, 0x00, 0x00, 0x00, 0x00, 0x00, 0xc4, 0x18,
    0xc4, 0x18, 0xc4, 0x18, 0xc4, 0x18, 0xc4, 0x18, 0xc4, 0x18, 0x00, 0x00, 0x00, 0x00, 0x00, 0x00,
    0xc4, 0x18, 0x97, 0xad, 0x97, 0xad, 0x97, 0xad, 0x97, 0xad, 0x97, 0xad, 0x97, 0xad, 0x97, 0xad,
    0x97, 0xad, 0x97, 0xad, 0x97, 0xad, 0x97, 0xad, 0x97, 0xad, 0x97, 0xad, 0xc4, 0x18, 0xc4, 0x18,
    0xc4, 0x18, 0xc4, 0x18, 0x00, 0x00, 0x00, 0x00, 0x00, 0x00, 0x00, 0x00, 0x00, 0x00, 0x00, 0x00,
    0x00, 0x00, 0x00, 0x00, 0x00, 0x00, 0x00, 0x00, 0x00, 0x00, 0x00, 0x00, 0x00, 0x00, 0x00, 0x00,
    0x00, 0x00, 0x00, 0x00, 0x00, 0x00, 0x00, 0x00, 0xc4, 0x18, 0xc4, 0x18, 0xc4, 0x18, 0xc4, 0x18,
    0xc4, 0x18, 0xc4, 0x18, 0xc4, 0x18, 0xc4, 0x18, 0xc4, 0x18, 0xc4, 0x18, 0xc4, 0x18, 0xc4, 0x18,
    0x00, 0x00, 0x00, 0x00, 0x00, 0x00, 0x00, 0x00, 0x00, 0x00, 0xc4, 0x18, 0xc4, 0x18, 0xdf, 0xae,
    0xdf, 0xae, 0xc4, 0x18, 0xc4, 0x18, 0x00, 0x00, 0x00, 0x00, 0x00, 0x00, 0x00, 0x00, 0x00, 0x00,
    0x00, 0x00, 0xc4, 0x18, 0xc4, 0x18, 0xc4, 0x18, 0xc4, 0x18, 0xc4, 0x18, 0xc4, 0x18, 0xc4, 0x18,
    0xc4, 0x18, 0xc4, 0x18, 0xc4, 0x18, 0xc4, 0x18, 0x00, 0x00, 0x00, 0x00, 0x00, 0x00, 0x00, 0x00,
    0x00, 0x00, 0x00, 0x00, 0x00, 0x00, 0x00, 0x00, 0x00, 0x00, 0x00, 0x00, 0x00, 0x00, 0x00, 0x00,
    0x00, 0x00, 0x00, 0x00, 0x00, 0x00, 0x00, 0x00, 0x00, 0x00, 0x00, 0x00, 0x00, 0x00, 0x00, 0x00,
    0x00, 0x00, 0x00, 0x00, 0x00, 0x00, 0x00, 0x00, 0x00, 0x00, 0x00, 0x00, 0x00, 0x00, 0x00, 0x00,
    0x00, 0x00, 0x00, 0x00, 0x00, 0x00, 0x00, 0x00, 0x00, 0x00, 0x00, 0x00, 0x00, 0x00, 0x00, 0x00,
    0x00, 0x00, 0x00, 0x00, 0xc4, 0x18, 0xdf, 0xae, 0xdf, 0xae, 0xdf, 0xae, 0xdf, 0xae, 0xdf, 0xae,
    0xdf, 0xae, 0xc4, 0x18, 0x00, 0x00, 0x00, 0x00, 0x00, 0x00, 0x00, 0x00, 0x00, 0x00, 0x00, 0x00,
    0x00, 0x00, 0x00, 0x00, 0x00, 0x00, 0x00, 0x00, 0x00, 0x00, 0x00, 0x00, 0x00, 0x00, 0x00, 0x00,
    0x00, 0x00, 0x00, 0x00, 0x00, 0x00, 0x00, 0x00, 0x00, 0x00, 0x00, 0x00, 0x00, 0x00, 0x00, 0x00,
    0x00, 0x00, 0x00, 0x00, 0x00, 0x00, 0x00, 0x00, 0x00, 0x00, 0x00, 0x00, 0x00, 0x00, 0x00, 0x00,
    0x00, 0x00, 0x00, 0x00, 0x00, 0x00, 0x00, 0x00, 0x00, 0x00, 0x00, 0x00, 0x00, 0x00, 0x00, 0x00,
    0x00, 0x00, 0x00, 0x00, 0x00, 0x00, 0x00, 0x00, 0x00, 0x00, 0x00, 0x00, 0x00, 0x00, 0x00, 0x00,
    0x00, 0x00, 0x00, 0x00, 0x00, 0x00, 0x00, 0x00, 0x00, 0x00, 0x00, 0x00, 0x00, 0x00, 0x00, 0x00,
    0xc4, 0x18, 0xdf, 0xae, 0xdf, 0xae, 0xdf, 0xae, 0xdf, 0xae, 0xdf, 0xae, 0xdf, 0xae, 0xc4, 0x18,
    0x00, 0x00, 0x00, 0x00, 0x00, 0x00, 0x00, 0x00, 0x00, 0x00, 0x00, 0x00, 0x00, 0x00, 0x00, 0x00,
    0x00, 0x00, 0x00, 0x00, 0x00, 0x00, 0x00, 0x00, 0x00, 0x00, 0x00, 0x00, 0x00, 0x00, 0x00, 0x00,
    0x00, 0x00, 0x00, 0x00, 0x00, 0x00, 0x00, 0x00, 0x00, 0x00, 0x00, 0x00, 0x00, 0x00, 0x00, 0x00,
    0x00, 0x00, 0x00, 0x00, 0x00, 0x00, 0x00, 0x00, 0x00, 0x00, 0x00, 0x00, 0x00, 0x00, 0x00, 0x00,
    0x00, 0x00, 0x00, 0x00, 0x00, 0x00, 0x00, 0x00, 0x00, 0x00, 0x00, 0x00, 0x00, 0x00, 0x00, 0x00,
    0x00, 0x00, 0x00, 0x00, 0x00, 0x00, 0x00, 0x00, 0x00, 0x00, 0x00, 0x00, 0x00, 0x00, 0x00, 0x00,
    0x00, 0x00, 0x00, 0x00, 0x00, 0x00, 0x00, 0x00, 0x00, 0x00, 0x00, 0x00, 0xc4, 0x18, 0xdf, 0xae,
    0xdf, 0xae, 0xdf, 0xae, 0xdf, 0xae, 0xdf, 0xae, 0xdf, 0xae, 0xc4, 0x18, 0x00, 0x00, 0x00, 0x00,
    0x00, 0x00, 0x00, 0x00, 0x00, 0x00, 0x00, 0x00, 0x00, 0x00, 0x00, 0x00, 0x00, 0x00, 0x00, 0x00,
    0x00, 0x00, 0x00, 0x00, 0x00, 0x00, 0x00, 0x00, 0x00, 0x00, 0x00, 0x00, 0x00, 0x00, 0x00, 0x00,
    0x00, 0x00, 0x00, 0x00, 0x00, 0x00, 0x00, 0x00, 0x00, 0x00, 0x00, 0x00, 0x00, 0x00, 0x00, 0x00,
    0x00, 0x00, 0x00, 0x00, 0x00, 0x00, 0x00, 0x00, 0x00, 0x00, 0x00, 0x00, 0x00, 0x00, 0x00, 0x00,
    0x00, 0x00, 0x00, 0x00, 0x00, 0x00, 0x00, 0x00, 0x00, 0x00, 0x00, 0x00, 0x00, 0x00, 0x00, 0x00,
    0x00, 0x00, 0x00, 0x00, 0x00, 0x00, 0x00, 0x00, 0x00, 0x00, 0x00, 0x00, 0x00, 0x00, 0x00, 0x00,
    0x00, 0x00, 0x00, 0x00, 0x00, 0x00, 0x00, 0x00, 0x00, 0x00, 0xc4, 0x18, 0xc4, 0x18, 0xdf, 0xae,
    0xdf, 0xae, 0xc4, 0x18, 0xc4, 0x18, 0x00, 0x00, 0x00, 0x00, 0x00, 0x00, 0x00, 0x00, 0x00, 0x00,
    0x00, 0x00, 0x00, 0x00, 0x00, 0x00, 0x00, 0x00, 0x00, 0x00, 0x00, 0x00, 0x00, 0x00, 0x00, 0x00,
    0x00, 0x00, 0x00, 0x00, 0x00, 0x00, 0x00, 0x00, 0x00, 0x00, 0x00, 0x00, 0x00, 0x00, 0x00, 0x00,
    0x00, 0x00, 0x00, 0x00, 0x00, 0x00, 0x00, 0x00, 0x00, 0x00, 0x00, 0x00, 0x00, 0x00, 0x00, 0x00,
    /* Alpha plane (0=transparent, 0xFF=opaque) */
    0x00, 0x00, 0x00, 0x00, 0x00, 0x00, 0x00, 0x00, 0x00, 0x00, 0x00, 0x00, 0x00, 0x00, 0x00, 0x00,
    0x00, 0x00, 0x00, 0x00, 0x00, 0x00, 0x00, 0x00, 0x00, 0x00, 0x00, 0x00, 0x00, 0x00, 0xff, 0xff,
    0xff, 0x00, 0x00, 0x00, 0x00, 0x00, 0x00, 0x00, 0x00, 0x00, 0x00, 0x00, 0x00, 0x00, 0x00, 0x00,
    0x00, 0x00, 0x00, 0x00, 0x00, 0x00, 0x00, 0x00, 0x00, 0x00, 0x00, 0x00, 0x00, 0x00, 0x00, 0x00,
    0x00, 0x00, 0x00, 0x00, 0x00, 0x00, 0x00, 0x00, 0x00, 0x00, 0x00, 0x00, 0x00, 0x00, 0x00, 0x00,
    0x00, 0x00, 0x00, 0x00, 0x00, 0x00, 0x00, 0x00, 0x00, 0x00, 0x00, 0x00, 0xff, 0xff, 0xff, 0x00,
    0x00, 0x00, 0x00, 0x00, 0x00, 0x00, 0x00, 0x00, 0x00, 0x00, 0x00, 0x00, 0x00, 0x00, 0x00, 0x00,
    0x00, 0x00, 0x00, 0x00, 0x00, 0x00, 0x00, 0x00, 0x00, 0x00, 0x00, 0x00, 0x00, 0x00, 0x00, 0x00,
    0x00, 0x00, 0x00, 0x00, 0x00, 0x00, 0x00, 0x00, 0x00, 0x00, 0x00, 0x00, 0x00, 0x00, 0x00, 0x00,
    0x00, 0x00, 0x00, 0x00, 0x00, 0x00, 0x00, 0x00, 0x00, 0xff, 0xff, 0xff, 0xff, 0xff, 0x00, 0x00,
    0x00, 0x00, 0x00, 0x00, 0x00, 0x00, 0x00, 0x00, 0x00, 0x00, 0x00, 0x00, 0x00, 0x00, 0x00, 0x00,
    0x00, 0x00, 0x00, 0x00, 0x00, 0x00, 0x00, 0x00, 0x00, 0x00, 0x00, 0x00, 0x00, 0x00, 0x00, 0x00,
    0x00, 0x00, 0x00, 0x00, 0x00, 0x00, 0x00, 0x00, 0x00, 0x00, 0x00, 0x00, 0x00, 0x00, 0x00, 0x00,
    0x00, 0x00, 0x00, 0x00, 0x00, 0x00, 0x00, 0xff, 0xff, 0xff, 0xff, 0xff, 0x00, 0x00, 0x00, 0x00,
    0x00, 0x00, 0x00, 0x00, 0x00, 0x00, 0x00, 0x00, 0x00, 0x00, 0x00, 0x00, 0x00, 0x00, 0x00, 0x00,
    0x00, 0x00, 0x00, 0x00, 0x00, 0x00, 0x00, 0x00, 0x00, 0x00, 0x00, 0x00, 0x00, 0x00, 0x00, 0x00,
    0x00, 0x00, 0x00, 0x00, 0x00, 0x00, 0x00, 0x00, 0x00, 0x00, 0x00, 0x00, 0x00, 0x00, 0x00, 0x00,
    0x00, 0x00, 0x00, 0x00, 0x00, 0xff, 0xff, 0xff, 0xff, 0xff, 0x00, 0x00, 0x00, 0x00, 0x00, 0x00,
    0x00, 0x00, 0x00, 0x00, 0x00, 0x00, 0x00, 0x00, 0x00, 0x00, 0x00, 0x00, 0x00, 0x00, 0x00, 0x00,
    0x00, 0x00, 0x00, 0x00, 0x00, 0x00, 0x00, 0x00, 0x00, 0x00, 0x00, 0x00, 0x00, 0x00, 0x00, 0x00,
    0x00, 0x00, 0x00, 0x00, 0x00, 0x00, 0x00, 0x00, 0x00, 0x00, 0x00, 0x00, 0x00, 0x00, 0x00, 0x00,
    0x00, 0xff, 0xff, 0xff, 0xff, 0xff, 0xff, 0xff, 0xff, 0xff, 0x00, 0x00, 0x00, 0x00, 0x00, 0x00,
    0x00, 0x00, 0x00, 0x00, 0x00, 0x00, 0x00, 0x00, 0x00, 0x00, 0x00, 0x00, 0x00, 0x00, 0x00, 0x00,
    0x00, 0x00, 0x00, 0x00, 0x00, 0x00, 0x00, 0x00, 0x00, 0x00, 0x00, 0x00, 0x00, 0x00, 0x00, 0x00,
    0x00, 0x00, 0x00, 0x00, 0x00, 0x00, 0x00, 0x00, 0x00, 0x00, 0x00, 0x00, 0x00, 0x00, 0x00, 0xff,
    0xff, 0xff, 0xff, 0xff, 0xff, 0xff, 0xff, 0xff, 0x00, 0x00, 0x00, 0x00, 0x00, 0x00, 0x00, 0x00,
    0x00, 0x00, 0x00, 0x00, 0x00, 0x00, 0x00, 0x00, 0x00, 0x00, 0x00, 0x00, 0x00, 0x00, 0x00, 0x00,
    0x00, 0x00, 0x00, 0x00, 0x00, 0x00, 0x00, 0x00, 0x00, 0x00, 0x00, 0x00, 0x00, 0x00, 0x00, 0x00,
    0x00, 0x00, 0x00, 0x00, 0x00, 0x00, 0x00, 0x00, 0x00, 0x00, 0x00, 0x00, 0xff, 0xff, 0xff, 0xff,
    0xff, 0xff, 0xff, 0xff, 0xff, 0xff, 0xff, 0x00, 0x00, 0x00, 0x00, 0x00, 0x00, 0x00, 0x00, 0x00,
    0x00, 0x00, 0x00, 0x00, 0x00, 0x00, 0x00, 0x00, 0x00, 0x00, 0x00, 0x00, 0x00, 0x00, 0x00, 0x00,
    0x00, 0x00, 0x00, 0x00, 0x00, 0x00, 0x00, 0x00, 0x00, 0x00, 0x00, 0x00, 0x00, 0x00, 0x00, 0x00,
    0x00, 0x00, 0x00, 0x00, 0x00, 0x00, 0x00, 0x00, 0x00, 0x00, 0xff, 0xff, 0xff, 0xff, 0xff, 0xff,
    0xff, 0xff, 0xff, 0xff, 0xff, 0x00, 0x00, 0x00, 0x00, 0x00, 0x00, 0x00, 0x00, 0x00, 0x00, 0x00,
    0x00, 0x00, 0x00, 0x00, 0x00, 0x00, 0x00, 0x00, 0x00, 0x00, 0x00, 0x00, 0x00, 0x00, 0x00, 0x00,
    0x00, 0x00, 0x00, 0x00, 0x00, 0x00, 0x00, 0x00, 0x00, 0x00, 0x00, 0xff, 0xff, 0x00, 0x00, 0x00,
    0x00, 0x00, 0x00, 0x00, 0x00, 0x00, 0x00, 0x00, 0xff, 0xff, 0xff, 0xff, 0xff, 0xff, 0xff, 0xff,
    0xff, 0xff, 0xff, 0x00, 0x00, 0x00, 0x00, 0x00, 0x00, 0x00, 0x00, 0x00, 0x00, 0x00, 0xff, 0xff,
    0x00, 0x00, 0x00, 0x00, 0x00, 0x00, 0x00, 0x00, 0x00, 0x00, 0x00, 0x00, 0x00, 0x00, 0x00, 0x00,
    0x00, 0x00, 0x00, 0x00, 0x00, 0x00, 0x00, 0x00, 0xff, 0xff, 0xff, 0xff, 0x00, 0x00, 0x00, 0x00,
    0x00, 0x00, 0x00, 0x00, 0x00, 0x00, 0xff, 0xff, 0xff, 0xff, 0xff, 0xff, 0xff, 0xff, 0xff, 0xff,
    0xff, 0x00, 0x00, 0x00, 0x00, 0x00, 0x00, 0x00, 0x00, 0x00, 0x00, 0xff, 0xff, 0xff, 0xff, 0x00,
    0x00, 0x00, 0x00, 0x00, 0x00, 0x00, 0x00, 0x00, 0x00, 0x00, 0x00, 0x00, 0x00, 0x00, 0x00, 0x00,
    0x00, 0x00, 0x00, 0x00, 0x00, 0x00, 0xff, 0xff, 0xff, 0xff, 0x00, 0x00, 0x00, 0x00, 0x00, 0x00,
    0x00, 0x00, 0x00, 0x00, 0xff, 0xff, 0xff, 0xff, 0xff, 0xff, 0xff, 0xff, 0xff, 0xff, 0xff, 0x00,
    0x00, 0x00, 0x00, 0x00, 0x00, 0x00, 0x00, 0x00, 0x00, 0xff, 0xff, 0xff, 0xff, 0x00, 0x00, 0x00,
    0x00, 0x00, 0x00, 0x00, 0x00, 0x00, 0x00, 0x00, 0x00, 0x00, 0x00, 0x00, 0x00, 0x00, 0x00, 0x00,
    0x00, 0x00, 0xff, 0xff, 0xff, 0xff, 0xff, 0xff, 0xff, 0x00, 0x00, 0x00, 0x00, 0x00, 0x00, 0x00,
    0xff, 0xff, 0xff, 0xff, 0xff, 0xff, 0xff, 0xff, 0xff, 0xff, 0xff, 0xff, 0xff, 0xff, 0xff, 0x00,
    0x00, 0x00, 0x00, 0x00, 0x00, 0x00, 0xff, 0xff, 0xff, 0xff, 0xff, 0xff, 0xff, 0x00, 0x00, 0x00,
    0x00, 0x00, 0x00, 0x00, 0x00, 0x00, 0x00, 0x00, 0x00, 0x00, 0x00, 0x00, 0x00, 0x00, 0x00, 0xff,
    0xff, 0xff, 0xff, 0xff, 0xff, 0xff, 0xff, 0xff, 0xff, 0x00, 0x00, 0x00, 0x00, 0xff, 0xff, 0xff,
    0xff, 0xff, 0xff, 0xff, 0xff, 0xff, 0xff, 0xff, 0xff, 0xff, 0xff, 0xff, 0xff, 0xff, 0x00, 0x00,
    0x00, 0x00, 0xff, 0xff, 0xff, 0xff, 0xff, 0xff, 0xff, 0xff, 0xff, 0xff, 0x00, 0x00, 0x00, 0x00,
    0x00, 0x00, 0x00, 0x00, 0x00, 0x00, 0x00, 0x00, 0x00, 0x00, 0x00, 0x00, 0xff, 0xff, 0xff, 0xff,
    0xff, 0xff, 0xff, 0xff, 0xff, 0xff, 0xff, 0xff, 0xff, 0xff, 0xff, 0xff, 0xff, 0xff, 0xff, 0xff,
    0xff, 0xff, 0xff, 0xff, 0xff, 0xff, 0xff, 0xff, 0xff, 0xff, 0xff, 0xff, 0xff, 0xff, 0xff, 0xff,
    0xff, 0xff, 0xff, 0xff, 0xff, 0xff, 0xff, 0xff, 0xff, 0xff, 0xff, 0x00, 0x00, 0x00, 0x00, 0x00,
    0x00, 0x00, 0x00, 0x00, 0x00, 0x00, 0x00, 0x00, 0x00, 0x00, 0xff, 0xff, 0xff, 0xff, 0xff, 0xff,
    0xff, 0xff, 0xff, 0xff, 0xff, 0xff, 0xff, 0xff, 0xff, 0xff, 0xff, 0xff, 0xff, 0xff, 0xff, 0xff,
    0xff, 0xff, 0xff, 0xff, 0xff, 0xff, 0xff, 0xff, 0xff, 0xff, 0xff, 0xff, 0xff, 0xff, 0xff, 0xff,
    0xff, 0xff, 0xff, 0xff, 0xff, 0xff, 0xff, 0xff, 0xff, 0x00, 0x00, 0x00, 0x00, 0x00, 0x00, 0x00,
    0x00, 0x00, 0x00, 0x00, 0x00, 0x00, 0xff, 0xff, 0xff, 0xff, 0xff, 0xff, 0xff, 0xff, 0xff, 0xff,
    0xff, 0xff, 0xff, 0xff, 0xff, 0xff, 0xff, 0xff, 0xff, 0xff, 0xff, 0xff, 0xff, 0xff, 0xff, 0xff,
    0xff, 0xff, 0xff, 0xff, 0xff, 0xff, 0xff, 0xff, 0xff, 0xff, 0xff, 0xff, 0xff, 0xff, 0xff, 0xff,
    0xff, 0xff, 0xff, 0xff, 0xff, 0xff, 0xff, 0xff, 0xff, 0x00, 0x00, 0x00, 0x00, 0x00, 0x00, 0x00,
    0x00, 0x00, 0x00, 0xff, 0xff, 0xff, 0xff, 0xff, 0xff, 0xff, 0xff, 0xff, 0xff, 0xff, 0xff, 0xff,
    0xff, 0xff, 0xff, 0xff, 0xff, 0xff, 0xff, 0xff, 0xff, 0xff, 0xff, 0xff, 0xff, 0xff, 0xff, 0xff,
    0xff, 0xff, 0xff, 0xff, 0xff, 0xff, 0xff, 0xff, 0xff, 0xff, 0xff, 0xff, 0xff, 0xff, 0xff, 0xff,
    0xff, 0xff, 0xff, 0xff, 0xff, 0xff, 0xff, 0x00, 0x00, 0x00, 0x00, 0x00, 0x00, 0x00, 0x00, 0x00,
    0x00, 0xff, 0xff, 0xff, 0xff, 0xff, 0xff, 0xff, 0xff, 0xff, 0xff, 0xff, 0xff, 0xff, 0xff, 0xff,
    0xff, 0xff, 0xff, 0xff, 0xff, 0xff, 0xff, 0xff, 0xff, 0xff, 0xff, 0xff, 0xff, 0xff, 0xff, 0xff,
    0xff, 0xff, 0xff, 0xff, 0xff, 0xff, 0xff, 0xff, 0xff, 0xff, 0xff, 0xff, 0xff, 0xff, 0xff, 0xff,
    0xff, 0xff, 0xff, 0xff, 0xff, 0x00, 0x00, 0x00, 0x00, 0x00, 0x00, 0x00, 0x00, 0xff, 0xff, 0xff,
    0xff, 0xff, 0xff, 0xff, 0xff, 0xff, 0xff, 0xff, 0xff, 0xff, 0xff, 0xff, 0xff, 0xff, 0xff, 0xff,
    0xff, 0xff, 0xff, 0xff, 0xff, 0xff, 0xff, 0xff, 0xff, 0xff, 0xff, 0xff, 0xff, 0xff, 0xff, 0xff,
    0xff, 0xff, 0xff, 0xff, 0xff, 0xff, 0xff, 0xff, 0xff, 0xff, 0xff, 0xff, 0xff, 0xff, 0xff, 0xff,
    0xff, 0xff, 0xff, 0xff, 0x00, 0x00, 0x00, 0x00, 0x00, 0x00, 0x00, 0xff, 0xff, 0xff, 0xff, 0xff,
    0xff, 0xff, 0xff, 0xff, 0xff, 0xff, 0xff, 0xff, 0xff, 0xff, 0xff, 0xff, 0xff, 0xff, 0xff, 0xff,
    0xff, 0xff, 0xff, 0xff, 0xff, 0xff, 0xff, 0xff, 0xff, 0xff, 0xff, 0xff, 0xff, 0xff, 0xff, 0xff,
    0xff, 0xff, 0xff, 0xff, 0xff, 0xff, 0xff, 0xff, 0xff, 0xff, 0xff, 0xff, 0xff, 0xff, 0xff, 0xff,
    0xff, 0xff, 0x00, 0x00, 0x00, 0x00, 0x00, 0x00, 0x00, 0x00, 0x00, 0x00, 0xff, 0xff, 0xff, 0xff,
    0xff, 0xff, 0xff, 0xff, 0xff, 0xff, 0xff, 0xff, 0xff, 0xff, 0xff, 0xff, 0xff, 0xff, 0x00, 0x00,
    0x00, 0xff, 0xff, 0xff, 0xff, 0xff, 0xff, 0x00, 0x00, 0x00, 0xff, 0xff, 0xff, 0xff, 0xff, 0xff,
    0xff, 0xff, 0xff, 0xff, 0xff, 0xff, 0xff, 0xff, 0xff, 0xff, 0xff, 0xff, 0x00, 0x00, 0x00, 0x00,
    0x00, 0x00, 0x00, 0x00, 0x00, 0x00, 0x00, 0x00, 0x00, 0x00, 0xff, 0xff, 0xff, 0xff, 0xff, 0xff,
    0xff, 0xff, 0xff, 0xff, 0xff, 0xff, 0xff, 0xff, 0xff, 0xff, 0xff, 0xff, 0x00, 0x00, 0x00, 0xff,
    0xff, 0xff, 0xff, 0xff, 0xff, 0x00, 0x00, 0x00, 0xff, 0xff, 0xff, 0xff, 0xff, 0xff, 0xff, 0xff,
    0xff, 0xff, 0xff, 0xff, 0xff, 0xff, 0xff, 0xff, 0xff, 0xff, 0x00, 0x00, 0x00, 0x00, 0x00, 0x00,
    0x00, 0x00, 0x00, 0x00, 0x00, 0x00, 0x00, 0x00, 0x00, 0x00, 0x00, 0x00, 0xff, 0xff, 0xff, 0xff,
    0xff, 0xff, 0xff, 0xff, 0xff, 0xff, 0xff, 0xff, 0x00, 0x00, 0x00, 0x00, 0x00, 0xff, 0xff, 0xff,
    0xff, 0xff, 0xff, 0x00, 0x00, 0x00, 0x00, 0x00, 0x00, 0xff, 0xff, 0xff, 0xff, 0xff, 0xff, 0xff,
    0xff, 0xff, 0xff, 0xff, 0x00, 0x00, 0x00, 0x00, 0x00, 0x00, 0x00, 0x00, 0x00, 0x00, 0x00, 0x00,
    0x00, 0x00, 0x00, 0x00, 0x00, 0x00, 0x00, 0x00, 0x00, 0x00, 0x00, 0x00, 0x00, 0x00, 0x00, 0x00,
    0x00, 0x00, 0x00, 0x00, 0x00, 0x00, 0x00, 0x00, 0x00, 0x00, 0xff, 0xff, 0xff, 0xff, 0xff, 0xff,
    0xff, 0xff, 0x00, 0x00, 0x00, 0x00, 0x00, 0x00, 0x00, 0x00, 0x00, 0x00, 0x00, 0x00, 0x00, 0x00,
    0x00, 0x00, 0x00, 0x00, 0x00, 0x00, 0x00, 0x00, 0x00, 0x00, 0x00, 0x00, 0x00, 0x00, 0x00, 0x00,
    0x00, 0x00, 0x00, 0x00, 0x00, 0x00, 0x00, 0x00, 0x00, 0x00, 0x00, 0x00, 0x00, 0x00, 0x00, 0x00,
    0x00, 0x00, 0x00, 0x00, 0x00, 0x00, 0x00, 0x00, 0xff, 0xff, 0xff, 0xff, 0xff, 0xff, 0xff, 0xff,
    0x00, 0x00, 0x00, 0x00, 0x00, 0x00, 0x00, 0x00, 0x00, 0x00, 0x00, 0x00, 0x00, 0x00, 0x00, 0x00,
    0x00, 0x00, 0x00, 0x00, 0x00, 0x00, 0x00, 0x00, 0x00, 0x00, 0x00, 0x00, 0x00, 0x00, 0x00, 0x00,
    0x00, 0x00, 0x00, 0x00, 0x00, 0x00, 0x00, 0x00, 0x00, 0x00, 0x00, 0x00, 0x00, 0x00, 0x00, 0x00,
    0x00, 0x00, 0x00, 0x00, 0x00, 0x00, 0xff, 0xff, 0xff, 0xff, 0xff, 0xff, 0xff, 0xff, 0x00, 0x00,
    0x00, 0x00, 0x00, 0x00, 0x00, 0x00, 0x00, 0x00, 0x00, 0x00, 0x00, 0x00, 0x00, 0x00, 0x00, 0x00,
    0x00, 0x00, 0x00, 0x00, 0x00, 0x00, 0x00, 0x00, 0x00, 0x00, 0x00, 0x00, 0x00, 0x00, 0x00, 0x00,
    0x00, 0x00, 0x00, 0x00, 0x00, 0x00, 0x00, 0x00, 0x00, 0x00, 0x00, 0x00, 0x00, 0x00, 0x00, 0x00,
    0x00, 0x00, 0x00, 0x00, 0x00, 0xff, 0xff, 0xff, 0xff, 0xff, 0xff, 0x00, 0x00, 0x00, 0x00, 0x00,
    0x00, 0x00, 0x00, 0x00, 0x00, 0x00, 0x00, 0x00, 0x00, 0x00, 0x00, 0x00, 0x00, 0x00, 0x00, 0x00,
    0x00, 0x00, 0x00, 0x00, 0x00, 0x00, 0x00, 0x00,
};
const lv_image_dsc_t shooter_ship = {
    .header = {
        .magic  = LV_IMAGE_HEADER_MAGIC,
        .cf     = LV_COLOR_FORMAT_RGB565A8,
        .flags  = 0,
        .w      = 62,
        .h      = 28,
        .stride = 62 * 2,
    },
    .data_size = sizeof(shooter_ship_data),
    .data = shooter_ship_data,
};

/* ---- shooter_enemy  (16x14) ---- */
static const uint8_t shooter_enemy_data[] = {
    /* RGB565 colour plane (little-endian) */
    0x00, 0x00, 0x00, 0x00, 0xc4, 0x18, 0x00, 0x00, 0x00, 0x00, 0x00, 0x00, 0x00, 0x00, 0x00, 0x00,
    0x00, 0x00, 0x00, 0x00, 0x00, 0x00, 0x00, 0x00, 0x00, 0x00, 0xc4, 0x18, 0x00, 0x00, 0x00, 0x00,
    0x00, 0x00, 0xc4, 0x18, 0x59, 0x8a, 0xc4, 0x18, 0x00, 0x00, 0x00, 0x00, 0x00, 0x00, 0x00, 0x00,
    0x00, 0x00, 0x00, 0x00, 0x00, 0x00, 0x00, 0x00, 0xc4, 0x18, 0x59, 0x8a, 0xc4, 0x18, 0x00, 0x00,
    0x00, 0x00, 0xc4, 0x18, 0x59, 0x8a, 0x59, 0x8a, 0xc4, 0x18, 0x00, 0x00, 0x00, 0x00, 0x00, 0x00,
    0x00, 0x00, 0x00, 0x00, 0x00, 0x00, 0xc4, 0x18, 0x59, 0x8a, 0x59, 0x8a, 0xc4, 0x18, 0x00, 0x00,
    0x00, 0x00, 0x00, 0x00, 0xc4, 0x18, 0x59, 0x8a, 0x59, 0x8a, 0xc4, 0x18, 0xc4, 0x18, 0xc4, 0x18,
    0xc4, 0x18, 0xc4, 0x18, 0xc4, 0x18, 0x59, 0x8a, 0x59, 0x8a, 0xc4, 0x18, 0x00, 0x00, 0x00, 0x00,
    0x00, 0x00, 0xc4, 0x18, 0x59, 0x8a, 0x59, 0x8a, 0x59, 0x8a, 0x59, 0x8a, 0x59, 0x8a, 0x59, 0x8a,
    0x59, 0x8a, 0x59, 0x8a, 0x59, 0x8a, 0x59, 0x8a, 0x59, 0x8a, 0x59, 0x8a, 0xc4, 0x18, 0x00, 0x00,
    0xc4, 0x18, 0x59, 0x8a, 0x59, 0x8a, 0xc6, 0xfe, 0xc6, 0xfe, 0x59, 0x8a, 0x59, 0x8a, 0x59, 0x8a,
    0x59, 0x8a, 0x59, 0x8a, 0x59, 0x8a, 0xc6, 0xfe, 0xc6, 0xfe, 0x59, 0x8a, 0x59, 0x8a, 0xc4, 0x18,
    0xc4, 0x18, 0x59, 0x8a, 0x59, 0x8a, 0xc6, 0xfe, 0xc6, 0xfe, 0x59, 0x8a, 0x59, 0x8a, 0x59, 0x8a,
    0x59, 0x8a, 0x59, 0x8a, 0x59, 0x8a, 0xc6, 0xfe, 0xc6, 0xfe, 0x59, 0x8a, 0x59, 0x8a, 0xc4, 0x18,
    0xc4, 0x18, 0x59, 0x8a, 0x59, 0x8a, 0x59, 0x8a, 0x59, 0x8a, 0x59, 0x8a, 0x59, 0x8a, 0x59, 0x8a,
    0x59, 0x8a, 0x59, 0x8a, 0x59, 0x8a, 0x59, 0x8a, 0x59, 0x8a, 0x59, 0x8a, 0x59, 0x8a, 0xc4, 0x18,
    0xc4, 0x18, 0x59, 0x8a, 0x59, 0x8a, 0x59, 0x8a, 0x59, 0x8a, 0xc4, 0x18, 0xc4, 0x18, 0x59, 0x8a,
    0x59, 0x8a, 0xc4, 0x18, 0xc4, 0x18, 0x59, 0x8a, 0x59, 0x8a, 0x59, 0x8a, 0x59, 0x8a, 0xc4, 0x18,
    0xc4, 0x18, 0x59, 0x8a, 0x59, 0x8a, 0x59, 0x8a, 0x59, 0x8a, 0xc4, 0x18, 0xc4, 0x18, 0x59, 0x8a,
    0x59, 0x8a, 0xc4, 0x18, 0xc4, 0x18, 0x59, 0x8a, 0x59, 0x8a, 0x59, 0x8a, 0x59, 0x8a, 0xc4, 0x18,
    0x00, 0x00, 0xc4, 0x18, 0x59, 0x8a, 0x59, 0x8a, 0x59, 0x8a, 0x59, 0x8a, 0x59, 0x8a, 0x59, 0x8a,
    0x59, 0x8a, 0x59, 0x8a, 0x59, 0x8a, 0x59, 0x8a, 0x59, 0x8a, 0x59, 0x8a, 0xc4, 0x18, 0x00, 0x00,
    0x00, 0x00, 0x00, 0x00, 0xc4, 0x18, 0x59, 0x8a, 0x59, 0x8a, 0xc4, 0x18, 0x00, 0x00, 0xc4, 0x18,
    0xc4, 0x18, 0x00, 0x00, 0xc4, 0x18, 0x59, 0x8a, 0x59, 0x8a, 0xc4, 0x18, 0x00, 0x00, 0x00, 0x00,
    0x00, 0x00, 0xc4, 0x18, 0x59, 0x8a, 0x59, 0x8a, 0xc4, 0x18, 0x00, 0x00, 0x00, 0x00, 0x00, 0x00,
    0x00, 0x00, 0x00, 0x00, 0x00, 0x00, 0xc4, 0x18, 0x59, 0x8a, 0x59, 0x8a, 0xc4, 0x18, 0x00, 0x00,
    0x00, 0x00, 0xc4, 0x18, 0xc4, 0x18, 0x00, 0x00, 0x00, 0x00, 0x00, 0x00, 0x00, 0x00, 0x00, 0x00,
    0x00, 0x00, 0x00, 0x00, 0x00, 0x00, 0x00, 0x00, 0x00, 0x00, 0xc4, 0x18, 0xc4, 0x18, 0x00, 0x00,
    /* Alpha plane (0=transparent, 0xFF=opaque) */
    0x00, 0x00, 0xff, 0x00, 0x00, 0x00, 0x00, 0x00, 0x00, 0x00, 0x00, 0x00, 0x00, 0xff, 0x00, 0x00,
    0x00, 0xff, 0xff, 0xff, 0x00, 0x00, 0x00, 0x00, 0x00, 0x00, 0x00, 0x00, 0xff, 0xff, 0xff, 0x00,
    0x00, 0xff, 0xff, 0xff, 0xff, 0x00, 0x00, 0x00, 0x00, 0x00, 0x00, 0xff, 0xff, 0xff, 0xff, 0x00,
    0x00, 0x00, 0xff, 0xff, 0xff, 0xff, 0xff, 0xff, 0xff, 0xff, 0xff, 0xff, 0xff, 0xff, 0x00, 0x00,
    0x00, 0xff, 0xff, 0xff, 0xff, 0xff, 0xff, 0xff, 0xff, 0xff, 0xff, 0xff, 0xff, 0xff, 0xff, 0x00,
    0xff, 0xff, 0xff, 0xff, 0xff, 0xff, 0xff, 0xff, 0xff, 0xff, 0xff, 0xff, 0xff, 0xff, 0xff, 0xff,
    0xff, 0xff, 0xff, 0xff, 0xff, 0xff, 0xff, 0xff, 0xff, 0xff, 0xff, 0xff, 0xff, 0xff, 0xff, 0xff,
    0xff, 0xff, 0xff, 0xff, 0xff, 0xff, 0xff, 0xff, 0xff, 0xff, 0xff, 0xff, 0xff, 0xff, 0xff, 0xff,
    0xff, 0xff, 0xff, 0xff, 0xff, 0xff, 0xff, 0xff, 0xff, 0xff, 0xff, 0xff, 0xff, 0xff, 0xff, 0xff,
    0xff, 0xff, 0xff, 0xff, 0xff, 0xff, 0xff, 0xff, 0xff, 0xff, 0xff, 0xff, 0xff, 0xff, 0xff, 0xff,
    0x00, 0xff, 0xff, 0xff, 0xff, 0xff, 0xff, 0xff, 0xff, 0xff, 0xff, 0xff, 0xff, 0xff, 0xff, 0x00,
    0x00, 0x00, 0xff, 0xff, 0xff, 0xff, 0x00, 0xff, 0xff, 0x00, 0xff, 0xff, 0xff, 0xff, 0x00, 0x00,
    0x00, 0xff, 0xff, 0xff, 0xff, 0x00, 0x00, 0x00, 0x00, 0x00, 0x00, 0xff, 0xff, 0xff, 0xff, 0x00,
    0x00, 0xff, 0xff, 0x00, 0x00, 0x00, 0x00, 0x00, 0x00, 0x00, 0x00, 0x00, 0x00, 0xff, 0xff, 0x00,
};
const lv_image_dsc_t shooter_enemy = {
    .header = {
        .magic  = LV_IMAGE_HEADER_MAGIC,
        .cf     = LV_COLOR_FORMAT_RGB565A8,
        .flags  = 0,
        .w      = 16,
        .h      = 14,
        .stride = 16 * 2,
    },
    .data_size = sizeof(shooter_enemy_data),
    .data = shooter_enemy_data,
};

/* ---- shooter_enemy2  (21x10) ---- */
static const uint8_t shooter_enemy2_data[] = {
    /* RGB565 colour plane (little-endian) */
    0x00, 0x00, 0x00, 0x00, 0x00, 0x00, 0x00, 0x00, 0x00, 0x00, 0x00, 0x00, 0x00, 0x00, 0xc4, 0x18,
    0xc4, 0x18, 0xc4, 0x18, 0xc4, 0x18, 0xc4, 0x18, 0xc4, 0x18, 0x00, 0x00, 0x00, 0x00, 0x00, 0x00,
    0x00, 0x00, 0x00, 0x00, 0x00, 0x00, 0x00, 0x00, 0x00, 0x00, 0x00, 0x00, 0x00, 0x00, 0x00, 0x00,
    0x00, 0x00, 0x00, 0x00, 0xc4, 0x18, 0xc4, 0x18, 0xdf, 0xae, 0xdf, 0xae, 0xdf, 0xae, 0xdf, 0xae,
    0xdf, 0xae, 0xdf, 0xae, 0xdf, 0xae, 0xc4, 0x18, 0xc4, 0x18, 0x00, 0x00, 0x00, 0x00, 0x00, 0x00,
    0x00, 0x00, 0x00, 0x00, 0x00, 0x00, 0x00, 0x00, 0x00, 0x00, 0x00, 0x00, 0xc4, 0x18, 0xdf, 0xae,
    0xdf, 0xff, 0xdf, 0xae, 0xdf, 0xae, 0xdf, 0xae, 0xdf, 0xae, 0xdf, 0xae, 0xdf, 0xae, 0xdf, 0xae,
    0xdf, 0xff, 0xdf, 0xae, 0xc4, 0x18, 0x00, 0x00, 0x00, 0x00, 0x00, 0x00, 0x00, 0x00, 0x00, 0x00,
    0x00, 0x00, 0x00, 0x00, 0xc4, 0x18, 0xdf, 0xae, 0xdf, 0xae, 0xdf, 0xae, 0xdf, 0xae, 0xdf, 0xae,
    0xdf, 0xae, 0xdf, 0xae, 0xdf, 0xae, 0xdf, 0xae, 0xdf, 0xae, 0xdf, 0xae, 0xdf, 0xae, 0xdf, 0xae,
    0xc4, 0x18, 0x00, 0x00, 0x00, 0x00, 0x00, 0x00, 0x00, 0x00, 0xc4, 0x18, 0xc4, 0x18, 0x97, 0xad,
    0x97, 0xad, 0x97, 0xad, 0x97, 0xad, 0x97, 0xad, 0x97, 0xad, 0x97, 0xad, 0x97, 0xad, 0x97, 0xad,
    0x97, 0xad, 0x97, 0xad, 0x97, 0xad, 0x97, 0xad, 0x97, 0xad, 0x97, 0xad, 0xc4, 0x18, 0xc4, 0x18,
    0x00, 0x00, 0xc4, 0x18, 0x97, 0xad, 0x97, 0xad, 0x97, 0xad, 0xdf, 0xae, 0xdf, 0xae, 0x97, 0xad,
    0x97, 0xad, 0x97, 0xad, 0xdf, 0xae, 0xdf, 0xae, 0x97, 0xad, 0x97, 0xad, 0x97, 0xad, 0xdf, 0xae,
    0xdf, 0xae, 0x97, 0xad, 0x97, 0xad, 0x97, 0xad, 0x97, 0xad, 0xc4, 0x18, 0xc4, 0x18, 0x97, 0xad,
    0x97, 0xad, 0x97, 0xad, 0x97, 0xad, 0x97, 0xad, 0x97, 0xad, 0x97, 0xad, 0x97, 0xad, 0x97, 0xad,
    0x97, 0xad, 0x97, 0xad, 0x97, 0xad, 0x97, 0xad, 0x97, 0xad, 0x97, 0xad, 0x97, 0xad, 0x97, 0xad,
    0x97, 0xad, 0xc4, 0x18, 0x00, 0x00, 0x00, 0x00, 0xc4, 0x18, 0xc4, 0x18, 0x97, 0xad, 0x97, 0xad,
    0x97, 0xad, 0x97, 0xad, 0x97, 0xad, 0x97, 0xad, 0x97, 0xad, 0x97, 0xad, 0x97, 0xad, 0x97, 0xad,
    0x97, 0xad, 0x97, 0xad, 0x97, 0xad, 0x97, 0xad, 0xc4, 0x18, 0xc4, 0x18, 0x00, 0x00, 0x00, 0x00,
    0x00, 0x00, 0x00, 0x00, 0x00, 0x00, 0xc4, 0x18, 0xc4, 0x18, 0xc4, 0x18, 0x97, 0xad, 0x97, 0xad,
    0x97, 0xad, 0x97, 0xad, 0x97, 0xad, 0x97, 0xad, 0x97, 0xad, 0x97, 0xad, 0x97, 0xad, 0xc4, 0x18,
    0xc4, 0x18, 0xc4, 0x18, 0x00, 0x00, 0x00, 0x00, 0x00, 0x00, 0x00, 0x00, 0x00, 0x00, 0x00, 0x00,
    0x00, 0x00, 0x00, 0x00, 0x00, 0x00, 0xc4, 0x18, 0xc4, 0x18, 0xc4, 0x18, 0xc4, 0x18, 0xc4, 0x18,
    0xc4, 0x18, 0xc4, 0x18, 0xc4, 0x18, 0xc4, 0x18, 0x00, 0x00, 0x00, 0x00, 0x00, 0x00, 0x00, 0x00,
    0x00, 0x00, 0x00, 0x00,
    /* Alpha plane (0=transparent, 0xFF=opaque) */
    0x00, 0x00, 0x00, 0x00, 0x00, 0x00, 0x00, 0xff, 0xff, 0xff, 0xff, 0xff, 0xff, 0x00, 0x00, 0x00,
    0x00, 0x00, 0x00, 0x00, 0x00, 0x00, 0x00, 0x00, 0x00, 0x00, 0xff, 0xff, 0xff, 0xff, 0xff, 0xff,
    0xff, 0xff, 0xff, 0xff, 0xff, 0x00, 0x00, 0x00, 0x00, 0x00, 0x00, 0x00, 0x00, 0x00, 0xff, 0xff,
    0xff, 0xff, 0xff, 0xff, 0xff, 0xff, 0xff, 0xff, 0xff, 0xff, 0xff, 0x00, 0x00, 0x00, 0x00, 0x00,
    0x00, 0x00, 0xff, 0xff, 0xff, 0xff, 0xff, 0xff, 0xff, 0xff, 0xff, 0xff, 0xff, 0xff, 0xff, 0xff,
    0xff, 0x00, 0x00, 0x00, 0x00, 0xff, 0xff, 0xff, 0xff, 0xff, 0xff, 0xff, 0xff, 0xff, 0xff, 0xff,
    0xff, 0xff, 0xff, 0xff, 0xff, 0xff, 0xff, 0xff, 0x00, 0xff, 0xff, 0xff, 0xff, 0xff, 0xff, 0xff,
    0xff, 0xff, 0xff, 0xff, 0xff, 0xff, 0xff, 0xff, 0xff, 0xff, 0xff, 0xff, 0xff, 0xff, 0xff, 0xff,
    0xff, 0xff, 0xff, 0xff, 0xff, 0xff, 0xff, 0xff, 0xff, 0xff, 0xff, 0xff, 0xff, 0xff, 0xff, 0xff,
    0xff, 0xff, 0x00, 0x00, 0xff, 0xff, 0xff, 0xff, 0xff, 0xff, 0xff, 0xff, 0xff, 0xff, 0xff, 0xff,
    0xff, 0xff, 0xff, 0xff, 0xff, 0xff, 0x00, 0x00, 0x00, 0x00, 0x00, 0xff, 0xff, 0xff, 0xff, 0xff,
    0xff, 0xff, 0xff, 0xff, 0xff, 0xff, 0xff, 0xff, 0xff, 0xff, 0x00, 0x00, 0x00, 0x00, 0x00, 0x00,
    0x00, 0x00, 0x00, 0xff, 0xff, 0xff, 0xff, 0xff, 0xff, 0xff, 0xff, 0xff, 0x00, 0x00, 0x00, 0x00,
    0x00, 0x00,
};
const lv_image_dsc_t shooter_enemy2 = {
    .header = {
        .magic  = LV_IMAGE_HEADER_MAGIC,
        .cf     = LV_COLOR_FORMAT_RGB565A8,
        .flags  = 0,
        .w      = 21,
        .h      = 10,
        .stride = 21 * 2,
    },
    .data_size = sizeof(shooter_enemy2_data),
    .data = shooter_enemy2_data,
};

/* ---- shooter_enemy3  (18x14) ---- */
static const uint8_t shooter_enemy3_data[] = {
    /* RGB565 colour plane (little-endian) */
    0x00, 0x00, 0x00, 0x00, 0xc4, 0x18, 0x00, 0x00, 0x00, 0x00, 0x00, 0x00, 0x00, 0x00, 0x00, 0x00,
    0x00, 0x00, 0x00, 0x00, 0x00, 0x00, 0x00, 0x00, 0x00, 0x00, 0x00, 0x00, 0x00, 0x00, 0xc4, 0x18,
    0x00, 0x00, 0x00, 0x00, 0x00, 0x00, 0xc4, 0x18, 0x85, 0xe9, 0xc4, 0x18, 0x00, 0x00, 0x00, 0x00,
    0x00, 0x00, 0x00, 0x00, 0x00, 0x00, 0x00, 0x00, 0x00, 0x00, 0x00, 0x00, 0x00, 0x00, 0x00, 0x00,
    0xc4, 0x18, 0x85, 0xe9, 0xc4, 0x18, 0x00, 0x00, 0x00, 0x00, 0xc4, 0x18, 0x85, 0xe9, 0x85, 0xe9,
    0xc4, 0x18, 0x00, 0x00, 0x00, 0x00, 0x00, 0x00, 0x00, 0x00, 0x00, 0x00, 0x00, 0x00, 0x00, 0x00,
    0x00, 0x00, 0xc4, 0x18, 0x85, 0xe9, 0x85, 0xe9, 0xc4, 0x18, 0x00, 0x00, 0x00, 0x00, 0x00, 0x00,
    0xc4, 0x18, 0x85, 0xe9, 0x85, 0xe9, 0xc4, 0x18, 0xc4, 0x18, 0xc4, 0x18, 0xc4, 0x18, 0xc4, 0x18,
    0xc4, 0x18, 0xc4, 0x18, 0xc4, 0x18, 0x85, 0xe9, 0x85, 0xe9, 0xc4, 0x18, 0x00, 0x00, 0x00, 0x00,
    0x00, 0x00, 0xc4, 0x18, 0x85, 0xe9, 0x85, 0xe9, 0x85, 0xe9, 0x85, 0xe9, 0x85, 0xe9, 0x85, 0xe9,
    0x85, 0xe9, 0x85, 0xe9, 0x85, 0xe9, 0x85, 0xe9, 0x85, 0xe9, 0x85, 0xe9, 0x85, 0xe9, 0x85, 0xe9,
    0xc4, 0x18, 0x00, 0x00, 0xc4, 0x18, 0x85, 0xe9, 0x85, 0xe9, 0x85, 0xe9, 0xc6, 0xfe, 0xc6, 0xfe,
    0x85, 0xe9, 0xc4, 0x18, 0x85, 0xe9, 0x85, 0xe9, 0xc4, 0x18, 0x85, 0xe9, 0xc6, 0xfe, 0xc6, 0xfe,
    0x85, 0xe9, 0x85, 0xe9, 0x85, 0xe9, 0xc4, 0x18, 0xc4, 0x18, 0x85, 0xe9, 0x85, 0xe9, 0x85, 0xe9,
    0xc6, 0xfe, 0xc6, 0xfe, 0x85, 0xe9, 0xc4, 0x18, 0x85, 0xe9, 0x85, 0xe9, 0xc4, 0x18, 0x85, 0xe9,
    0xc6, 0xfe, 0xc6, 0xfe, 0x85, 0xe9, 0x85, 0xe9, 0x85, 0xe9, 0xc4, 0x18, 0xc4, 0x18, 0x85, 0xe9,
    0x85, 0xe9, 0x85, 0xe9, 0x85, 0xe9, 0x85, 0xe9, 0x85, 0xe9, 0x85, 0xe9, 0x85, 0xe9, 0x85, 0xe9,
    0x85, 0xe9, 0x85, 0xe9, 0x85, 0xe9, 0x85, 0xe9, 0x85, 0xe9, 0x85, 0xe9, 0x85, 0xe9, 0xc4, 0x18,
    0xc4, 0x18, 0x85, 0xe9, 0x85, 0xe9, 0x85, 0xe9, 0xc4, 0x18, 0xc3, 0x98, 0xc3, 0x98, 0xc3, 0x98,
    0xc3, 0x98, 0xc3, 0x98, 0xc3, 0x98, 0xc3, 0x98, 0xc3, 0x98, 0xc4, 0x18, 0x85, 0xe9, 0x85, 0xe9,
    0x85, 0xe9, 0xc4, 0x18, 0x00, 0x00, 0xc4, 0x18, 0x85, 0xe9, 0x85, 0xe9, 0xc4, 0x18, 0xc3, 0x98,
    0xdf, 0xff, 0xc3, 0x98, 0xdf, 0xff, 0xc3, 0x98, 0xdf, 0xff, 0xc3, 0x98, 0xdf, 0xff, 0xc4, 0x18,
    0x85, 0xe9, 0x85, 0xe9, 0xc4, 0x18, 0x00, 0x00, 0x00, 0x00, 0x00, 0x00, 0xc4, 0x18, 0x85, 0xe9,
    0x85, 0xe9, 0x85, 0xe9, 0xc3, 0x98, 0xc3, 0x98, 0xc3, 0x98, 0xc3, 0x98, 0xc3, 0x98, 0xc3, 0x98,
    0x85, 0xe9, 0x85, 0xe9, 0x85, 0xe9, 0xc4, 0x18, 0x00, 0x00, 0x00, 0x00, 0x00, 0x00, 0x00, 0x00,
    0x00, 0x00, 0xc4, 0x18, 0x85, 0xe9, 0x85, 0xe9, 0x85, 0xe9, 0x85, 0xe9, 0x85, 0xe9, 0x85, 0xe9,
    0x85, 0xe9, 0x85, 0xe9, 0x85, 0xe9, 0x85, 0xe9, 0xc4, 0x18, 0x00, 0x00, 0x00, 0x00, 0x00, 0x00,
    0x00, 0x00, 0x00, 0x00, 0x00, 0x00, 0x00, 0x00, 0xc4, 0x18, 0x85, 0xe9, 0x85, 0xe9, 0xc4, 0x18,
    0x85, 0xe9, 0x85, 0xe9, 0xc4, 0x18, 0x85, 0xe9, 0x85, 0xe9, 0xc4, 0x18, 0x00, 0x00, 0x00, 0x00,
    0x00, 0x00, 0x00, 0x00, 0x00, 0x00, 0x00, 0x00, 0x00, 0x00, 0x00, 0x00, 0x00, 0x00, 0xc4, 0x18,
    0xc4, 0x18, 0x00, 0x00, 0xc4, 0x18, 0xc4, 0x18, 0x00, 0x00, 0xc4, 0x18, 0xc4, 0x18, 0x00, 0x00,
    0x00, 0x00, 0x00, 0x00, 0x00, 0x00, 0x00, 0x00,
    /* Alpha plane (0=transparent, 0xFF=opaque) */
    0x00, 0x00, 0xff, 0x00, 0x00, 0x00, 0x00, 0x00, 0x00, 0x00, 0x00, 0x00, 0x00, 0x00, 0x00, 0xff,
    0x00, 0x00, 0x00, 0xff, 0xff, 0xff, 0x00, 0x00, 0x00, 0x00, 0x00, 0x00, 0x00, 0x00, 0x00, 0x00,
    0xff, 0xff, 0xff, 0x00, 0x00, 0xff, 0xff, 0xff, 0xff, 0x00, 0x00, 0x00, 0x00, 0x00, 0x00, 0x00,
    0x00, 0xff, 0xff, 0xff, 0xff, 0x00, 0x00, 0x00, 0xff, 0xff, 0xff, 0xff, 0xff, 0xff, 0xff, 0xff,
    0xff, 0xff, 0xff, 0xff, 0xff, 0xff, 0x00, 0x00, 0x00, 0xff, 0xff, 0xff, 0xff, 0xff, 0xff, 0xff,
    0xff, 0xff, 0xff, 0xff, 0xff, 0xff, 0xff, 0xff, 0xff, 0x00, 0xff, 0xff, 0xff, 0xff, 0xff, 0xff,
    0xff, 0xff, 0xff, 0xff, 0xff, 0xff, 0xff, 0xff, 0xff, 0xff, 0xff, 0xff, 0xff, 0xff, 0xff, 0xff,
    0xff, 0xff, 0xff, 0xff, 0xff, 0xff, 0xff, 0xff, 0xff, 0xff, 0xff, 0xff, 0xff, 0xff, 0xff, 0xff,
    0xff, 0xff, 0xff, 0xff, 0xff, 0xff, 0xff, 0xff, 0xff, 0xff, 0xff, 0xff, 0xff, 0xff, 0xff, 0xff,
    0xff, 0xff, 0xff, 0xff, 0xff, 0xff, 0xff, 0xff, 0xff, 0xff, 0xff, 0xff, 0xff, 0xff, 0xff, 0xff,
    0xff, 0xff, 0x00, 0xff, 0xff, 0xff, 0xff, 0xff, 0xff, 0xff, 0xff, 0xff, 0xff, 0xff, 0xff, 0xff,
    0xff, 0xff, 0xff, 0x00, 0x00, 0x00, 0xff, 0xff, 0xff, 0xff, 0xff, 0xff, 0xff, 0xff, 0xff, 0xff,
    0xff, 0xff, 0xff, 0xff, 0x00, 0x00, 0x00, 0x00, 0x00, 0xff, 0xff, 0xff, 0xff, 0xff, 0xff, 0xff,
    0xff, 0xff, 0xff, 0xff, 0xff, 0x00, 0x00, 0x00, 0x00, 0x00, 0x00, 0x00, 0xff, 0xff, 0xff, 0xff,
    0xff, 0xff, 0xff, 0xff, 0xff, 0xff, 0x00, 0x00, 0x00, 0x00, 0x00, 0x00, 0x00, 0x00, 0x00, 0xff,
    0xff, 0x00, 0xff, 0xff, 0x00, 0xff, 0xff, 0x00, 0x00, 0x00, 0x00, 0x00,
};
const lv_image_dsc_t shooter_enemy3 = {
    .header = {
        .magic  = LV_IMAGE_HEADER_MAGIC,
        .cf     = LV_COLOR_FORMAT_RGB565A8,
        .flags  = 0,
        .w      = 18,
        .h      = 14,
        .stride = 18 * 2,
    },
    .data_size = sizeof(shooter_enemy3_data),
    .data = shooter_enemy3_data,
};

/* ---- shooter_boom_p1  (29x24) ---- */
static const uint8_t shooter_boom_p1_data[] = {
    /* RGB565 colour plane (little-endian) */
    0x00, 0x00, 0x00, 0x00, 0x00, 0x00, 0x00, 0x00, 0x00, 0x00, 0x00, 0x00, 0x00, 0x00, 0x00, 0x00,
    0x00, 0x00, 0x00, 0x00, 0x00, 0x00, 0x00, 0x00, 0x00, 0x00, 0x00, 0x00, 0xc4, 0x18, 0x00, 0x00,
    0x00, 0x00, 0x00, 0x00, 0x00, 0x00, 0x00, 0x00, 0x00, 0x00, 0x00, 0x00, 0x00, 0x00, 0x00, 0x00,
    0x00, 0x00, 0x00, 0x00, 0x00, 0x00, 0x00, 0x00, 0x00, 0x00, 0x00, 0x00, 0x00, 0x00, 0x00, 0x00,
    0x00, 0x00, 0x00, 0x00, 0xc4, 0x18, 0x00, 0x00, 0x00, 0x00, 0x00, 0x00, 0x00, 0x00, 0x00, 0x00,
    0x00, 0x00, 0x00, 0x00, 0x00, 0x00, 0xc4, 0x18, 0x00, 0x00, 0x00, 0x00, 0x00, 0x00, 0x00, 0x00,
    0x00, 0x00, 0x00, 0x00, 0x00, 0x00, 0x00, 0x00, 0xc4, 0x18, 0x00, 0x00, 0x00, 0x00, 0x00, 0x00,
    0x00, 0x00, 0x00, 0x00, 0x00, 0x00, 0x00, 0x00, 0x00, 0x00, 0x00, 0x00, 0x00, 0x00, 0x00, 0x00,
    0xc4, 0x18, 0x00, 0x00, 0x00, 0x00, 0x00, 0x00, 0x00, 0x00, 0x00, 0x00, 0x00, 0x00, 0x00, 0x00,
    0xdf, 0xff, 0x00, 0x00, 0x00, 0x00, 0x00, 0x00, 0x00, 0x00, 0x00, 0x00, 0x00, 0x00, 0x00, 0x00,
    0xc4, 0x18, 0x00, 0x00, 0x00, 0x00, 0x00, 0x00, 0x00, 0x00, 0x00, 0x00, 0x00, 0x00, 0x00, 0x00,
    0x00, 0x00, 0x00, 0x00, 0x00, 0x00, 0x00, 0x00, 0x00, 0x00, 0x00, 0x00, 0xc4, 0x18, 0x00, 0x00,
    0x00, 0x00, 0x00, 0x00, 0x00, 0x00, 0x00, 0x00, 0xdf, 0xff, 0xdf, 0xff, 0xdf, 0xff, 0x00, 0x00,
    0x00, 0x00, 0x00, 0x00, 0x00, 0x00, 0x00, 0x00, 0xc4, 0x18, 0x00, 0x00, 0x00, 0x00, 0x00, 0x00,
    0x00, 0x00, 0x00, 0x00, 0x00, 0x00, 0x00, 0x00, 0x00, 0x00, 0x00, 0x00, 0x00, 0x00, 0x00, 0x00,
    0x00, 0x00, 0x00, 0x00, 0x00, 0x00, 0x00, 0x00, 0xc4, 0x18, 0x00, 0x00, 0x00, 0x00, 0x00, 0x00,
    0xdf, 0xff, 0xdf, 0xff, 0xdf, 0xff, 0xdf, 0xff, 0xdf, 0xff, 0x00, 0x00, 0x00, 0x00, 0x00, 0x00,
    0xc4, 0x18, 0x00, 0x00, 0x00, 0x00, 0x00, 0x00, 0x00, 0x00, 0x00, 0x00, 0x00, 0x00, 0x00, 0x00,
    0x00, 0x00, 0x00, 0x00, 0x00, 0x00, 0x00, 0x00, 0x00, 0x00, 0x00, 0x00, 0x00, 0x00, 0x00, 0x00,
    0x00, 0x00, 0x00, 0x00, 0xc4, 0x18, 0x00, 0x00, 0xdf, 0xff, 0xdf, 0xff, 0xdf, 0xff, 0x59, 0xeb,
    0xdf, 0xff, 0xdf, 0xff, 0xdf, 0xff, 0x00, 0x00, 0xc4, 0x18, 0x00, 0x00, 0x00, 0x00, 0x00, 0x00,
    0x00, 0x00, 0x00, 0x00, 0x00, 0x00, 0x00, 0x00, 0x00, 0x00, 0x00, 0x00, 0x00, 0x00, 0x00, 0x00,
    0x00, 0x00, 0x00, 0x00, 0xc4, 0x18, 0x00, 0x00, 0x00, 0x00, 0x00, 0x00, 0x00, 0x00, 0x00, 0x00,
    0xdf, 0xff, 0xdf, 0xff, 0xdf, 0xff, 0x59, 0xeb, 0x59, 0xeb, 0x59, 0xeb, 0xdf, 0xff, 0xdf, 0xff,
    0xdf, 0xff, 0x00, 0x00, 0x00, 0x00, 0x00, 0x00, 0x00, 0x00, 0x00, 0x00, 0xc4, 0x18, 0x00, 0x00,
    0x00, 0x00, 0x00, 0x00, 0x00, 0x00, 0x00, 0x00, 0x00, 0x00, 0x00, 0x00, 0x00, 0x00, 0x00, 0x00,
    0xc4, 0x18, 0xc4, 0x18, 0x00, 0x00, 0x00, 0x00, 0xdf, 0xff, 0xdf, 0xff, 0xdf, 0xff, 0x59, 0xeb,
    0x59, 0xeb, 0x59, 0xeb, 0x59, 0xeb, 0x59, 0xeb, 0xdf, 0xff, 0xdf, 0xff, 0xdf, 0xff, 0x00, 0x00,
    0x00, 0x00, 0xc4, 0x18, 0xc4, 0x18, 0x00, 0x00, 0x00, 0x00, 0x00, 0x00, 0x00, 0x00, 0x00, 0x00,
    0x00, 0x00, 0x00, 0x00, 0x00, 0x00, 0x00, 0x00, 0x00, 0x00, 0x00, 0x00, 0x00, 0x00, 0xc4, 0x18,
    0xdf, 0xff, 0xdf, 0xff, 0xdf, 0xff, 0x59, 0xeb, 0x59, 0xeb, 0x59, 0xeb, 0x59, 0xeb, 0x59, 0xeb,
    0x59, 0xeb, 0x59, 0xeb, 0xdf, 0xff, 0xdf, 0xff, 0xdf, 0xff, 0xc4, 0x18, 0x00, 0x00, 0x00, 0x00,
    0x00, 0x00, 0x00, 0x00, 0x00, 0x00, 0x00, 0x00, 0x00, 0x00, 0x00, 0x00, 0xc4, 0x18, 0x00, 0x00,
    0x00, 0x00, 0x00, 0x00, 0x00, 0x00, 0xdf, 0xff, 0xdf, 0xff, 0xdf, 0xff, 0xdf, 0xff, 0x59, 0xeb,
    0x59, 0xeb, 0x59, 0xeb, 0x59, 0xeb, 0x59, 0xeb, 0x59, 0xeb, 0x59, 0xeb, 0x59, 0xeb, 0x59, 0xeb,
    0xdf, 0xff, 0xdf, 0xff, 0xdf, 0xff, 0xdf, 0xff, 0x00, 0x00, 0x00, 0x00, 0x00, 0x00, 0x00, 0x00,
    0xc4, 0x18, 0x00, 0x00, 0x00, 0x00, 0x00, 0x00, 0xc4, 0x18, 0xc4, 0x18, 0xdf, 0xff, 0xdf, 0xff,
    0xdf, 0xff, 0xdf, 0xff, 0x59, 0xeb, 0x59, 0xeb, 0x59, 0xeb, 0x59, 0xeb, 0x59, 0xeb, 0x59, 0xeb,
    0x59, 0xeb, 0x59, 0xeb, 0x59, 0xeb, 0x59, 0xeb, 0x59, 0xeb, 0x59, 0xeb, 0x59, 0xeb, 0xdf, 0xff,
    0xdf, 0xff, 0xdf, 0xff, 0xdf, 0xff, 0xc4, 0x18, 0xc4, 0x18, 0x00, 0x00, 0x00, 0x00, 0x00, 0x00,
    0x00, 0x00, 0x00, 0x00, 0x00, 0x00, 0x00, 0x00, 0xdf, 0xff, 0xdf, 0xff, 0xdf, 0xff, 0x59, 0xeb,
    0x59, 0xeb, 0x59, 0xeb, 0x59, 0xeb, 0x59, 0xeb, 0x59, 0xeb, 0x59, 0xeb, 0x59, 0xeb, 0x59, 0xeb,
    0x59, 0xeb, 0x59, 0xeb, 0x59, 0xeb, 0x59, 0xeb, 0xdf, 0xff, 0xdf, 0xff, 0xdf, 0xff, 0x00, 0x00,
    0x00, 0x00, 0x00, 0x00, 0x00, 0x00, 0x00, 0x00, 0x00, 0x00, 0xc4, 0x18, 0x00, 0x00, 0x00, 0x00,
    0x00, 0x00, 0x00, 0x00, 0xdf, 0xff, 0xdf, 0xff, 0xdf, 0xff, 0xdf, 0xff, 0x59, 0xeb, 0x59, 0xeb,
    0x59, 0xeb, 0x59, 0xeb, 0x59, 0xeb, 0x59, 0xeb, 0x59, 0xeb, 0x59, 0xeb, 0x59, 0xeb, 0xdf, 0xff,
    0xdf, 0xff, 0xdf, 0xff, 0xdf, 0xff, 0x00, 0x00, 0x00, 0x00, 0x00, 0x00, 0x00, 0x00, 0xc4, 0x18,
    0x00, 0x00, 0x00, 0x00, 0x00, 0x00, 0x00, 0x00, 0x00, 0x00, 0x00, 0x00, 0x00, 0x00, 0x00, 0x00,
    0xc4, 0x18, 0xdf, 0xff, 0xdf, 0xff, 0xdf, 0xff, 0x59, 0xeb, 0x59, 0xeb, 0x59, 0xeb, 0x59, 0xeb,
    0x59, 0xeb, 0x59, 0xeb, 0x59, 0xeb, 0xdf, 0xff, 0xdf, 0xff, 0xdf, 0xff, 0xc4, 0x18, 0x00, 0x00,
    0x00, 0x00, 0x00, 0x00, 0x00, 0x00, 0x00, 0x00, 0x00, 0x00, 0x00, 0x00, 0x00, 0x00, 0x00, 0x00,
    0x00, 0x00, 0x00, 0x00, 0x00, 0x00, 0xc4, 0x18, 0xc4, 0x18, 0x00, 0x00, 0x00, 0x00, 0xdf, 0xff,
    0xdf, 0xff, 0xdf, 0xff, 0x59, 0xeb, 0x59, 0xeb, 0x59, 0xeb, 0x59, 0xeb, 0x59, 0xeb, 0xdf, 0xff,
    0xdf, 0xff, 0xdf, 0xff, 0x00, 0x00, 0x00, 0x00, 0xc4, 0x18, 0xc4, 0x18, 0x00, 0x00, 0x00, 0x00,
    0x00, 0x00, 0x00, 0x00, 0x00, 0x00, 0x00, 0x00, 0x00, 0x00, 0x00, 0x00, 0x00, 0x00, 0xc4, 0x18,
    0x00, 0x00, 0x00, 0x00, 0x00, 0x00, 0x00, 0x00, 0x00, 0x00, 0xdf, 0xff, 0xdf, 0xff, 0xdf, 0xff,
    0x59, 0xeb, 0x59, 0xeb, 0x59, 0xeb, 0xdf, 0xff, 0xdf, 0xff, 0xdf, 0xff, 0x00, 0x00, 0x00, 0x00,
    0x00, 0x00, 0x00, 0x00, 0x00, 0x00, 0xc4, 0x18, 0x00, 0x00, 0x00, 0x00, 0x00, 0x00, 0x00, 0x00,
    0x00, 0x00, 0x00, 0x00, 0x00, 0x00, 0x00, 0x00, 0x00, 0x00, 0x00, 0x00, 0x00, 0x00, 0x00, 0x00,
    0x00, 0x00, 0xc4, 0x18, 0x00, 0x00, 0xdf, 0xff, 0xdf, 0xff, 0xdf, 0xff, 0x59, 0xeb, 0xdf, 0xff,
    0xdf, 0xff, 0xdf, 0xff, 0x00, 0x00, 0xc4, 0x18, 0x00, 0x00, 0x00, 0x00, 0x00, 0x00, 0x00, 0x00,
    0x00, 0x00, 0x00, 0x00, 0x00, 0x00, 0x00, 0x00, 0x00, 0x00, 0x00, 0x00, 0x00, 0x00, 0x00, 0x00,
    0x00, 0x00, 0x00, 0x00, 0x00, 0x00, 0x00, 0x00, 0x00, 0x00, 0xc4, 0x18, 0x00, 0x00, 0x00, 0x00,
    0x00, 0x00, 0xdf, 0xff, 0xdf, 0xff, 0xdf, 0xff, 0xdf, 0xff, 0xdf, 0xff, 0x00, 0x00, 0x00, 0x00,
    0x00, 0x00, 0xc4, 0x18, 0x00, 0x00, 0x00, 0x00, 0x00, 0x00, 0x00, 0x00, 0x00, 0x00, 0x00, 0x00,
    0x00, 0x00, 0x00, 0x00, 0x00, 0x00, 0x00, 0x00, 0x00, 0x00, 0x00, 0x00, 0x00, 0x00, 0x00, 0x00,
    0x00, 0x00, 0xc4, 0x18, 0x00, 0x00, 0x00, 0x00, 0x00, 0x00, 0x00, 0x00, 0x00, 0x00, 0xdf, 0xff,
    0xdf, 0xff, 0xdf, 0xff, 0x00, 0x00, 0x00, 0x00, 0x00, 0x00, 0x00, 0x00, 0x00, 0x00, 0xc4, 0x18,
    0x00, 0x00, 0x00, 0x00, 0x00, 0x00, 0x00, 0x00, 0x00, 0x00, 0x00, 0x00, 0x00, 0x00, 0x00, 0x00,
    0x00, 0x00, 0x00, 0x00, 0x00, 0x00, 0x00, 0x00, 0x00, 0x00, 0xc4, 0x18, 0x00, 0x00, 0x00, 0x00,
    0x00, 0x00, 0x00, 0x00, 0x00, 0x00, 0x00, 0x00, 0x00, 0x00, 0xdf, 0xff, 0x00, 0x00, 0x00, 0x00,
    0x00, 0x00, 0x00, 0x00, 0x00, 0x00, 0x00, 0x00, 0x00, 0x00, 0xc4, 0x18, 0x00, 0x00, 0x00, 0x00,
    0x00, 0x00, 0x00, 0x00, 0x00, 0x00, 0x00, 0x00, 0x00, 0x00, 0x00, 0x00, 0x00, 0x00, 0x00, 0x00,
    0x00, 0x00, 0xc4, 0x18, 0x00, 0x00, 0x00, 0x00, 0x00, 0x00, 0x00, 0x00, 0x00, 0x00, 0x00, 0x00,
    0x00, 0x00, 0x00, 0x00, 0xc4, 0x18, 0x00, 0x00, 0x00, 0x00, 0x00, 0x00, 0x00, 0x00, 0x00, 0x00,
    0x00, 0x00, 0x00, 0x00, 0x00, 0x00, 0xc4, 0x18, 0x00, 0x00, 0x00, 0x00, 0x00, 0x00, 0x00, 0x00,
    0x00, 0x00, 0x00, 0x00, 0x00, 0x00, 0x00, 0x00, 0x00, 0x00, 0x00, 0x00, 0x00, 0x00, 0x00, 0x00,
    0x00, 0x00, 0x00, 0x00, 0x00, 0x00, 0x00, 0x00, 0x00, 0x00, 0x00, 0x00, 0x00, 0x00, 0xc4, 0x18,
    0x00, 0x00, 0x00, 0x00, 0x00, 0x00, 0x00, 0x00, 0x00, 0x00, 0x00, 0x00, 0x00, 0x00, 0x00, 0x00,
    0x00, 0x00, 0x00, 0x00, 0x00, 0x00, 0x00, 0x00, 0x00, 0x00, 0x00, 0x00, 0x00, 0x00, 0x00, 0x00,
    0x00, 0x00, 0x00, 0x00, 0x00, 0x00, 0x00, 0x00, 0x00, 0x00, 0x00, 0x00, 0x00, 0x00, 0x00, 0x00,
    0x00, 0x00, 0x00, 0x00, 0x00, 0x00, 0x00, 0x00, 0x00, 0x00, 0x00, 0x00, 0x00, 0x00, 0x00, 0x00,
    0x00, 0x00, 0x00, 0x00, 0x00, 0x00, 0x00, 0x00, 0x00, 0x00, 0x00, 0x00, 0x00, 0x00, 0x00, 0x00,
    0x00, 0x00, 0x00, 0x00, 0x00, 0x00, 0x00, 0x00, 0x00, 0x00, 0x00, 0x00, 0x00, 0x00, 0x00, 0x00,
    0x00, 0x00, 0x00, 0x00, 0x00, 0x00, 0x00, 0x00, 0x00, 0x00, 0x00, 0x00, 0x00, 0x00, 0x00, 0x00,
    0x00, 0x00, 0x00, 0x00, 0x00, 0x00, 0x00, 0x00, 0x00, 0x00, 0x00, 0x00, 0x00, 0x00, 0x00, 0x00,
    0x00, 0x00, 0x00, 0x00, 0x00, 0x00, 0x00, 0x00, 0x00, 0x00, 0x00, 0x00, 0x00, 0x00, 0x00, 0x00,
    /* Alpha plane (0=transparent, 0xFF=opaque) */
    0x00, 0x00, 0x00, 0x00, 0x00, 0x00, 0x00, 0x00, 0x00, 0x00, 0x00, 0x00, 0x00, 0x00, 0xff, 0x00,
    0x00, 0x00, 0x00, 0x00, 0x00, 0x00, 0x00, 0x00, 0x00, 0x00, 0x00, 0x00, 0x00, 0x00, 0x00, 0x00,
    0x00, 0x00, 0xff, 0x00, 0x00, 0x00, 0x00, 0x00, 0x00, 0x00, 0x00, 0xff, 0x00, 0x00, 0x00, 0x00,
    0x00, 0x00, 0x00, 0x00, 0xff, 0x00, 0x00, 0x00, 0x00, 0x00, 0x00, 0x00, 0x00, 0x00, 0x00, 0x00,
    0xff, 0x00, 0x00, 0x00, 0x00, 0x00, 0x00, 0x00, 0xff, 0x00, 0x00, 0x00, 0x00, 0x00, 0x00, 0x00,
    0xff, 0x00, 0x00, 0x00, 0x00, 0x00, 0x00, 0x00, 0x00, 0x00, 0x00, 0x00, 0x00, 0x00, 0xff, 0x00,
    0x00, 0x00, 0x00, 0x00, 0xff, 0xff, 0xff, 0x00, 0x00, 0x00, 0x00, 0x00, 0xff, 0x00, 0x00, 0x00,
    0x00, 0x00, 0x00, 0x00, 0x00, 0x00, 0x00, 0x00, 0x00, 0x00, 0x00, 0x00, 0xff, 0x00, 0x00, 0x00,
    0xff, 0xff, 0xff, 0xff, 0xff, 0x00, 0x00, 0x00, 0xff, 0x00, 0x00, 0x00, 0x00, 0x00, 0x00, 0x00,
    0x00, 0x00, 0x00, 0x00, 0x00, 0x00, 0x00, 0x00, 0x00, 0x00, 0xff, 0x00, 0xff, 0xff, 0xff, 0xff,
    0xff, 0xff, 0xff, 0x00, 0xff, 0x00, 0x00, 0x00, 0x00, 0x00, 0x00, 0x00, 0x00, 0x00, 0x00, 0x00,
    0x00, 0x00, 0xff, 0x00, 0x00, 0x00, 0x00, 0x00, 0xff, 0xff, 0xff, 0xff, 0xff, 0xff, 0xff, 0xff,
    0xff, 0x00, 0x00, 0x00, 0x00, 0x00, 0xff, 0x00, 0x00, 0x00, 0x00, 0x00, 0x00, 0x00, 0x00, 0x00,
    0xff, 0xff, 0x00, 0x00, 0xff, 0xff, 0xff, 0xff, 0xff, 0xff, 0xff, 0xff, 0xff, 0xff, 0xff, 0x00,
    0x00, 0xff, 0xff, 0x00, 0x00, 0x00, 0x00, 0x00, 0x00, 0x00, 0x00, 0x00, 0x00, 0x00, 0x00, 0xff,
    0xff, 0xff, 0xff, 0xff, 0xff, 0xff, 0xff, 0xff, 0xff, 0xff, 0xff, 0xff, 0xff, 0xff, 0x00, 0x00,
    0x00, 0x00, 0x00, 0x00, 0x00, 0x00, 0xff, 0x00, 0x00, 0x00, 0x00, 0xff, 0xff, 0xff, 0xff, 0xff,
    0xff, 0xff, 0xff, 0xff, 0xff, 0xff, 0xff, 0xff, 0xff, 0xff, 0xff, 0xff, 0x00, 0x00, 0x00, 0x00,
    0xff, 0x00, 0x00, 0x00, 0xff, 0xff, 0xff, 0xff, 0xff, 0xff, 0xff, 0xff, 0xff, 0xff, 0xff, 0xff,
    0xff, 0xff, 0xff, 0xff, 0xff, 0xff, 0xff, 0xff, 0xff, 0xff, 0xff, 0xff, 0xff, 0x00, 0x00, 0x00,
    0x00, 0x00, 0x00, 0x00, 0xff, 0xff, 0xff, 0xff, 0xff, 0xff, 0xff, 0xff, 0xff, 0xff, 0xff, 0xff,
    0xff, 0xff, 0xff, 0xff, 0xff, 0xff, 0xff, 0x00, 0x00, 0x00, 0x00, 0x00, 0x00, 0xff, 0x00, 0x00,
    0x00, 0x00, 0xff, 0xff, 0xff, 0xff, 0xff, 0xff, 0xff, 0xff, 0xff, 0xff, 0xff, 0xff, 0xff, 0xff,
    0xff, 0xff, 0xff, 0x00, 0x00, 0x00, 0x00, 0xff, 0x00, 0x00, 0x00, 0x00, 0x00, 0x00, 0x00, 0x00,
    0xff, 0xff, 0xff, 0xff, 0xff, 0xff, 0xff, 0xff, 0xff, 0xff, 0xff, 0xff, 0xff, 0xff, 0xff, 0x00,
    0x00, 0x00, 0x00, 0x00, 0x00, 0x00, 0x00, 0x00, 0x00, 0x00, 0x00, 0xff, 0xff, 0x00, 0x00, 0xff,
    0xff, 0xff, 0xff, 0xff, 0xff, 0xff, 0xff, 0xff, 0xff, 0xff, 0x00, 0x00, 0xff, 0xff, 0x00, 0x00,
    0x00, 0x00, 0x00, 0x00, 0x00, 0x00, 0x00, 0xff, 0x00, 0x00, 0x00, 0x00, 0x00, 0xff, 0xff, 0xff,
    0xff, 0xff, 0xff, 0xff, 0xff, 0xff, 0x00, 0x00, 0x00, 0x00, 0x00, 0xff, 0x00, 0x00, 0x00, 0x00,
    0x00, 0x00, 0x00, 0x00, 0x00, 0x00, 0x00, 0x00, 0x00, 0xff, 0x00, 0xff, 0xff, 0xff, 0xff, 0xff,
    0xff, 0xff, 0x00, 0xff, 0x00, 0x00, 0x00, 0x00, 0x00, 0x00, 0x00, 0x00, 0x00, 0x00, 0x00, 0x00,
    0x00, 0x00, 0x00, 0x00, 0x00, 0xff, 0x00, 0x00, 0x00, 0xff, 0xff, 0xff, 0xff, 0xff, 0x00, 0x00,
    0x00, 0xff, 0x00, 0x00, 0x00, 0x00, 0x00, 0x00, 0x00, 0x00, 0x00, 0x00, 0x00, 0x00, 0x00, 0x00,
    0x00, 0xff, 0x00, 0x00, 0x00, 0x00, 0x00, 0xff, 0xff, 0xff, 0x00, 0x00, 0x00, 0x00, 0x00, 0xff,
    0x00, 0x00, 0x00, 0x00, 0x00, 0x00, 0x00, 0x00, 0x00, 0x00, 0x00, 0x00, 0x00, 0xff, 0x00, 0x00,
    0x00, 0x00, 0x00, 0x00, 0x00, 0xff, 0x00, 0x00, 0x00, 0x00, 0x00, 0x00, 0x00, 0xff, 0x00, 0x00,
    0x00, 0x00, 0x00, 0x00, 0x00, 0x00, 0x00, 0x00, 0x00, 0xff, 0x00, 0x00, 0x00, 0x00, 0x00, 0x00,
    0x00, 0x00, 0xff, 0x00, 0x00, 0x00, 0x00, 0x00, 0x00, 0x00, 0x00, 0xff, 0x00, 0x00, 0x00, 0x00,
    0x00, 0x00, 0x00, 0x00, 0x00, 0x00, 0x00, 0x00, 0x00, 0x00, 0x00, 0x00, 0x00, 0x00, 0x00, 0xff,
    0x00, 0x00, 0x00, 0x00, 0x00, 0x00, 0x00, 0x00, 0x00, 0x00, 0x00, 0x00, 0x00, 0x00, 0x00, 0x00,
    0x00, 0x00, 0x00, 0x00, 0x00, 0x00, 0x00, 0x00, 0x00, 0x00, 0x00, 0x00, 0x00, 0x00, 0x00, 0x00,
    0x00, 0x00, 0x00, 0x00, 0x00, 0x00, 0x00, 0x00, 0x00, 0x00, 0x00, 0x00, 0x00, 0x00, 0x00, 0x00,
    0x00, 0x00, 0x00, 0x00, 0x00, 0x00, 0x00, 0x00, 0x00, 0x00, 0x00, 0x00, 0x00, 0x00, 0x00, 0x00,
    0x00, 0x00, 0x00, 0x00, 0x00, 0x00, 0x00, 0x00,
};
const lv_image_dsc_t shooter_boom_p1 = {
    .header = {
        .magic  = LV_IMAGE_HEADER_MAGIC,
        .cf     = LV_COLOR_FORMAT_RGB565A8,
        .flags  = 0,
        .w      = 29,
        .h      = 24,
        .stride = 29 * 2,
    },
    .data_size = sizeof(shooter_boom_p1_data),
    .data = shooter_boom_p1_data,
};

/* ---- shooter_boom_p2  (29x24) ---- */
static const uint8_t shooter_boom_p2_data[] = {
    /* RGB565 colour plane (little-endian) */
    0x00, 0x00, 0x00, 0x00, 0x00, 0x00, 0xc4, 0x18, 0x00, 0x00, 0x00, 0x00, 0x00, 0x00, 0x00, 0x00,
    0x00, 0x00, 0x00, 0x00, 0xc4, 0x18, 0x00, 0x00, 0x00, 0x00, 0x00, 0x00, 0x00, 0x00, 0x00, 0x00,
    0x00, 0x00, 0x00, 0x00, 0x00, 0x00, 0xc4, 0x18, 0x00, 0x00, 0x00, 0x00, 0x00, 0x00, 0x00, 0x00,
    0x00, 0x00, 0xc4, 0x18, 0x00, 0x00, 0x00, 0x00, 0x00, 0x00, 0x00, 0x00, 0xc4, 0x18, 0x00, 0x00,
    0x00, 0x00, 0xc4, 0x18, 0x00, 0x00, 0x00, 0x00, 0x00, 0x00, 0x00, 0x00, 0xc4, 0x18, 0x00, 0x00,
    0x00, 0x00, 0xc4, 0x18, 0xc4, 0x18, 0xc4, 0x18, 0xc4, 0x18, 0x00, 0x00, 0x00, 0x00, 0xc4, 0x18,
    0x00, 0x00, 0x00, 0x00, 0x00, 0x00, 0x00, 0x00, 0xc4, 0x18, 0x00, 0x00, 0x00, 0x00, 0xc4, 0x18,
    0x00, 0x00, 0x00, 0x00, 0x00, 0x00, 0x00, 0x00, 0xc4, 0x18, 0x00, 0x00, 0x00, 0x00, 0xc4, 0x18,
    0x00, 0x00, 0x00, 0x00, 0xc4, 0x18, 0x00, 0x00, 0x00, 0x00, 0xc4, 0x18, 0xdf, 0xff, 0xdf, 0xff,
    0xdf, 0xff, 0xdf, 0xff, 0xc4, 0x18, 0x00, 0x00, 0x00, 0x00, 0xc4, 0x18, 0x00, 0x00, 0x00, 0x00,
    0xc4, 0x18, 0x00, 0x00, 0x00, 0x00, 0xc4, 0x18, 0x00, 0x00, 0x00, 0x00, 0x00, 0x00, 0xc4, 0x18,
    0x00, 0x00, 0x00, 0x00, 0x00, 0x00, 0xc4, 0x18, 0x00, 0x00, 0x00, 0x00, 0xc4, 0x18, 0x00, 0x00,
    0x00, 0x00, 0xc4, 0x18, 0xdf, 0xff, 0xdf, 0xff, 0x59, 0x8a, 0x59, 0x8a, 0xdf, 0xff, 0xdf, 0xff,
    0xc4, 0x18, 0x00, 0x00, 0x00, 0x00, 0xc4, 0x18, 0x00, 0x00, 0x00, 0x00, 0xc4, 0x18, 0x00, 0x00,
    0x00, 0x00, 0x00, 0x00, 0xc4, 0x18, 0x00, 0x00, 0x00, 0x00, 0xc4, 0x18, 0x00, 0x00, 0x00, 0x00,
    0x00, 0x00, 0xc4, 0x18, 0x00, 0x00, 0x00, 0x00, 0x00, 0x00, 0xc4, 0x18, 0xdf, 0xff, 0x59, 0x8a,
    0x59, 0x8a, 0x59, 0xeb, 0x59, 0xeb, 0x59, 0x8a, 0x59, 0x8a, 0xdf, 0xff, 0xc4, 0x18, 0x00, 0x00,
    0x00, 0x00, 0x00, 0x00, 0xc4, 0x18, 0x00, 0x00, 0x00, 0x00, 0x00, 0x00, 0xc4, 0x18, 0x00, 0x00,
    0x00, 0x00, 0x00, 0x00, 0x00, 0x00, 0xc4, 0x18, 0x00, 0x00, 0x00, 0x00, 0x00, 0x00, 0xc4, 0x18,
    0x00, 0x00, 0xc4, 0x18, 0xdf, 0xff, 0x59, 0x8a, 0x59, 0xeb, 0x59, 0xeb, 0x59, 0xeb, 0x59, 0xeb,
    0x59, 0xeb, 0x59, 0xeb, 0x59, 0x8a, 0xdf, 0xff, 0xc4, 0x18, 0x00, 0x00, 0xc4, 0x18, 0x00, 0x00,
    0x00, 0x00, 0x00, 0x00, 0xc4, 0x18, 0x00, 0x00, 0x00, 0x00, 0x00, 0x00, 0xc4, 0x18, 0x00, 0x00,
    0x00, 0x00, 0xc4, 0x18, 0x00, 0x00, 0x00, 0x00, 0x00, 0x00, 0xc4, 0x18, 0xdf, 0xff, 0x59, 0x8a,
    0x59, 0xeb, 0x59, 0xeb, 0x59, 0xeb, 0x59, 0xeb, 0x59, 0xeb, 0x59, 0xeb, 0x59, 0xeb, 0x59, 0xeb,
    0x59, 0x8a, 0xdf, 0xff, 0xc4, 0x18, 0x00, 0x00, 0x00, 0x00, 0x00, 0x00, 0xc4, 0x18, 0x00, 0x00,
    0x00, 0x00, 0xc4, 0x18, 0x00, 0x00, 0x00, 0x00, 0xc4, 0x18, 0xc4, 0x18, 0x00, 0x00, 0x00, 0x00,
    0x00, 0x00, 0xc4, 0x18, 0xdf, 0xff, 0x59, 0x8a, 0x59, 0xeb, 0x59, 0xeb, 0x59, 0xeb, 0x59, 0xeb,
    0x59, 0xeb, 0x59, 0xeb, 0x59, 0xeb, 0x59, 0xeb, 0x59, 0xeb, 0x59, 0xeb, 0x59, 0x8a, 0xdf, 0xff,
    0xc4, 0x18, 0x00, 0x00, 0x00, 0x00, 0x00, 0x00, 0xc4, 0x18, 0xc4, 0x18, 0x00, 0x00, 0x00, 0x00,
    0x00, 0x00, 0x00, 0x00, 0x00, 0x00, 0x00, 0x00, 0xc4, 0x18, 0xc4, 0x18, 0xdf, 0xff, 0x59, 0x8a,
    0x59, 0xeb, 0x59, 0xeb, 0x59, 0xeb, 0x59, 0xeb, 0x59, 0xeb, 0x59, 0xeb, 0x59, 0xeb, 0x59, 0xeb,
    0x59, 0xeb, 0x59, 0xeb, 0x59, 0xeb, 0x59, 0xeb, 0x59, 0x8a, 0xdf, 0xff, 0xc4, 0x18, 0xc4, 0x18,
    0x00, 0x00, 0x00, 0x00, 0x00, 0x00, 0x00, 0x00, 0x00, 0x00, 0x00, 0x00, 0xc4, 0x18, 0x00, 0x00,
    0x00, 0x00, 0xc4, 0x18, 0xdf, 0xff, 0x59, 0x8a, 0x59, 0xeb, 0x59, 0xeb, 0x59, 0xeb, 0x59, 0xeb,
    0x59, 0xeb, 0x59, 0xeb, 0x59, 0xeb, 0x59, 0xeb, 0x59, 0xeb, 0x59, 0xeb, 0x59, 0xeb, 0x59, 0xeb,
    0x59, 0xeb, 0x59, 0xeb, 0x59, 0x8a, 0xdf, 0xff, 0xc4, 0x18, 0x00, 0x00, 0x00, 0x00, 0xc4, 0x18,
    0x00, 0x00, 0x00, 0x00, 0x00, 0x00, 0x00, 0x00, 0xc4, 0x18, 0xc4, 0x18, 0xdf, 0xff, 0x59, 0x8a,
    0x59, 0xeb, 0x59, 0xeb, 0x59, 0xeb, 0x59, 0xeb, 0x59, 0xeb, 0x59, 0xeb, 0x59, 0xeb, 0x59, 0xeb,
    0x59, 0xeb, 0x59, 0xeb, 0x59, 0xeb, 0x59, 0xeb, 0x59, 0xeb, 0x59, 0xeb, 0x59, 0xeb, 0x59, 0xeb,
    0x59, 0x8a, 0xdf, 0xff, 0xc4, 0x18, 0xc4, 0x18, 0x00, 0x00, 0x00, 0x00, 0x00, 0x00, 0xc4, 0x18,
    0xc4, 0x18, 0xdf, 0xff, 0x59, 0x8a, 0x59, 0xeb, 0x59, 0xeb, 0x59, 0xeb, 0x59, 0xeb, 0x59, 0xeb,
    0x59, 0xeb, 0x59, 0xeb, 0x59, 0xeb, 0x59, 0xeb, 0x59, 0xeb, 0x59, 0xeb, 0x59, 0xeb, 0x59, 0xeb,
    0x59, 0xeb, 0x59, 0xeb, 0x59, 0xeb, 0x59, 0xeb, 0x59, 0xeb, 0x59, 0xeb, 0x59, 0xeb, 0x59, 0x8a,
    0xdf, 0xff, 0xc4, 0x18, 0xc4, 0x18, 0x00, 0x00, 0x00, 0x00, 0x00, 0x00, 0xc4, 0x18, 0xc4, 0x18,
    0xdf, 0xff, 0x59, 0x8a, 0x59, 0xeb, 0x59, 0xeb, 0x59, 0xeb, 0x59, 0xeb, 0x59, 0xeb, 0x59, 0xeb,
    0x59, 0xeb, 0x59, 0xeb, 0x59, 0xeb, 0x59, 0xeb, 0x59, 0xeb, 0x59, 0xeb, 0x59, 0xeb, 0x59, 0xeb,
    0x59, 0xeb, 0x59, 0xeb, 0x59, 0x8a, 0xdf, 0xff, 0xc4, 0x18, 0xc4, 0x18, 0x00, 0x00, 0x00, 0x00,
    0x00, 0x00, 0x00, 0x00, 0xc4, 0x18, 0x00, 0x00, 0x00, 0x00, 0xc4, 0x18, 0xdf, 0xff, 0x59, 0x8a,
    0x59, 0xeb, 0x59, 0xeb, 0x59, 0xeb, 0x59, 0xeb, 0x59, 0xeb, 0x59, 0xeb, 0x59, 0xeb, 0x59, 0xeb,
    0x59, 0xeb, 0x59, 0xeb, 0x59, 0xeb, 0x59, 0xeb, 0x59, 0xeb, 0x59, 0xeb, 0x59, 0x8a, 0xdf, 0xff,
    0xc4, 0x18, 0x00, 0x00, 0x00, 0x00, 0xc4, 0x18, 0x00, 0x00, 0x00, 0x00, 0x00, 0x00, 0x00, 0x00,
    0x00, 0x00, 0x00, 0x00, 0xc4, 0x18, 0xc4, 0x18, 0xdf, 0xff, 0x59, 0x8a, 0x59, 0xeb, 0x59, 0xeb,
    0x59, 0xeb, 0x59, 0xeb, 0x59, 0xeb, 0x59, 0xeb, 0x59, 0xeb, 0x59, 0xeb, 0x59, 0xeb, 0x59, 0xeb,
    0x59, 0xeb, 0x59, 0xeb, 0x59, 0x8a, 0xdf, 0xff, 0xc4, 0x18, 0xc4, 0x18, 0x00, 0x00, 0x00, 0x00,
    0x00, 0x00, 0x00, 0x00, 0x00, 0x00, 0x00, 0x00, 0xc4, 0x18, 0xc4, 0x18, 0x00, 0x00, 0x00, 0x00,
    0x00, 0x00, 0xc4, 0x18, 0xdf, 0xff, 0x59, 0x8a, 0x59, 0xeb, 0x59, 0xeb, 0x59, 0xeb, 0x59, 0xeb,
    0x59, 0xeb, 0x59, 0xeb, 0x59, 0xeb, 0x59, 0xeb, 0x59, 0xeb, 0x59, 0xeb, 0x59, 0x8a, 0xdf, 0xff,
    0xc4, 0x18, 0x00, 0x00, 0x00, 0x00, 0x00, 0x00, 0xc4, 0x18, 0xc4, 0x18, 0x00, 0x00, 0x00, 0x00,
    0xc4, 0x18, 0x00, 0x00, 0x00, 0x00, 0xc4, 0x18, 0x00, 0x00, 0x00, 0x00, 0x00, 0x00, 0xc4, 0x18,
    0xdf, 0xff, 0x59, 0x8a, 0x59, 0xeb, 0x59, 0xeb, 0x59, 0xeb, 0x59, 0xeb, 0x59, 0xeb, 0x59, 0xeb,
    0x59, 0xeb, 0x59, 0xeb, 0x59, 0x8a, 0xdf, 0xff, 0xc4, 0x18, 0x00, 0x00, 0x00, 0x00, 0x00, 0x00,
    0xc4, 0x18, 0x00, 0x00, 0x00, 0x00, 0xc4, 0x18, 0x00, 0x00, 0x00, 0x00, 0x00, 0x00, 0xc4, 0x18,
    0x00, 0x00, 0x00, 0x00, 0x00, 0x00, 0xc4, 0x18, 0x00, 0x00, 0xc4, 0x18, 0xdf, 0xff, 0x59, 0x8a,
    0x59, 0xeb, 0x59, 0xeb, 0x59, 0xeb, 0x59, 0xeb, 0x59, 0xeb, 0x59, 0xeb, 0x59, 0x8a, 0xdf, 0xff,
    0xc4, 0x18, 0x00, 0x00, 0xc4, 0x18, 0x00, 0x00, 0x00, 0x00, 0x00, 0x00, 0xc4, 0x18, 0x00, 0x00,
    0x00, 0x00, 0x00, 0x00, 0x00, 0x00, 0xc4, 0x18, 0x00, 0x00, 0x00, 0x00, 0x00, 0x00, 0xc4, 0x18,
    0x00, 0x00, 0x00, 0x00, 0x00, 0x00, 0xc4, 0x18, 0xdf, 0xff, 0x59, 0x8a, 0x59, 0x8a, 0x59, 0xeb,
    0x59, 0xeb, 0x59, 0x8a, 0x59, 0x8a, 0xdf, 0xff, 0xc4, 0x18, 0x00, 0x00, 0x00, 0x00, 0x00, 0x00,
    0xc4, 0x18, 0x00, 0x00, 0x00, 0x00, 0x00, 0x00, 0xc4, 0x18, 0x00, 0x00, 0x00, 0x00, 0xc4, 0x18,
    0x00, 0x00, 0x00, 0x00, 0x00, 0x00, 0xc4, 0x18, 0x00, 0x00, 0x00, 0x00, 0xc4, 0x18, 0x00, 0x00,
    0x00, 0x00, 0xc4, 0x18, 0xdf, 0xff, 0xdf, 0xff, 0x59, 0x8a, 0x59, 0x8a, 0xdf, 0xff, 0xdf, 0xff,
    0xc4, 0x18, 0x00, 0x00, 0x00, 0x00, 0xc4, 0x18, 0x00, 0x00, 0x00, 0x00, 0xc4, 0x18, 0x00, 0x00,
    0x00, 0x00, 0x00, 0x00, 0xc4, 0x18, 0x00, 0x00, 0x00, 0x00, 0x00, 0x00, 0xc4, 0x18, 0x00, 0x00,
    0x00, 0x00, 0xc4, 0x18, 0x00, 0x00, 0x00, 0x00, 0xc4, 0x18, 0x00, 0x00, 0x00, 0x00, 0xc4, 0x18,
    0xdf, 0xff, 0xdf, 0xff, 0xdf, 0xff, 0xdf, 0xff, 0xc4, 0x18, 0x00, 0x00, 0x00, 0x00, 0xc4, 0x18,
    0x00, 0x00, 0x00, 0x00, 0xc4, 0x18, 0x00, 0x00, 0x00, 0x00, 0xc4, 0x18, 0x00, 0x00, 0x00, 0x00,
    0x00, 0x00, 0x00, 0x00, 0xc4, 0x18, 0x00, 0x00, 0x00, 0x00, 0xc4, 0x18, 0x00, 0x00, 0x00, 0x00,
    0x00, 0x00, 0x00, 0x00, 0xc4, 0x18, 0x00, 0x00, 0x00, 0x00, 0xc4, 0x18, 0xc4, 0x18, 0xc4, 0x18,
    0xc4, 0x18, 0x00, 0x00, 0x00, 0x00, 0xc4, 0x18, 0x00, 0x00, 0x00, 0x00, 0x00, 0x00, 0x00, 0x00,
    0xc4, 0x18, 0x00, 0x00, 0x00, 0x00, 0xc4, 0x18, 0x00, 0x00, 0x00, 0x00, 0x00, 0x00, 0x00, 0x00,
    0x00, 0x00, 0xc4, 0x18, 0x00, 0x00, 0x00, 0x00, 0x00, 0x00, 0x00, 0x00, 0x00, 0x00, 0x00, 0x00,
    0xc4, 0x18, 0x00, 0x00, 0x00, 0x00, 0x00, 0x00, 0x00, 0x00, 0x00, 0x00, 0x00, 0x00, 0x00, 0x00,
    0x00, 0x00, 0xc4, 0x18, 0x00, 0x00, 0x00, 0x00, 0x00, 0x00, 0x00, 0x00, 0x00, 0x00, 0xc4, 0x18,
    0x00, 0x00, 0x00, 0x00, 0x00, 0x00, 0x00, 0x00, 0x00, 0x00, 0x00, 0x00, 0x00, 0x00, 0x00, 0x00,
    0x00, 0x00, 0x00, 0x00, 0x00, 0x00, 0x00, 0x00, 0x00, 0x00, 0x00, 0x00, 0x00, 0x00, 0x00, 0x00,
    0x00, 0x00, 0x00, 0x00, 0x00, 0x00, 0x00, 0x00, 0x00, 0x00, 0x00, 0x00, 0x00, 0x00, 0x00, 0x00,
    0x00, 0x00, 0x00, 0x00, 0x00, 0x00, 0x00, 0x00, 0x00, 0x00, 0x00, 0x00, 0x00, 0x00, 0x00, 0x00,
    /* Alpha plane (0=transparent, 0xFF=opaque) */
    0x00, 0x00, 0x00, 0xff, 0x00, 0x00, 0x00, 0x00, 0x00, 0x00, 0xff, 0x00, 0x00, 0x00, 0x00, 0x00,
    0x00, 0x00, 0x00, 0xff, 0x00, 0x00, 0x00, 0x00, 0x00, 0xff, 0x00, 0x00, 0x00, 0x00, 0xff, 0x00,
    0x00, 0xff, 0x00, 0x00, 0x00, 0x00, 0xff, 0x00, 0x00, 0xff, 0xff, 0xff, 0xff, 0x00, 0x00, 0xff,
    0x00, 0x00, 0x00, 0x00, 0xff, 0x00, 0x00, 0xff, 0x00, 0x00, 0x00, 0x00, 0xff, 0x00, 0x00, 0xff,
    0x00, 0x00, 0xff, 0x00, 0x00, 0xff, 0xff, 0xff, 0xff, 0xff, 0xff, 0x00, 0x00, 0xff, 0x00, 0x00,
    0xff, 0x00, 0x00, 0xff, 0x00, 0x00, 0x00, 0xff, 0x00, 0x00, 0x00, 0xff, 0x00, 0x00, 0xff, 0x00,
    0x00, 0xff, 0xff, 0xff, 0xff, 0xff, 0xff, 0xff, 0xff, 0x00, 0x00, 0xff, 0x00, 0x00, 0xff, 0x00,
    0x00, 0x00, 0xff, 0x00, 0x00, 0xff, 0x00, 0x00, 0x00, 0xff, 0x00, 0x00, 0x00, 0xff, 0xff, 0xff,
    0xff, 0xff, 0xff, 0xff, 0xff, 0xff, 0xff, 0x00, 0x00, 0x00, 0xff, 0x00, 0x00, 0x00, 0xff, 0x00,
    0x00, 0x00, 0x00, 0xff, 0x00, 0x00, 0x00, 0xff, 0x00, 0xff, 0xff, 0xff, 0xff, 0xff, 0xff, 0xff,
    0xff, 0xff, 0xff, 0xff, 0xff, 0x00, 0xff, 0x00, 0x00, 0x00, 0xff, 0x00, 0x00, 0x00, 0xff, 0x00,
    0x00, 0xff, 0x00, 0x00, 0x00, 0xff, 0xff, 0xff, 0xff, 0xff, 0xff, 0xff, 0xff, 0xff, 0xff, 0xff,
    0xff, 0xff, 0xff, 0x00, 0x00, 0x00, 0xff, 0x00, 0x00, 0xff, 0x00, 0x00, 0xff, 0xff, 0x00, 0x00,
    0x00, 0xff, 0xff, 0xff, 0xff, 0xff, 0xff, 0xff, 0xff, 0xff, 0xff, 0xff, 0xff, 0xff, 0xff, 0xff,
    0xff, 0x00, 0x00, 0x00, 0xff, 0xff, 0x00, 0x00, 0x00, 0x00, 0x00, 0x00, 0xff, 0xff, 0xff, 0xff,
    0xff, 0xff, 0xff, 0xff, 0xff, 0xff, 0xff, 0xff, 0xff, 0xff, 0xff, 0xff, 0xff, 0xff, 0xff, 0xff,
    0x00, 0x00, 0x00, 0x00, 0x00, 0x00, 0xff, 0x00, 0x00, 0xff, 0xff, 0xff, 0xff, 0xff, 0xff, 0xff,
    0xff, 0xff, 0xff, 0xff, 0xff, 0xff, 0xff, 0xff, 0xff, 0xff, 0xff, 0xff, 0xff, 0x00, 0x00, 0xff,
    0x00, 0x00, 0x00, 0x00, 0xff, 0xff, 0xff, 0xff, 0xff, 0xff, 0xff, 0xff, 0xff, 0xff, 0xff, 0xff,
    0xff, 0xff, 0xff, 0xff, 0xff, 0xff, 0xff, 0xff, 0xff, 0xff, 0xff, 0xff, 0x00, 0x00, 0x00, 0xff,
    0xff, 0xff, 0xff, 0xff, 0xff, 0xff, 0xff, 0xff, 0xff, 0xff, 0xff, 0xff, 0xff, 0xff, 0xff, 0xff,
    0xff, 0xff, 0xff, 0xff, 0xff, 0xff, 0xff, 0xff, 0xff, 0xff, 0xff, 0x00, 0x00, 0x00, 0xff, 0xff,
    0xff, 0xff, 0xff, 0xff, 0xff, 0xff, 0xff, 0xff, 0xff, 0xff, 0xff, 0xff, 0xff, 0xff, 0xff, 0xff,
    0xff, 0xff, 0xff, 0xff, 0xff, 0xff, 0x00, 0x00, 0x00, 0x00, 0xff, 0x00, 0x00, 0xff, 0xff, 0xff,
    0xff, 0xff, 0xff, 0xff, 0xff, 0xff, 0xff, 0xff, 0xff, 0xff, 0xff, 0xff, 0xff, 0xff, 0xff, 0xff,
    0xff, 0x00, 0x00, 0xff, 0x00, 0x00, 0x00, 0x00, 0x00, 0x00, 0xff, 0xff, 0xff, 0xff, 0xff, 0xff,
    0xff, 0xff, 0xff, 0xff, 0xff, 0xff, 0xff, 0xff, 0xff, 0xff, 0xff, 0xff, 0xff, 0xff, 0x00, 0x00,
    0x00, 0x00, 0x00, 0x00, 0xff, 0xff, 0x00, 0x00, 0x00, 0xff, 0xff, 0xff, 0xff, 0xff, 0xff, 0xff,
    0xff, 0xff, 0xff, 0xff, 0xff, 0xff, 0xff, 0xff, 0xff, 0x00, 0x00, 0x00, 0xff, 0xff, 0x00, 0x00,
    0xff, 0x00, 0x00, 0xff, 0x00, 0x00, 0x00, 0xff, 0xff, 0xff, 0xff, 0xff, 0xff, 0xff, 0xff, 0xff,
    0xff, 0xff, 0xff, 0xff, 0xff, 0x00, 0x00, 0x00, 0xff, 0x00, 0x00, 0xff, 0x00, 0x00, 0x00, 0xff,
    0x00, 0x00, 0x00, 0xff, 0x00, 0xff, 0xff, 0xff, 0xff, 0xff, 0xff, 0xff, 0xff, 0xff, 0xff, 0xff,
    0xff, 0x00, 0xff, 0x00, 0x00, 0x00, 0xff, 0x00, 0x00, 0x00, 0x00, 0xff, 0x00, 0x00, 0x00, 0xff,
    0x00, 0x00, 0x00, 0xff, 0xff, 0xff, 0xff, 0xff, 0xff, 0xff, 0xff, 0xff, 0xff, 0x00, 0x00, 0x00,
    0xff, 0x00, 0x00, 0x00, 0xff, 0x00, 0x00, 0xff, 0x00, 0x00, 0x00, 0xff, 0x00, 0x00, 0xff, 0x00,
    0x00, 0xff, 0xff, 0xff, 0xff, 0xff, 0xff, 0xff, 0xff, 0x00, 0x00, 0xff, 0x00, 0x00, 0xff, 0x00,
    0x00, 0x00, 0xff, 0x00, 0x00, 0x00, 0xff, 0x00, 0x00, 0xff, 0x00, 0x00, 0xff, 0x00, 0x00, 0xff,
    0xff, 0xff, 0xff, 0xff, 0xff, 0x00, 0x00, 0xff, 0x00, 0x00, 0xff, 0x00, 0x00, 0xff, 0x00, 0x00,
    0x00, 0x00, 0xff, 0x00, 0x00, 0xff, 0x00, 0x00, 0x00, 0x00, 0xff, 0x00, 0x00, 0xff, 0xff, 0xff,
    0xff, 0x00, 0x00, 0xff, 0x00, 0x00, 0x00, 0x00, 0xff, 0x00, 0x00, 0xff, 0x00, 0x00, 0x00, 0x00,
    0x00, 0xff, 0x00, 0x00, 0x00, 0x00, 0x00, 0x00, 0xff, 0x00, 0x00, 0x00, 0x00, 0x00, 0x00, 0x00,
    0x00, 0xff, 0x00, 0x00, 0x00, 0x00, 0x00, 0xff, 0x00, 0x00, 0x00, 0x00, 0x00, 0x00, 0x00, 0x00,
    0x00, 0x00, 0x00, 0x00, 0x00, 0x00, 0x00, 0x00, 0x00, 0x00, 0x00, 0x00, 0x00, 0x00, 0x00, 0x00,
    0x00, 0x00, 0x00, 0x00, 0x00, 0x00, 0x00, 0x00,
};
const lv_image_dsc_t shooter_boom_p2 = {
    .header = {
        .magic  = LV_IMAGE_HEADER_MAGIC,
        .cf     = LV_COLOR_FORMAT_RGB565A8,
        .flags  = 0,
        .w      = 29,
        .h      = 24,
        .stride = 29 * 2,
    },
    .data_size = sizeof(shooter_boom_p2_data),
    .data = shooter_boom_p2_data,
};

/* ---- shooter_boom_c1  (29x24) ---- */
static const uint8_t shooter_boom_c1_data[] = {
    /* RGB565 colour plane (little-endian) */
    0x00, 0x00, 0x00, 0x00, 0x00, 0x00, 0x00, 0x00, 0x00, 0x00, 0x00, 0x00, 0x00, 0x00, 0x00, 0x00,
    0x00, 0x00, 0x00, 0x00, 0x00, 0x00, 0x00, 0x00, 0x00, 0x00, 0x00, 0x00, 0x33, 0x1a, 0x00, 0x00,
    0x00, 0x00, 0x00, 0x00, 0x00, 0x00, 0x00, 0x00, 0x00, 0x00, 0x00, 0x00, 0x00, 0x00, 0x00, 0x00,
    0x00, 0x00, 0x00, 0x00, 0x00, 0x00, 0x00, 0x00, 0x00, 0x00, 0x00, 0x00, 0x00, 0x00, 0x00, 0x00,
    0x00, 0x00, 0x00, 0x00, 0x33, 0x1a, 0x00, 0x00, 0x00, 0x00, 0x00, 0x00, 0x00, 0x00, 0x00, 0x00,
    0x00, 0x00, 0x00, 0x00, 0x00, 0x00, 0x33, 0x1a, 0x00, 0x00, 0x00, 0x00, 0x00, 0x00, 0x00, 0x00,
    0x00, 0x00, 0x00, 0x00, 0x00, 0x00, 0x00, 0x00, 0x33, 0x1a, 0x00, 0x00, 0x00, 0x00, 0x00, 0x00,
    0x00, 0x00, 0x00, 0x00, 0x00, 0x00, 0x00, 0x00, 0x00, 0x00, 0x00, 0x00, 0x00, 0x00, 0x00, 0x00,
    0x33, 0x1a, 0x00, 0x00, 0x00, 0x00, 0x00, 0x00, 0x00, 0x00, 0x00, 0x00, 0x00, 0x00, 0x00, 0x00,
    0xdf, 0xff, 0x00, 0x00, 0x00, 0x00, 0x00, 0x00, 0x00, 0x00, 0x00, 0x00, 0x00, 0x00, 0x00, 0x00,
    0x33, 0x1a, 0x00, 0x00, 0x00, 0x00, 0x00, 0x00, 0x00, 0x00, 0x00, 0x00, 0x00, 0x00, 0x00, 0x00,
    0x00, 0x00, 0x00, 0x00, 0x00, 0x00, 0x00, 0x00, 0x00, 0x00, 0x00, 0x00, 0x33, 0x1a, 0x00, 0x00,
    0x00, 0x00, 0x00, 0x00, 0x00, 0x00, 0x00, 0x00, 0xdf, 0xff, 0xdf, 0xff, 0xdf, 0xff, 0x00, 0x00,
    0x00, 0x00, 0x00, 0x00, 0x00, 0x00, 0x00, 0x00, 0x33, 0x1a, 0x00, 0x00, 0x00, 0x00, 0x00, 0x00,
    0x00, 0x00, 0x00, 0x00, 0x00, 0x00, 0x00, 0x00, 0x00, 0x00, 0x00, 0x00, 0x00, 0x00, 0x00, 0x00,
    0x00, 0x00, 0x00, 0x00, 0x00, 0x00, 0x00, 0x00, 0x33, 0x1a, 0x00, 0x00, 0x00, 0x00, 0x00, 0x00,
    0xdf, 0xff, 0xdf, 0xff, 0xdf, 0xff, 0xdf, 0xff, 0xdf, 0xff, 0x00, 0x00, 0x00, 0x00, 0x00, 0x00,
    0x33, 0x1a, 0x00, 0x00, 0x00, 0x00, 0x00, 0x00, 0x00, 0x00, 0x00, 0x00, 0x00, 0x00, 0x00, 0x00,
    0x00, 0x00, 0x00, 0x00, 0x00, 0x00, 0x00, 0x00, 0x00, 0x00, 0x00, 0x00, 0x00, 0x00, 0x00, 0x00,
    0x00, 0x00, 0x00, 0x00, 0x33, 0x1a, 0x00, 0x00, 0xdf, 0xff, 0xdf, 0xff, 0xdf, 0xff, 0xdf, 0xae,
    0xdf, 0xff, 0xdf, 0xff, 0xdf, 0xff, 0x00, 0x00, 0x33, 0x1a, 0x00, 0x00, 0x00, 0x00, 0x00, 0x00,
    0x00, 0x00, 0x00, 0x00, 0x00, 0x00, 0x00, 0x00, 0x00, 0x00, 0x00, 0x00, 0x00, 0x00, 0x00, 0x00,
    0x00, 0x00, 0x00, 0x00, 0x33, 0x1a, 0x00, 0x00, 0x00, 0x00, 0x00, 0x00, 0x00, 0x00, 0x00, 0x00,
    0xdf, 0xff, 0xdf, 0xff, 0xdf, 0xff, 0xdf, 0xae, 0xdf, 0xae, 0xdf, 0xae, 0xdf, 0xff, 0xdf, 0xff,
    0xdf, 0xff, 0x00, 0x00, 0x00, 0x00, 0x00, 0x00, 0x00, 0x00, 0x00, 0x00, 0x33, 0x1a, 0x00, 0x00,
    0x00, 0x00, 0x00, 0x00, 0x00, 0x00, 0x00, 0x00, 0x00, 0x00, 0x00, 0x00, 0x00, 0x00, 0x00, 0x00,
    0x33, 0x1a, 0x33, 0x1a, 0x00, 0x00, 0x00, 0x00, 0xdf, 0xff, 0xdf, 0xff, 0xdf, 0xff, 0xdf, 0xae,
    0xdf, 0xae, 0xdf, 0xae, 0xdf, 0xae, 0xdf, 0xae, 0xdf, 0xff, 0xdf, 0xff, 0xdf, 0xff, 0x00, 0x00,
    0x00, 0x00, 0x33, 0x1a, 0x33, 0x1a, 0x00, 0x00, 0x00, 0x00, 0x00, 0x00, 0x00, 0x00, 0x00, 0x00,
    0x00, 0x00, 0x00, 0x00, 0x00, 0x00, 0x00, 0x00, 0x00, 0x00, 0x00, 0x00, 0x00, 0x00, 0x33, 0x1a,
    0xdf, 0xff, 0xdf, 0xff, 0xdf, 0xff, 0xdf, 0xae, 0xdf, 0xae, 0xdf, 0xae, 0xdf, 0xae, 0xdf, 0xae,
    0xdf, 0xae, 0xdf, 0xae, 0xdf, 0xff, 0xdf, 0xff, 0xdf, 0xff, 0x33, 0x1a, 0x00, 0x00, 0x00, 0x00,
    0x00, 0x00, 0x00, 0x00, 0x00, 0x00, 0x00, 0x00, 0x00, 0x00, 0x00, 0x00, 0x33, 0x1a, 0x00, 0x00,
    0x00, 0x00, 0x00, 0x00, 0x00, 0x00, 0xdf, 0xff, 0xdf, 0xff, 0xdf, 0xff, 0xdf, 0xff, 0xdf, 0xae,
    0xdf, 0xae, 0xdf, 0xae, 0xdf, 0xae, 0xdf, 0xae, 0xdf, 0xae, 0xdf, 0xae, 0xdf, 0xae, 0xdf, 0xae,
    0xdf, 0xff, 0xdf, 0xff, 0xdf, 0xff, 0xdf, 0xff, 0x00, 0x00, 0x00, 0x00, 0x00, 0x00, 0x00, 0x00,
    0x33, 0x1a, 0x00, 0x00, 0x00, 0x00, 0x00, 0x00, 0x33, 0x1a, 0x33, 0x1a, 0xdf, 0xff, 0xdf, 0xff,
    0xdf, 0xff, 0xdf, 0xff, 0xdf, 0xae, 0xdf, 0xae, 0xdf, 0xae, 0xdf, 0xae, 0xdf, 0xae, 0xdf, 0xae,
    0xdf, 0xae, 0xdf, 0xae, 0xdf, 0xae, 0xdf, 0xae, 0xdf, 0xae, 0xdf, 0xae, 0xdf, 0xae, 0xdf, 0xff,
    0xdf, 0xff, 0xdf, 0xff, 0xdf, 0xff, 0x33, 0x1a, 0x33, 0x1a, 0x00, 0x00, 0x00, 0x00, 0x00, 0x00,
    0x00, 0x00, 0x00, 0x00, 0x00, 0x00, 0x00, 0x00, 0xdf, 0xff, 0xdf, 0xff, 0xdf, 0xff, 0xdf, 0xae,
    0xdf, 0xae, 0xdf, 0xae, 0xdf, 0xae, 0xdf, 0xae, 0xdf, 0xae, 0xdf, 0xae, 0xdf, 0xae, 0xdf, 0xae,
    0xdf, 0xae, 0xdf, 0xae, 0xdf, 0xae, 0xdf, 0xae, 0xdf, 0xff, 0xdf, 0xff, 0xdf, 0xff, 0x00, 0x00,
    0x00, 0x00, 0x00, 0x00, 0x00, 0x00, 0x00, 0x00, 0x00, 0x00, 0x33, 0x1a, 0x00, 0x00, 0x00, 0x00,
    0x00, 0x00, 0x00, 0x00, 0xdf, 0xff, 0xdf, 0xff, 0xdf, 0xff, 0xdf, 0xff, 0xdf, 0xae, 0xdf, 0xae,
    0xdf, 0xae, 0xdf, 0xae, 0xdf, 0xae, 0xdf, 0xae, 0xdf, 0xae, 0xdf, 0xae, 0xdf, 0xae, 0xdf, 0xff,
    0xdf, 0xff, 0xdf, 0xff, 0xdf, 0xff, 0x00, 0x00, 0x00, 0x00, 0x00, 0x00, 0x00, 0x00, 0x33, 0x1a,
    0x00, 0x00, 0x00, 0x00, 0x00, 0x00, 0x00, 0x00, 0x00, 0x00, 0x00, 0x00, 0x00, 0x00, 0x00, 0x00,
    0x33, 0x1a, 0xdf, 0xff, 0xdf, 0xff, 0xdf, 0xff, 0xdf, 0xae, 0xdf, 0xae, 0xdf, 0xae, 0xdf, 0xae,
    0xdf, 0xae, 0xdf, 0xae, 0xdf, 0xae, 0xdf, 0xff, 0xdf, 0xff, 0xdf, 0xff, 0x33, 0x1a, 0x00, 0x00,
    0x00, 0x00, 0x00, 0x00, 0x00, 0x00, 0x00, 0x00, 0x00, 0x00, 0x00, 0x00, 0x00, 0x00, 0x00, 0x00,
    0x00, 0x00, 0x00, 0x00, 0x00, 0x00, 0x33, 0x1a, 0x33, 0x1a, 0x00, 0x00, 0x00, 0x00, 0xdf, 0xff,
    0xdf, 0xff, 0xdf, 0xff, 0xdf, 0xae, 0xdf, 0xae, 0xdf, 0xae, 0xdf, 0xae, 0xdf, 0xae, 0xdf, 0xff,
    0xdf, 0xff, 0xdf, 0xff, 0x00, 0x00, 0x00, 0x00, 0x33, 0x1a, 0x33, 0x1a, 0x00, 0x00, 0x00, 0x00,
    0x00, 0x00, 0x00, 0x00, 0x00, 0x00, 0x00, 0x00, 0x00, 0x00, 0x00, 0x00, 0x00, 0x00, 0x33, 0x1a,
    0x00, 0x00, 0x00, 0x00, 0x00, 0x00, 0x00, 0x00, 0x00, 0x00, 0xdf, 0xff, 0xdf, 0xff, 0xdf, 0xff,
    0xdf, 0xae, 0xdf, 0xae, 0xdf, 0xae, 0xdf, 0xff, 0xdf, 0xff, 0xdf, 0xff, 0x00, 0x00, 0x00, 0x00,
    0x00, 0x00, 0x00, 0x00, 0x00, 0x00, 0x33, 0x1a, 0x00, 0x00, 0x00, 0x00, 0x00, 0x00, 0x00, 0x00,
    0x00, 0x00, 0x00, 0x00, 0x00, 0x00, 0x00, 0x00, 0x00, 0x00, 0x00, 0x00, 0x00, 0x00, 0x00, 0x00,
    0x00, 0x00, 0x33, 0x1a, 0x00, 0x00, 0xdf, 0xff, 0xdf, 0xff, 0xdf, 0xff, 0xdf, 0xae, 0xdf, 0xff,
    0xdf, 0xff, 0xdf, 0xff, 0x00, 0x00, 0x33, 0x1a, 0x00, 0x00, 0x00, 0x00, 0x00, 0x00, 0x00, 0x00,
    0x00, 0x00, 0x00, 0x00, 0x00, 0x00, 0x00, 0x00, 0x00, 0x00, 0x00, 0x00, 0x00, 0x00, 0x00, 0x00,
    0x00, 0x00, 0x00, 0x00, 0x00, 0x00, 0x00, 0x00, 0x00, 0x00, 0x33, 0x1a, 0x00, 0x00, 0x00, 0x00,
    0x00, 0x00, 0xdf, 0xff, 0xdf, 0xff, 0xdf, 0xff, 0xdf, 0xff, 0xdf, 0xff, 0x00, 0x00, 0x00, 0x00,
    0x00, 0x00, 0x33, 0x1a, 0x00, 0x00, 0x00, 0x00, 0x00, 0x00, 0x00, 0x00, 0x00, 0x00, 0x00, 0x00,
    0x00, 0x00, 0x00, 0x00, 0x00, 0x00, 0x00, 0x00, 0x00, 0x00, 0x00, 0x00, 0x00, 0x00, 0x00, 0x00,
    0x00, 0x00, 0x33, 0x1a, 0x00, 0x00, 0x00, 0x00, 0x00, 0x00, 0x00, 0x00, 0x00, 0x00, 0xdf, 0xff,
    0xdf, 0xff, 0xdf, 0xff, 0x00, 0x00, 0x00, 0x00, 0x00, 0x00, 0x00, 0x00, 0x00, 0x00, 0x33, 0x1a,
    0x00, 0x00, 0x00, 0x00, 0x00, 0x00, 0x00, 0x00, 0x00, 0x00, 0x00, 0x00, 0x00, 0x00, 0x00, 0x00,
    0x00, 0x00, 0x00, 0x00, 0x00, 0x00, 0x00, 0x00, 0x00, 0x00, 0x33, 0x1a, 0x00, 0x00, 0x00, 0x00,
    0x00, 0x00, 0x00, 0x00, 0x00, 0x00, 0x00, 0x00, 0x00, 0x00, 0xdf, 0xff, 0x00, 0x00, 0x00, 0x00,
    0x00, 0x00, 0x00, 0x00, 0x00, 0x00, 0x00, 0x00, 0x00, 0x00, 0x33, 0x1a, 0x00, 0x00, 0x00, 0x00,
    0x00, 0x00, 0x00, 0x00, 0x00, 0x00, 0x00, 0x00, 0x00, 0x00, 0x00, 0x00, 0x00, 0x00, 0x00, 0x00,
    0x00, 0x00, 0x33, 0x1a, 0x00, 0x00, 0x00, 0x00, 0x00, 0x00, 0x00, 0x00, 0x00, 0x00, 0x00, 0x00,
    0x00, 0x00, 0x00, 0x00, 0x33, 0x1a, 0x00, 0x00, 0x00, 0x00, 0x00, 0x00, 0x00, 0x00, 0x00, 0x00,
    0x00, 0x00, 0x00, 0x00, 0x00, 0x00, 0x33, 0x1a, 0x00, 0x00, 0x00, 0x00, 0x00, 0x00, 0x00, 0x00,
    0x00, 0x00, 0x00, 0x00, 0x00, 0x00, 0x00, 0x00, 0x00, 0x00, 0x00, 0x00, 0x00, 0x00, 0x00, 0x00,
    0x00, 0x00, 0x00, 0x00, 0x00, 0x00, 0x00, 0x00, 0x00, 0x00, 0x00, 0x00, 0x00, 0x00, 0x33, 0x1a,
    0x00, 0x00, 0x00, 0x00, 0x00, 0x00, 0x00, 0x00, 0x00, 0x00, 0x00, 0x00, 0x00, 0x00, 0x00, 0x00,
    0x00, 0x00, 0x00, 0x00, 0x00, 0x00, 0x00, 0x00, 0x00, 0x00, 0x00, 0x00, 0x00, 0x00, 0x00, 0x00,
    0x00, 0x00, 0x00, 0x00, 0x00, 0x00, 0x00, 0x00, 0x00, 0x00, 0x00, 0x00, 0x00, 0x00, 0x00, 0x00,
    0x00, 0x00, 0x00, 0x00, 0x00, 0x00, 0x00, 0x00, 0x00, 0x00, 0x00, 0x00, 0x00, 0x00, 0x00, 0x00,
    0x00, 0x00, 0x00, 0x00, 0x00, 0x00, 0x00, 0x00, 0x00, 0x00, 0x00, 0x00, 0x00, 0x00, 0x00, 0x00,
    0x00, 0x00, 0x00, 0x00, 0x00, 0x00, 0x00, 0x00, 0x00, 0x00, 0x00, 0x00, 0x00, 0x00, 0x00, 0x00,
    0x00, 0x00, 0x00, 0x00, 0x00, 0x00, 0x00, 0x00, 0x00, 0x00, 0x00, 0x00, 0x00, 0x00, 0x00, 0x00,
    0x00, 0x00, 0x00, 0x00, 0x00, 0x00, 0x00, 0x00, 0x00, 0x00, 0x00, 0x00, 0x00, 0x00, 0x00, 0x00,
    0x00, 0x00, 0x00, 0x00, 0x00, 0x00, 0x00, 0x00, 0x00, 0x00, 0x00, 0x00, 0x00, 0x00, 0x00, 0x00,
    /* Alpha plane (0=transparent, 0xFF=opaque) */
    0x00, 0x00, 0x00, 0x00, 0x00, 0x00, 0x00, 0x00, 0x00, 0x00, 0x00, 0x00, 0x00, 0x00, 0xff, 0x00,
    0x00, 0x00, 0x00, 0x00, 0x00, 0x00, 0x00, 0x00, 0x00, 0x00, 0x00, 0x00, 0x00, 0x00, 0x00, 0x00,
    0x00, 0x00, 0xff, 0x00, 0x00, 0x00, 0x00, 0x00, 0x00, 0x00, 0x00, 0xff, 0x00, 0x00, 0x00, 0x00,
    0x00, 0x00, 0x00, 0x00, 0xff, 0x00, 0x00, 0x00, 0x00, 0x00, 0x00, 0x00, 0x00, 0x00, 0x00, 0x00,
    0xff, 0x00, 0x00, 0x00, 0x00, 0x00, 0x00, 0x00, 0xff, 0x00, 0x00, 0x00, 0x00, 0x00, 0x00, 0x00,
    0xff, 0x00, 0x00, 0x00, 0x00, 0x00, 0x00, 0x00, 0x00, 0x00, 0x00, 0x00, 0x00, 0x00, 0xff, 0x00,
    0x00, 0x00, 0x00, 0x00, 0xff, 0xff, 0xff, 0x00, 0x00, 0x00, 0x00, 0x00, 0xff, 0x00, 0x00, 0x00,
    0x00, 0x00, 0x00, 0x00, 0x00, 0x00, 0x00, 0x00, 0x00, 0x00, 0x00, 0x00, 0xff, 0x00, 0x00, 0x00,
    0xff, 0xff, 0xff, 0xff, 0xff, 0x00, 0x00, 0x00, 0xff, 0x00, 0x00, 0x00, 0x00, 0x00, 0x00, 0x00,
    0x00, 0x00, 0x00, 0x00, 0x00, 0x00, 0x00, 0x00, 0x00, 0x00, 0xff, 0x00, 0xff, 0xff, 0xff, 0xff,
    0xff, 0xff, 0xff, 0x00, 0xff, 0x00, 0x00, 0x00, 0x00, 0x00, 0x00, 0x00, 0x00, 0x00, 0x00, 0x00,
    0x00, 0x00, 0xff, 0x00, 0x00, 0x00, 0x00, 0x00, 0xff, 0xff, 0xff, 0xff, 0xff, 0xff, 0xff, 0xff,
    0xff, 0x00, 0x00, 0x00, 0x00, 0x00, 0xff, 0x00, 0x00, 0x00, 0x00, 0x00, 0x00, 0x00, 0x00, 0x00,
    0xff, 0xff, 0x00, 0x00, 0xff, 0xff, 0xff, 0xff, 0xff, 0xff, 0xff, 0xff, 0xff, 0xff, 0xff, 0x00,
    0x00, 0xff, 0xff, 0x00, 0x00, 0x00, 0x00, 0x00, 0x00, 0x00, 0x00, 0x00, 0x00, 0x00, 0x00, 0xff,
    0xff, 0xff, 0xff, 0xff, 0xff, 0xff, 0xff, 0xff, 0xff, 0xff, 0xff, 0xff, 0xff, 0xff, 0x00, 0x00,
    0x00, 0x00, 0x00, 0x00, 0x00, 0x00, 0xff, 0x00, 0x00, 0x00, 0x00, 0xff, 0xff, 0xff, 0xff, 0xff,
    0xff, 0xff, 0xff, 0xff, 0xff, 0xff, 0xff, 0xff, 0xff, 0xff, 0xff, 0xff, 0x00, 0x00, 0x00, 0x00,
    0xff, 0x00, 0x00, 0x00, 0xff, 0xff, 0xff, 0xff, 0xff, 0xff, 0xff, 0xff, 0xff, 0xff, 0xff, 0xff,
    0xff, 0xff, 0xff, 0xff, 0xff, 0xff, 0xff, 0xff, 0xff, 0xff, 0xff, 0xff, 0xff, 0x00, 0x00, 0x00,
    0x00, 0x00, 0x00, 0x00, 0xff, 0xff, 0xff, 0xff, 0xff, 0xff, 0xff, 0xff, 0xff, 0xff, 0xff, 0xff,
    0xff, 0xff, 0xff, 0xff, 0xff, 0xff, 0xff, 0x00, 0x00, 0x00, 0x00, 0x00, 0x00, 0xff, 0x00, 0x00,
    0x00, 0x00, 0xff, 0xff, 0xff, 0xff, 0xff, 0xff, 0xff, 0xff, 0xff, 0xff, 0xff, 0xff, 0xff, 0xff,
    0xff, 0xff, 0xff, 0x00, 0x00, 0x00, 0x00, 0xff, 0x00, 0x00, 0x00, 0x00, 0x00, 0x00, 0x00, 0x00,
    0xff, 0xff, 0xff, 0xff, 0xff, 0xff, 0xff, 0xff, 0xff, 0xff, 0xff, 0xff, 0xff, 0xff, 0xff, 0x00,
    0x00, 0x00, 0x00, 0x00, 0x00, 0x00, 0x00, 0x00, 0x00, 0x00, 0x00, 0xff, 0xff, 0x00, 0x00, 0xff,
    0xff, 0xff, 0xff, 0xff, 0xff, 0xff, 0xff, 0xff, 0xff, 0xff, 0x00, 0x00, 0xff, 0xff, 0x00, 0x00,
    0x00, 0x00, 0x00, 0x00, 0x00, 0x00, 0x00, 0xff, 0x00, 0x00, 0x00, 0x00, 0x00, 0xff, 0xff, 0xff,
    0xff, 0xff, 0xff, 0xff, 0xff, 0xff, 0x00, 0x00, 0x00, 0x00, 0x00, 0xff, 0x00, 0x00, 0x00, 0x00,
    0x00, 0x00, 0x00, 0x00, 0x00, 0x00, 0x00, 0x00, 0x00, 0xff, 0x00, 0xff, 0xff, 0xff, 0xff, 0xff,
    0xff, 0xff, 0x00, 0xff, 0x00, 0x00, 0x00, 0x00, 0x00, 0x00, 0x00, 0x00, 0x00, 0x00, 0x00, 0x00,
    0x00, 0x00, 0x00, 0x00, 0x00, 0xff, 0x00, 0x00, 0x00, 0xff, 0xff, 0xff, 0xff, 0xff, 0x00, 0x00,
    0x00, 0xff, 0x00, 0x00, 0x00, 0x00, 0x00, 0x00, 0x00, 0x00, 0x00, 0x00, 0x00, 0x00, 0x00, 0x00,
    0x00, 0xff, 0x00, 0x00, 0x00, 0x00, 0x00, 0xff, 0xff, 0xff, 0x00, 0x00, 0x00, 0x00, 0x00, 0xff,
    0x00, 0x00, 0x00, 0x00, 0x00, 0x00, 0x00, 0x00, 0x00, 0x00, 0x00, 0x00, 0x00, 0xff, 0x00, 0x00,
    0x00, 0x00, 0x00, 0x00, 0x00, 0xff, 0x00, 0x00, 0x00, 0x00, 0x00, 0x00, 0x00, 0xff, 0x00, 0x00,
    0x00, 0x00, 0x00, 0x00, 0x00, 0x00, 0x00, 0x00, 0x00, 0xff, 0x00, 0x00, 0x00, 0x00, 0x00, 0x00,
    0x00, 0x00, 0xff, 0x00, 0x00, 0x00, 0x00, 0x00, 0x00, 0x00, 0x00, 0xff, 0x00, 0x00, 0x00, 0x00,
    0x00, 0x00, 0x00, 0x00, 0x00, 0x00, 0x00, 0x00, 0x00, 0x00, 0x00, 0x00, 0x00, 0x00, 0x00, 0xff,
    0x00, 0x00, 0x00, 0x00, 0x00, 0x00, 0x00, 0x00, 0x00, 0x00, 0x00, 0x00, 0x00, 0x00, 0x00, 0x00,
    0x00, 0x00, 0x00, 0x00, 0x00, 0x00, 0x00, 0x00, 0x00, 0x00, 0x00, 0x00, 0x00, 0x00, 0x00, 0x00,
    0x00, 0x00, 0x00, 0x00, 0x00, 0x00, 0x00, 0x00, 0x00, 0x00, 0x00, 0x00, 0x00, 0x00, 0x00, 0x00,
    0x00, 0x00, 0x00, 0x00, 0x00, 0x00, 0x00, 0x00, 0x00, 0x00, 0x00, 0x00, 0x00, 0x00, 0x00, 0x00,
    0x00, 0x00, 0x00, 0x00, 0x00, 0x00, 0x00, 0x00,
};
const lv_image_dsc_t shooter_boom_c1 = {
    .header = {
        .magic  = LV_IMAGE_HEADER_MAGIC,
        .cf     = LV_COLOR_FORMAT_RGB565A8,
        .flags  = 0,
        .w      = 29,
        .h      = 24,
        .stride = 29 * 2,
    },
    .data_size = sizeof(shooter_boom_c1_data),
    .data = shooter_boom_c1_data,
};

/* ---- shooter_boom_c2  (29x24) ---- */
static const uint8_t shooter_boom_c2_data[] = {
    /* RGB565 colour plane (little-endian) */
    0x00, 0x00, 0x00, 0x00, 0x00, 0x00, 0x33, 0x1a, 0x00, 0x00, 0x00, 0x00, 0x00, 0x00, 0x00, 0x00,
    0x00, 0x00, 0x00, 0x00, 0x33, 0x1a, 0x00, 0x00, 0x00, 0x00, 0x00, 0x00, 0x00, 0x00, 0x00, 0x00,
    0x00, 0x00, 0x00, 0x00, 0x00, 0x00, 0x33, 0x1a, 0x00, 0x00, 0x00, 0x00, 0x00, 0x00, 0x00, 0x00,
    0x00, 0x00, 0x33, 0x1a, 0x00, 0x00, 0x00, 0x00, 0x00, 0x00, 0x00, 0x00, 0x33, 0x1a, 0x00, 0x00,
    0x00, 0x00, 0x33, 0x1a, 0x00, 0x00, 0x00, 0x00, 0x00, 0x00, 0x00, 0x00, 0x33, 0x1a, 0x00, 0x00,
    0x00, 0x00, 0x33, 0x1a, 0x33, 0x1a, 0x33, 0x1a, 0x33, 0x1a, 0x00, 0x00, 0x00, 0x00, 0x33, 0x1a,
    0x00, 0x00, 0x00, 0x00, 0x00, 0x00, 0x00, 0x00, 0x33, 0x1a, 0x00, 0x00, 0x00, 0x00, 0x33, 0x1a,
    0x00, 0x00, 0x00, 0x00, 0x00, 0x00, 0x00, 0x00, 0x33, 0x1a, 0x00, 0x00, 0x00, 0x00, 0x33, 0x1a,
    0x00, 0x00, 0x00, 0x00, 0x33, 0x1a, 0x00, 0x00, 0x00, 0x00, 0x33, 0x1a, 0xdf, 0xff, 0xdf, 0xff,
    0xdf, 0xff, 0xdf, 0xff, 0x33, 0x1a, 0x00, 0x00, 0x00, 0x00, 0x33, 0x1a, 0x00, 0x00, 0x00, 0x00,
    0x33, 0x1a, 0x00, 0x00, 0x00, 0x00, 0x33, 0x1a, 0x00, 0x00, 0x00, 0x00, 0x00, 0x00, 0x33, 0x1a,
    0x00, 0x00, 0x00, 0x00, 0x00, 0x00, 0x33, 0x1a, 0x00, 0x00, 0x00, 0x00, 0x33, 0x1a, 0x00, 0x00,
    0x00, 0x00, 0x33, 0x1a, 0xdf, 0xff, 0xdf, 0xff, 0xde, 0x4c, 0xde, 0x4c, 0xdf, 0xff, 0xdf, 0xff,
    0x33, 0x1a, 0x00, 0x00, 0x00, 0x00, 0x33, 0x1a, 0x00, 0x00, 0x00, 0x00, 0x33, 0x1a, 0x00, 0x00,
    0x00, 0x00, 0x00, 0x00, 0x33, 0x1a, 0x00, 0x00, 0x00, 0x00, 0x33, 0x1a, 0x00, 0x00, 0x00, 0x00,
    0x00, 0x00, 0x33, 0x1a, 0x00, 0x00, 0x00, 0x00, 0x00, 0x00, 0x33, 0x1a, 0xdf, 0xff, 0xde, 0x4c,
    0xde, 0x4c, 0xdf, 0xae, 0xdf, 0xae, 0xde, 0x4c, 0xde, 0x4c, 0xdf, 0xff, 0x33, 0x1a, 0x00, 0x00,
    0x00, 0x00, 0x00, 0x00, 0x33, 0x1a, 0x00, 0x00, 0x00, 0x00, 0x00, 0x00, 0x33, 0x1a, 0x00, 0x00,
    0x00, 0x00, 0x00, 0x00, 0x00, 0x00, 0x33, 0x1a, 0x00, 0x00, 0x00, 0x00, 0x00, 0x00, 0x33, 0x1a,
    0x00, 0x00, 0x33, 0x1a, 0xdf, 0xff, 0xde, 0x4c, 0xdf, 0xae, 0xdf, 0xae, 0xdf, 0xae, 0xdf, 0xae,
    0xdf, 0xae, 0xdf, 0xae, 0xde, 0x4c, 0xdf, 0xff, 0x33, 0x1a, 0x00, 0x00, 0x33, 0x1a, 0x00, 0x00,
    0x00, 0x00, 0x00, 0x00, 0x33, 0x1a, 0x00, 0x00, 0x00, 0x00, 0x00, 0x00, 0x33, 0x1a, 0x00, 0x00,
    0x00, 0x00, 0x33, 0x1a, 0x00, 0x00, 0x00, 0x00, 0x00, 0x00, 0x33, 0x1a, 0xdf, 0xff, 0xde, 0x4c,
    0xdf, 0xae, 0xdf, 0xae, 0xdf, 0xae, 0xdf, 0xae, 0xdf, 0xae, 0xdf, 0xae, 0xdf, 0xae, 0xdf, 0xae,
    0xde, 0x4c, 0xdf, 0xff, 0x33, 0x1a, 0x00, 0x00, 0x00, 0x00, 0x00, 0x00, 0x33, 0x1a, 0x00, 0x00,
    0x00, 0x00, 0x33, 0x1a, 0x00, 0x00, 0x00, 0x00, 0x33, 0x1a, 0x33, 0x1a, 0x00, 0x00, 0x00, 0x00,
    0x00, 0x00, 0x33, 0x1a, 0xdf, 0xff, 0xde, 0x4c, 0xdf, 0xae, 0xdf, 0xae, 0xdf, 0xae, 0xdf, 0xae,
    0xdf, 0xae, 0xdf, 0xae, 0xdf, 0xae, 0xdf, 0xae, 0xdf, 0xae, 0xdf, 0xae, 0xde, 0x4c, 0xdf, 0xff,
    0x33, 0x1a, 0x00, 0x00, 0x00, 0x00, 0x00, 0x00, 0x33, 0x1a, 0x33, 0x1a, 0x00, 0x00, 0x00, 0x00,
    0x00, 0x00, 0x00, 0x00, 0x00, 0x00, 0x00, 0x00, 0x33, 0x1a, 0x33, 0x1a, 0xdf, 0xff, 0xde, 0x4c,
    0xdf, 0xae, 0xdf, 0xae, 0xdf, 0xae, 0xdf, 0xae, 0xdf, 0xae, 0xdf, 0xae, 0xdf, 0xae, 0xdf, 0xae,
    0xdf, 0xae, 0xdf, 0xae, 0xdf, 0xae, 0xdf, 0xae, 0xde, 0x4c, 0xdf, 0xff, 0x33, 0x1a, 0x33, 0x1a,
    0x00, 0x00, 0x00, 0x00, 0x00, 0x00, 0x00, 0x00, 0x00, 0x00, 0x00, 0x00, 0x33, 0x1a, 0x00, 0x00,
    0x00, 0x00, 0x33, 0x1a, 0xdf, 0xff, 0xde, 0x4c, 0xdf, 0xae, 0xdf, 0xae, 0xdf, 0xae, 0xdf, 0xae,
    0xdf, 0xae, 0xdf, 0xae, 0xdf, 0xae, 0xdf, 0xae, 0xdf, 0xae, 0xdf, 0xae, 0xdf, 0xae, 0xdf, 0xae,
    0xdf, 0xae, 0xdf, 0xae, 0xde, 0x4c, 0xdf, 0xff, 0x33, 0x1a, 0x00, 0x00, 0x00, 0x00, 0x33, 0x1a,
    0x00, 0x00, 0x00, 0x00, 0x00, 0x00, 0x00, 0x00, 0x33, 0x1a, 0x33, 0x1a, 0xdf, 0xff, 0xde, 0x4c,
    0xdf, 0xae, 0xdf, 0xae, 0xdf, 0xae, 0xdf, 0xae, 0xdf, 0xae, 0xdf, 0xae, 0xdf, 0xae, 0xdf, 0xae,
    0xdf, 0xae, 0xdf, 0xae, 0xdf, 0xae, 0xdf, 0xae, 0xdf, 0xae, 0xdf, 0xae, 0xdf, 0xae, 0xdf, 0xae,
    0xde, 0x4c, 0xdf, 0xff, 0x33, 0x1a, 0x33, 0x1a, 0x00, 0x00, 0x00, 0x00, 0x00, 0x00, 0x33, 0x1a,
    0x33, 0x1a, 0xdf, 0xff, 0xde, 0x4c, 0xdf, 0xae, 0xdf, 0xae, 0xdf, 0xae, 0xdf, 0xae, 0xdf, 0xae,
    0xdf, 0xae, 0xdf, 0xae, 0xdf, 0xae, 0xdf, 0xae, 0xdf, 0xae, 0xdf, 0xae, 0xdf, 0xae, 0xdf, 0xae,
    0xdf, 0xae, 0xdf, 0xae, 0xdf, 0xae, 0xdf, 0xae, 0xdf, 0xae, 0xdf, 0xae, 0xdf, 0xae, 0xde, 0x4c,
    0xdf, 0xff, 0x33, 0x1a, 0x33, 0x1a, 0x00, 0x00, 0x00, 0x00, 0x00, 0x00, 0x33, 0x1a, 0x33, 0x1a,
    0xdf, 0xff, 0xde, 0x4c, 0xdf, 0xae, 0xdf, 0xae, 0xdf, 0xae, 0xdf, 0xae, 0xdf, 0xae, 0xdf, 0xae,
    0xdf, 0xae, 0xdf, 0xae, 0xdf, 0xae, 0xdf, 0xae, 0xdf, 0xae, 0xdf, 0xae, 0xdf, 0xae, 0xdf, 0xae,
    0xdf, 0xae, 0xdf, 0xae, 0xde, 0x4c, 0xdf, 0xff, 0x33, 0x1a, 0x33, 0x1a, 0x00, 0x00, 0x00, 0x00,
    0x00, 0x00, 0x00, 0x00, 0x33, 0x1a, 0x00, 0x00, 0x00, 0x00, 0x33, 0x1a, 0xdf, 0xff, 0xde, 0x4c,
    0xdf, 0xae, 0xdf, 0xae, 0xdf, 0xae, 0xdf, 0xae, 0xdf, 0xae, 0xdf, 0xae, 0xdf, 0xae, 0xdf, 0xae,
    0xdf, 0xae, 0xdf, 0xae, 0xdf, 0xae, 0xdf, 0xae, 0xdf, 0xae, 0xdf, 0xae, 0xde, 0x4c, 0xdf, 0xff,
    0x33, 0x1a, 0x00, 0x00, 0x00, 0x00, 0x33, 0x1a, 0x00, 0x00, 0x00, 0x00, 0x00, 0x00, 0x00, 0x00,
    0x00, 0x00, 0x00, 0x00, 0x33, 0x1a, 0x33, 0x1a, 0xdf, 0xff, 0xde, 0x4c, 0xdf, 0xae, 0xdf, 0xae,
    0xdf, 0xae, 0xdf, 0xae, 0xdf, 0xae, 0xdf, 0xae, 0xdf, 0xae, 0xdf, 0xae, 0xdf, 0xae, 0xdf, 0xae,
    0xdf, 0xae, 0xdf, 0xae, 0xde, 0x4c, 0xdf, 0xff, 0x33, 0x1a, 0x33, 0x1a, 0x00, 0x00, 0x00, 0x00,
    0x00, 0x00, 0x00, 0x00, 0x00, 0x00, 0x00, 0x00, 0x33, 0x1a, 0x33, 0x1a, 0x00, 0x00, 0x00, 0x00,
    0x00, 0x00, 0x33, 0x1a, 0xdf, 0xff, 0xde, 0x4c, 0xdf, 0xae, 0xdf, 0xae, 0xdf, 0xae, 0xdf, 0xae,
    0xdf, 0xae, 0xdf, 0xae, 0xdf, 0xae, 0xdf, 0xae, 0xdf, 0xae, 0xdf, 0xae, 0xde, 0x4c, 0xdf, 0xff,
    0x33, 0x1a, 0x00, 0x00, 0x00, 0x00, 0x00, 0x00, 0x33, 0x1a, 0x33, 0x1a, 0x00, 0x00, 0x00, 0x00,
    0x33, 0x1a, 0x00, 0x00, 0x00, 0x00, 0x33, 0x1a, 0x00, 0x00, 0x00, 0x00, 0x00, 0x00, 0x33, 0x1a,
    0xdf, 0xff, 0xde, 0x4c, 0xdf, 0xae, 0xdf, 0xae, 0xdf, 0xae, 0xdf, 0xae, 0xdf, 0xae, 0xdf, 0xae,
    0xdf, 0xae, 0xdf, 0xae, 0xde, 0x4c, 0xdf, 0xff, 0x33, 0x1a, 0x00, 0x00, 0x00, 0x00, 0x00, 0x00,
    0x33, 0x1a, 0x00, 0x00, 0x00, 0x00, 0x33, 0x1a, 0x00, 0x00, 0x00, 0x00, 0x00, 0x00, 0x33, 0x1a,
    0x00, 0x00, 0x00, 0x00, 0x00, 0x00, 0x33, 0x1a, 0x00, 0x00, 0x33, 0x1a, 0xdf, 0xff, 0xde, 0x4c,
    0xdf, 0xae, 0xdf, 0xae, 0xdf, 0xae, 0xdf, 0xae, 0xdf, 0xae, 0xdf, 0xae, 0xde, 0x4c, 0xdf, 0xff,
    0x33, 0x1a, 0x00, 0x00, 0x33, 0x1a, 0x00, 0x00, 0x00, 0x00, 0x00, 0x00, 0x33, 0x1a, 0x00, 0x00,
    0x00, 0x00, 0x00, 0x00, 0x00, 0x00, 0x33, 0x1a, 0x00, 0x00, 0x00, 0x00, 0x00, 0x00, 0x33, 0x1a,
    0x00, 0x00, 0x00, 0x00, 0x00, 0x00, 0x33, 0x1a, 0xdf, 0xff, 0xde, 0x4c, 0xde, 0x4c, 0xdf, 0xae,
    0xdf, 0xae, 0xde, 0x4c, 0xde, 0x4c, 0xdf, 0xff, 0x33, 0x1a, 0x00, 0x00, 0x00, 0x00, 0x00, 0x00,
    0x33, 0x1a, 0x00, 0x00, 0x00, 0x00, 0x00, 0x00, 0x33, 0x1a, 0x00, 0x00, 0x00, 0x00, 0x33, 0x1a,
    0x00, 0x00, 0x00, 0x00, 0x00, 0x00, 0x33, 0x1a, 0x00, 0x00, 0x00, 0x00, 0x33, 0x1a, 0x00, 0x00,
    0x00, 0x00, 0x33, 0x1a, 0xdf, 0xff, 0xdf, 0xff, 0xde, 0x4c, 0xde, 0x4c, 0xdf, 0xff, 0xdf, 0xff,
    0x33, 0x1a, 0x00, 0x00, 0x00, 0x00, 0x33, 0x1a, 0x00, 0x00, 0x00, 0x00, 0x33, 0x1a, 0x00, 0x00,
    0x00, 0x00, 0x00, 0x00, 0x33, 0x1a, 0x00, 0x00, 0x00, 0x00, 0x00, 0x00, 0x33, 0x1a, 0x00, 0x00,
    0x00, 0x00, 0x33, 0x1a, 0x00, 0x00, 0x00, 0x00, 0x33, 0x1a, 0x00, 0x00, 0x00, 0x00, 0x33, 0x1a,
    0xdf, 0xff, 0xdf, 0xff, 0xdf, 0xff, 0xdf, 0xff, 0x33, 0x1a, 0x00, 0x00, 0x00, 0x00, 0x33, 0x1a,
    0x00, 0x00, 0x00, 0x00, 0x33, 0x1a, 0x00, 0x00, 0x00, 0x00, 0x33, 0x1a, 0x00, 0x00, 0x00, 0x00,
    0x00, 0x00, 0x00, 0x00, 0x33, 0x1a, 0x00, 0x00, 0x00, 0x00, 0x33, 0x1a, 0x00, 0x00, 0x00, 0x00,
    0x00, 0x00, 0x00, 0x00, 0x33, 0x1a, 0x00, 0x00, 0x00, 0x00, 0x33, 0x1a, 0x33, 0x1a, 0x33, 0x1a,
    0x33, 0x1a, 0x00, 0x00, 0x00, 0x00, 0x33, 0x1a, 0x00, 0x00, 0x00, 0x00, 0x00, 0x00, 0x00, 0x00,
    0x33, 0x1a, 0x00, 0x00, 0x00, 0x00, 0x33, 0x1a, 0x00, 0x00, 0x00, 0x00, 0x00, 0x00, 0x00, 0x00,
    0x00, 0x00, 0x33, 0x1a, 0x00, 0x00, 0x00, 0x00, 0x00, 0x00, 0x00, 0x00, 0x00, 0x00, 0x00, 0x00,
    0x33, 0x1a, 0x00, 0x00, 0x00, 0x00, 0x00, 0x00, 0x00, 0x00, 0x00, 0x00, 0x00, 0x00, 0x00, 0x00,
    0x00, 0x00, 0x33, 0x1a, 0x00, 0x00, 0x00, 0x00, 0x00, 0x00, 0x00, 0x00, 0x00, 0x00, 0x33, 0x1a,
    0x00, 0x00, 0x00, 0x00, 0x00, 0x00, 0x00, 0x00, 0x00, 0x00, 0x00, 0x00, 0x00, 0x00, 0x00, 0x00,
    0x00, 0x00, 0x00, 0x00, 0x00, 0x00, 0x00, 0x00, 0x00, 0x00, 0x00, 0x00, 0x00, 0x00, 0x00, 0x00,
    0x00, 0x00, 0x00, 0x00, 0x00, 0x00, 0x00, 0x00, 0x00, 0x00, 0x00, 0x00, 0x00, 0x00, 0x00, 0x00,
    0x00, 0x00, 0x00, 0x00, 0x00, 0x00, 0x00, 0x00, 0x00, 0x00, 0x00, 0x00, 0x00, 0x00, 0x00, 0x00,
    /* Alpha plane (0=transparent, 0xFF=opaque) */
    0x00, 0x00, 0x00, 0xff, 0x00, 0x00, 0x00, 0x00, 0x00, 0x00, 0xff, 0x00, 0x00, 0x00, 0x00, 0x00,
    0x00, 0x00, 0x00, 0xff, 0x00, 0x00, 0x00, 0x00, 0x00, 0xff, 0x00, 0x00, 0x00, 0x00, 0xff, 0x00,
    0x00, 0xff, 0x00, 0x00, 0x00, 0x00, 0xff, 0x00, 0x00, 0xff, 0xff, 0xff, 0xff, 0x00, 0x00, 0xff,
    0x00, 0x00, 0x00, 0x00, 0xff, 0x00, 0x00, 0xff, 0x00, 0x00, 0x00, 0x00, 0xff, 0x00, 0x00, 0xff,
    0x00, 0x00, 0xff, 0x00, 0x00, 0xff, 0xff, 0xff, 0xff, 0xff, 0xff, 0x00, 0x00, 0xff, 0x00, 0x00,
    0xff, 0x00, 0x00, 0xff, 0x00, 0x00, 0x00, 0xff, 0x00, 0x00, 0x00, 0xff, 0x00, 0x00, 0xff, 0x00,
    0x00, 0xff, 0xff, 0xff, 0xff, 0xff, 0xff, 0xff, 0xff, 0x00, 0x00, 0xff, 0x00, 0x00, 0xff, 0x00,
    0x00, 0x00, 0xff, 0x00, 0x00, 0xff, 0x00, 0x00, 0x00, 0xff, 0x00, 0x00, 0x00, 0xff, 0xff, 0xff,
    0xff, 0xff, 0xff, 0xff, 0xff, 0xff, 0xff, 0x00, 0x00, 0x00, 0xff, 0x00, 0x00, 0x00, 0xff, 0x00,
    0x00, 0x00, 0x00, 0xff, 0x00, 0x00, 0x00, 0xff, 0x00, 0xff, 0xff, 0xff, 0xff, 0xff, 0xff, 0xff,
    0xff, 0xff, 0xff, 0xff, 0xff, 0x00, 0xff, 0x00, 0x00, 0x00, 0xff, 0x00, 0x00, 0x00, 0xff, 0x00,
    0x00, 0xff, 0x00, 0x00, 0x00, 0xff, 0xff, 0xff, 0xff, 0xff, 0xff, 0xff, 0xff, 0xff, 0xff, 0xff,
    0xff, 0xff, 0xff, 0x00, 0x00, 0x00, 0xff, 0x00, 0x00, 0xff, 0x00, 0x00, 0xff, 0xff, 0x00, 0x00,
    0x00, 0xff, 0xff, 0xff, 0xff, 0xff, 0xff, 0xff, 0xff, 0xff, 0xff, 0xff, 0xff, 0xff, 0xff, 0xff,
    0xff, 0x00, 0x00, 0x00, 0xff, 0xff, 0x00, 0x00, 0x00, 0x00, 0x00, 0x00, 0xff, 0xff, 0xff, 0xff,
    0xff, 0xff, 0xff, 0xff, 0xff, 0xff, 0xff, 0xff, 0xff, 0xff, 0xff, 0xff, 0xff, 0xff, 0xff, 0xff,
    0x00, 0x00, 0x00, 0x00, 0x00, 0x00, 0xff, 0x00, 0x00, 0xff, 0xff, 0xff, 0xff, 0xff, 0xff, 0xff,
    0xff, 0xff, 0xff, 0xff, 0xff, 0xff, 0xff, 0xff, 0xff, 0xff, 0xff, 0xff, 0xff, 0x00, 0x00, 0xff,
    0x00, 0x00, 0x00, 0x00, 0xff, 0xff, 0xff, 0xff, 0xff, 0xff, 0xff, 0xff, 0xff, 0xff, 0xff, 0xff,
    0xff, 0xff, 0xff, 0xff, 0xff, 0xff, 0xff, 0xff, 0xff, 0xff, 0xff, 0xff, 0x00, 0x00, 0x00, 0xff,
    0xff, 0xff, 0xff, 0xff, 0xff, 0xff, 0xff, 0xff, 0xff, 0xff, 0xff, 0xff, 0xff, 0xff, 0xff, 0xff,
    0xff, 0xff, 0xff, 0xff, 0xff, 0xff, 0xff, 0xff, 0xff, 0xff, 0xff, 0x00, 0x00, 0x00, 0xff, 0xff,
    0xff, 0xff, 0xff, 0xff, 0xff, 0xff, 0xff, 0xff, 0xff, 0xff, 0xff, 0xff, 0xff, 0xff, 0xff, 0xff,
    0xff, 0xff, 0xff, 0xff, 0xff, 0xff, 0x00, 0x00, 0x00, 0x00, 0xff, 0x00, 0x00, 0xff, 0xff, 0xff,
    0xff, 0xff, 0xff, 0xff, 0xff, 0xff, 0xff, 0xff, 0xff, 0xff, 0xff, 0xff, 0xff, 0xff, 0xff, 0xff,
    0xff, 0x00, 0x00, 0xff, 0x00, 0x00, 0x00, 0x00, 0x00, 0x00, 0xff, 0xff, 0xff, 0xff, 0xff, 0xff,
    0xff, 0xff, 0xff, 0xff, 0xff, 0xff, 0xff, 0xff, 0xff, 0xff, 0xff, 0xff, 0xff, 0xff, 0x00, 0x00,
    0x00, 0x00, 0x00, 0x00, 0xff, 0xff, 0x00, 0x00, 0x00, 0xff, 0xff, 0xff, 0xff, 0xff, 0xff, 0xff,
    0xff, 0xff, 0xff, 0xff, 0xff, 0xff, 0xff, 0xff, 0xff, 0x00, 0x00, 0x00, 0xff, 0xff, 0x00, 0x00,
    0xff, 0x00, 0x00, 0xff, 0x00, 0x00, 0x00, 0xff, 0xff, 0xff, 0xff, 0xff, 0xff, 0xff, 0xff, 0xff,
    0xff, 0xff, 0xff, 0xff, 0xff, 0x00, 0x00, 0x00, 0xff, 0x00, 0x00, 0xff, 0x00, 0x00, 0x00, 0xff,
    0x00, 0x00, 0x00, 0xff, 0x00, 0xff, 0xff, 0xff, 0xff, 0xff, 0xff, 0xff, 0xff, 0xff, 0xff, 0xff,
    0xff, 0x00, 0xff, 0x00, 0x00, 0x00, 0xff, 0x00, 0x00, 0x00, 0x00, 0xff, 0x00, 0x00, 0x00, 0xff,
    0x00, 0x00, 0x00, 0xff, 0xff, 0xff, 0xff, 0xff, 0xff, 0xff, 0xff, 0xff, 0xff, 0x00, 0x00, 0x00,
    0xff, 0x00, 0x00, 0x00, 0xff, 0x00, 0x00, 0xff, 0x00, 0x00, 0x00, 0xff, 0x00, 0x00, 0xff, 0x00,
    0x00, 0xff, 0xff, 0xff, 0xff, 0xff, 0xff, 0xff, 0xff, 0x00, 0x00, 0xff, 0x00, 0x00, 0xff, 0x00,
    0x00, 0x00, 0xff, 0x00, 0x00, 0x00, 0xff, 0x00, 0x00, 0xff, 0x00, 0x00, 0xff, 0x00, 0x00, 0xff,
    0xff, 0xff, 0xff, 0xff, 0xff, 0x00, 0x00, 0xff, 0x00, 0x00, 0xff, 0x00, 0x00, 0xff, 0x00, 0x00,
    0x00, 0x00, 0xff, 0x00, 0x00, 0xff, 0x00, 0x00, 0x00, 0x00, 0xff, 0x00, 0x00, 0xff, 0xff, 0xff,
    0xff, 0x00, 0x00, 0xff, 0x00, 0x00, 0x00, 0x00, 0xff, 0x00, 0x00, 0xff, 0x00, 0x00, 0x00, 0x00,
    0x00, 0xff, 0x00, 0x00, 0x00, 0x00, 0x00, 0x00, 0xff, 0x00, 0x00, 0x00, 0x00, 0x00, 0x00, 0x00,
    0x00, 0xff, 0x00, 0x00, 0x00, 0x00, 0x00, 0xff, 0x00, 0x00, 0x00, 0x00, 0x00, 0x00, 0x00, 0x00,
    0x00, 0x00, 0x00, 0x00, 0x00, 0x00, 0x00, 0x00, 0x00, 0x00, 0x00, 0x00, 0x00, 0x00, 0x00, 0x00,
    0x00, 0x00, 0x00, 0x00, 0x00, 0x00, 0x00, 0x00,
};
const lv_image_dsc_t shooter_boom_c2 = {
    .header = {
        .magic  = LV_IMAGE_HEADER_MAGIC,
        .cf     = LV_COLOR_FORMAT_RGB565A8,
        .flags  = 0,
        .w      = 29,
        .h      = 24,
        .stride = 29 * 2,
    },
    .data_size = sizeof(shooter_boom_c2_data),
    .data = shooter_boom_c2_data,
};

/* ---- shooter_boom_f1  (29x24) ---- */
static const uint8_t shooter_boom_f1_data[] = {
    /* RGB565 colour plane (little-endian) */
    0x00, 0x00, 0x00, 0x00, 0x00, 0x00, 0x00, 0x00, 0x00, 0x00, 0x00, 0x00, 0x00, 0x00, 0x00, 0x00,
    0x00, 0x00, 0x00, 0x00, 0x00, 0x00, 0x00, 0x00, 0x00, 0x00, 0x00, 0x00, 0xc3, 0x98, 0x00, 0x00,
    0x00, 0x00, 0x00, 0x00, 0x00, 0x00, 0x00, 0x00, 0x00, 0x00, 0x00, 0x00, 0x00, 0x00, 0x00, 0x00,
    0x00, 0x00, 0x00, 0x00, 0x00, 0x00, 0x00, 0x00, 0x00, 0x00, 0x00, 0x00, 0x00, 0x00, 0x00, 0x00,
    0x00, 0x00, 0x00, 0x00, 0xc3, 0x98, 0x00, 0x00, 0x00, 0x00, 0x00, 0x00, 0x00, 0x00, 0x00, 0x00,
    0x00, 0x00, 0x00, 0x00, 0x00, 0x00, 0xc3, 0x98, 0x00, 0x00, 0x00, 0x00, 0x00, 0x00, 0x00, 0x00,
    0x00, 0x00, 0x00, 0x00, 0x00, 0x00, 0x00, 0x00, 0xc3, 0x98, 0x00, 0x00, 0x00, 0x00, 0x00, 0x00,
    0x00, 0x00, 0x00, 0x00, 0x00, 0x00, 0x00, 0x00, 0x00, 0x00, 0x00, 0x00, 0x00, 0x00, 0x00, 0x00,
    0xc3, 0x98, 0x00, 0x00, 0x00, 0x00, 0x00, 0x00, 0x00, 0x00, 0x00, 0x00, 0x00, 0x00, 0x00, 0x00,
    0xc6, 0xfe, 0x00, 0x00, 0x00, 0x00, 0x00, 0x00, 0x00, 0x00, 0x00, 0x00, 0x00, 0x00, 0x00, 0x00,
    0xc3, 0x98, 0x00, 0x00, 0x00, 0x00, 0x00, 0x00, 0x00, 0x00, 0x00, 0x00, 0x00, 0x00, 0x00, 0x00,
    0x00, 0x00, 0x00, 0x00, 0x00, 0x00, 0x00, 0x00, 0x00, 0x00, 0x00, 0x00, 0xc3, 0x98, 0x00, 0x00,
    0x00, 0x00, 0x00, 0x00, 0x00, 0x00, 0x00, 0x00, 0xc6, 0xfe, 0xc6, 0xfe, 0xc6, 0xfe, 0x00, 0x00,
    0x00, 0x00, 0x00, 0x00, 0x00, 0x00, 0x00, 0x00, 0xc3, 0x98, 0x00, 0x00, 0x00, 0x00, 0x00, 0x00,
    0x00, 0x00, 0x00, 0x00, 0x00, 0x00, 0x00, 0x00, 0x00, 0x00, 0x00, 0x00, 0x00, 0x00, 0x00, 0x00,
    0x00, 0x00, 0x00, 0x00, 0x00, 0x00, 0x00, 0x00, 0xc3, 0x98, 0x00, 0x00, 0x00, 0x00, 0x00, 0x00,
    0xc6, 0xfe, 0xc6, 0xfe, 0xc6, 0xfe, 0xc6, 0xfe, 0xc6, 0xfe, 0x00, 0x00, 0x00, 0x00, 0x00, 0x00,
    0xc3, 0x98, 0x00, 0x00, 0x00, 0x00, 0x00, 0x00, 0x00, 0x00, 0x00, 0x00, 0x00, 0x00, 0x00, 0x00,
    0x00, 0x00, 0x00, 0x00, 0x00, 0x00, 0x00, 0x00, 0x00, 0x00, 0x00, 0x00, 0x00, 0x00, 0x00, 0x00,
    0x00, 0x00, 0x00, 0x00, 0xc3, 0x98, 0x00, 0x00, 0xc6, 0xfe, 0xc6, 0xfe, 0xc6, 0xfe, 0x84, 0xf4,
    0xc6, 0xfe, 0xc6, 0xfe, 0xc6, 0xfe, 0x00, 0x00, 0xc3, 0x98, 0x00, 0x00, 0x00, 0x00, 0x00, 0x00,
    0x00, 0x00, 0x00, 0x00, 0x00, 0x00, 0x00, 0x00, 0x00, 0x00, 0x00, 0x00, 0x00, 0x00, 0x00, 0x00,
    0x00, 0x00, 0x00, 0x00, 0xc3, 0x98, 0x00, 0x00, 0x00, 0x00, 0x00, 0x00, 0x00, 0x00, 0x00, 0x00,
    0xc6, 0xfe, 0xc6, 0xfe, 0xc6, 0xfe, 0x84, 0xf4, 0x84, 0xf4, 0x84, 0xf4, 0xc6, 0xfe, 0xc6, 0xfe,
    0xc6, 0xfe, 0x00, 0x00, 0x00, 0x00, 0x00, 0x00, 0x00, 0x00, 0x00, 0x00, 0xc3, 0x98, 0x00, 0x00,
    0x00, 0x00, 0x00, 0x00, 0x00, 0x00, 0x00, 0x00, 0x00, 0x00, 0x00, 0x00, 0x00, 0x00, 0x00, 0x00,
    0xc3, 0x98, 0xc3, 0x98, 0x00, 0x00, 0x00, 0x00, 0xc6, 0xfe, 0xc6, 0xfe, 0xc6, 0xfe, 0x84, 0xf4,
    0x84, 0xf4, 0x84, 0xf4, 0x84, 0xf4, 0x84, 0xf4, 0xc6, 0xfe, 0xc6, 0xfe, 0xc6, 0xfe, 0x00, 0x00,
    0x00, 0x00, 0xc3, 0x98, 0xc3, 0x98, 0x00, 0x00, 0x00, 0x00, 0x00, 0x00, 0x00, 0x00, 0x00, 0x00,
    0x00, 0x00, 0x00, 0x00, 0x00, 0x00, 0x00, 0x00, 0x00, 0x00, 0x00, 0x00, 0x00, 0x00, 0xc3, 0x98,
    0xc6, 0xfe, 0xc6, 0xfe, 0xc6, 0xfe, 0x84, 0xf4, 0x84, 0xf4, 0x84, 0xf4, 0x84, 0xf4, 0x84, 0xf4,
    0x84, 0xf4, 0x84, 0xf4, 0xc6, 0xfe, 0xc6, 0xfe, 0xc6, 0xfe, 0xc3, 0x98, 0x00, 0x00, 0x00, 0x00,
    0x00, 0x00, 0x00, 0x00, 0x00, 0x00, 0x00, 0x00, 0x00, 0x00, 0x00, 0x00, 0xc3, 0x98, 0x00, 0x00,
    0x00, 0x00, 0x00, 0x00, 0x00, 0x00, 0xc6, 0xfe, 0xc6, 0xfe, 0xc6, 0xfe, 0xc6, 0xfe, 0x84, 0xf4,
    0x84, 0xf4, 0x84, 0xf4, 0x84, 0xf4, 0x84, 0xf4, 0x84, 0xf4, 0x84, 0xf4, 0x84, 0xf4, 0x84, 0xf4,
    0xc6, 0xfe, 0xc6, 0xfe, 0xc6, 0xfe, 0xc6, 0xfe, 0x00, 0x00, 0x00, 0x00, 0x00, 0x00, 0x00, 0x00,
    0xc3, 0x98, 0x00, 0x00, 0x00, 0x00, 0x00, 0x00, 0xc3, 0x98, 0xc3, 0x98, 0xc6, 0xfe, 0xc6, 0xfe,
    0xc6, 0xfe, 0xc6, 0xfe, 0x84, 0xf4, 0x84, 0xf4, 0x84, 0xf4, 0x84, 0xf4, 0x84, 0xf4, 0x84, 0xf4,
    0x84, 0xf4, 0x84, 0xf4, 0x84, 0xf4, 0x84, 0xf4, 0x84, 0xf4, 0x84, 0xf4, 0x84, 0xf4, 0xc6, 0xfe,
    0xc6, 0xfe, 0xc6, 0xfe, 0xc6, 0xfe, 0xc3, 0x98, 0xc3, 0x98, 0x00, 0x00, 0x00, 0x00, 0x00, 0x00,
    0x00, 0x00, 0x00, 0x00, 0x00, 0x00, 0x00, 0x00, 0xc6, 0xfe, 0xc6, 0xfe, 0xc6, 0xfe, 0x84, 0xf4,
    0x84, 0xf4, 0x84, 0xf4, 0x84, 0xf4, 0x84, 0xf4, 0x84, 0xf4, 0x84, 0xf4, 0x84, 0xf4, 0x84, 0xf4,
    0x84, 0xf4, 0x84, 0xf4, 0x84, 0xf4, 0x84, 0xf4, 0xc6, 0xfe, 0xc6, 0xfe, 0xc6, 0xfe, 0x00, 0x00,
    0x00, 0x00, 0x00, 0x00, 0x00, 0x00, 0x00, 0x00, 0x00, 0x00, 0xc3, 0x98, 0x00, 0x00, 0x00, 0x00,
    0x00, 0x00, 0x00, 0x00, 0xc6, 0xfe, 0xc6, 0xfe, 0xc6, 0xfe, 0xc6, 0xfe, 0x84, 0xf4, 0x84, 0xf4,
    0x84, 0xf4, 0x84, 0xf4, 0x84, 0xf4, 0x84, 0xf4, 0x84, 0xf4, 0x84, 0xf4, 0x84, 0xf4, 0xc6, 0xfe,
    0xc6, 0xfe, 0xc6, 0xfe, 0xc6, 0xfe, 0x00, 0x00, 0x00, 0x00, 0x00, 0x00, 0x00, 0x00, 0xc3, 0x98,
    0x00, 0x00, 0x00, 0x00, 0x00, 0x00, 0x00, 0x00, 0x00, 0x00, 0x00, 0x00, 0x00, 0x00, 0x00, 0x00,
    0xc3, 0x98, 0xc6, 0xfe, 0xc6, 0xfe, 0xc6, 0xfe, 0x84, 0xf4, 0x84, 0xf4, 0x84, 0xf4, 0x84, 0xf4,
    0x84, 0xf4, 0x84, 0xf4, 0x84, 0xf4, 0xc6, 0xfe, 0xc6, 0xfe, 0xc6, 0xfe, 0xc3, 0x98, 0x00, 0x00,
    0x00, 0x00, 0x00, 0x00, 0x00, 0x00, 0x00, 0x00, 0x00, 0x00, 0x00, 0x00, 0x00, 0x00, 0x00, 0x00,
    0x00, 0x00, 0x00, 0x00, 0x00, 0x00, 0xc3, 0x98, 0xc3, 0x98, 0x00, 0x00, 0x00, 0x00, 0xc6, 0xfe,
    0xc6, 0xfe, 0xc6, 0xfe, 0x84, 0xf4, 0x84, 0xf4, 0x84, 0xf4, 0x84, 0xf4, 0x84, 0xf4, 0xc6, 0xfe,
    0xc6, 0xfe, 0xc6, 0xfe, 0x00, 0x00, 0x00, 0x00, 0xc3, 0x98, 0xc3, 0x98, 0x00, 0x00, 0x00, 0x00,
    0x00, 0x00, 0x00, 0x00, 0x00, 0x00, 0x00, 0x00, 0x00, 0x00, 0x00, 0x00, 0x00, 0x00, 0xc3, 0x98,
    0x00, 0x00, 0x00, 0x00, 0x00, 0x00, 0x00, 0x00, 0x00, 0x00, 0xc6, 0xfe, 0xc6, 0xfe, 0xc6, 0xfe,
    0x84, 0xf4, 0x84, 0xf4, 0x84, 0xf4, 0xc6, 0xfe, 0xc6, 0xfe, 0xc6, 0xfe, 0x00, 0x00, 0x00, 0x00,
    0x00, 0x00, 0x00, 0x00, 0x00, 0x00, 0xc3, 0x98, 0x00, 0x00, 0x00, 0x00, 0x00, 0x00, 0x00, 0x00,
    0x00, 0x00, 0x00, 0x00, 0x00, 0x00, 0x00, 0x00, 0x00, 0x00, 0x00, 0x00, 0x00, 0x00, 0x00, 0x00,
    0x00, 0x00, 0xc3, 0x98, 0x00, 0x00, 0xc6, 0xfe, 0xc6, 0xfe, 0xc6, 0xfe, 0x84, 0xf4, 0xc6, 0xfe,
    0xc6, 0xfe, 0xc6, 0xfe, 0x00, 0x00, 0xc3, 0x98, 0x00, 0x00, 0x00, 0x00, 0x00, 0x00, 0x00, 0x00,
    0x00, 0x00, 0x00, 0x00, 0x00, 0x00, 0x00, 0x00, 0x00, 0x00, 0x00, 0x00, 0x00, 0x00, 0x00, 0x00,
    0x00, 0x00, 0x00, 0x00, 0x00, 0x00, 0x00, 0x00, 0x00, 0x00, 0xc3, 0x98, 0x00, 0x00, 0x00, 0x00,
    0x00, 0x00, 0xc6, 0xfe, 0xc6, 0xfe, 0xc6, 0xfe, 0xc6, 0xfe, 0xc6, 0xfe, 0x00, 0x00, 0x00, 0x00,
    0x00, 0x00, 0xc3, 0x98, 0x00, 0x00, 0x00, 0x00, 0x00, 0x00, 0x00, 0x00, 0x00, 0x00, 0x00, 0x00,
    0x00, 0x00, 0x00, 0x00, 0x00, 0x00, 0x00, 0x00, 0x00, 0x00, 0x00, 0x00, 0x00, 0x00, 0x00, 0x00,
    0x00, 0x00, 0xc3, 0x98, 0x00, 0x00, 0x00, 0x00, 0x00, 0x00, 0x00, 0x00, 0x00, 0x00, 0xc6, 0xfe,
    0xc6, 0xfe, 0xc6, 0xfe, 0x00, 0x00, 0x00, 0x00, 0x00, 0x00, 0x00, 0x00, 0x00, 0x00, 0xc3, 0x98,
    0x00, 0x00, 0x00, 0x00, 0x00, 0x00, 0x00, 0x00, 0x00, 0x00, 0x00, 0x00, 0x00, 0x00, 0x00, 0x00,
    0x00, 0x00, 0x00, 0x00, 0x00, 0x00, 0x00, 0x00, 0x00, 0x00, 0xc3, 0x98, 0x00, 0x00, 0x00, 0x00,
    0x00, 0x00, 0x00, 0x00, 0x00, 0x00, 0x00, 0x00, 0x00, 0x00, 0xc6, 0xfe, 0x00, 0x00, 0x00, 0x00,
    0x00, 0x00, 0x00, 0x00, 0x00, 0x00, 0x00, 0x00, 0x00, 0x00, 0xc3, 0x98, 0x00, 0x00, 0x00, 0x00,
    0x00, 0x00, 0x00, 0x00, 0x00, 0x00, 0x00, 0x00, 0x00, 0x00, 0x00, 0x00, 0x00, 0x00, 0x00, 0x00,
    0x00, 0x00, 0xc3, 0x98, 0x00, 0x00, 0x00, 0x00, 0x00, 0x00, 0x00, 0x00, 0x00, 0x00, 0x00, 0x00,
    0x00, 0x00, 0x00, 0x00, 0xc3, 0x98, 0x00, 0x00, 0x00, 0x00, 0x00, 0x00, 0x00, 0x00, 0x00, 0x00,
    0x00, 0x00, 0x00, 0x00, 0x00, 0x00, 0xc3, 0x98, 0x00, 0x00, 0x00, 0x00, 0x00, 0x00, 0x00, 0x00,
    0x00, 0x00, 0x00, 0x00, 0x00, 0x00, 0x00, 0x00, 0x00, 0x00, 0x00, 0x00, 0x00, 0x00, 0x00, 0x00,
    0x00, 0x00, 0x00, 0x00, 0x00, 0x00, 0x00, 0x00, 0x00, 0x00, 0x00, 0x00, 0x00, 0x00, 0xc3, 0x98,
    0x00, 0x00, 0x00, 0x00, 0x00, 0x00, 0x00, 0x00, 0x00, 0x00, 0x00, 0x00, 0x00, 0x00, 0x00, 0x00,
    0x00, 0x00, 0x00, 0x00, 0x00, 0x00, 0x00, 0x00, 0x00, 0x00, 0x00, 0x00, 0x00, 0x00, 0x00, 0x00,
    0x00, 0x00, 0x00, 0x00, 0x00, 0x00, 0x00, 0x00, 0x00, 0x00, 0x00, 0x00, 0x00, 0x00, 0x00, 0x00,
    0x00, 0x00, 0x00, 0x00, 0x00, 0x00, 0x00, 0x00, 0x00, 0x00, 0x00, 0x00, 0x00, 0x00, 0x00, 0x00,
    0x00, 0x00, 0x00, 0x00, 0x00, 0x00, 0x00, 0x00, 0x00, 0x00, 0x00, 0x00, 0x00, 0x00, 0x00, 0x00,
    0x00, 0x00, 0x00, 0x00, 0x00, 0x00, 0x00, 0x00, 0x00, 0x00, 0x00, 0x00, 0x00, 0x00, 0x00, 0x00,
    0x00, 0x00, 0x00, 0x00, 0x00, 0x00, 0x00, 0x00, 0x00, 0x00, 0x00, 0x00, 0x00, 0x00, 0x00, 0x00,
    0x00, 0x00, 0x00, 0x00, 0x00, 0x00, 0x00, 0x00, 0x00, 0x00, 0x00, 0x00, 0x00, 0x00, 0x00, 0x00,
    0x00, 0x00, 0x00, 0x00, 0x00, 0x00, 0x00, 0x00, 0x00, 0x00, 0x00, 0x00, 0x00, 0x00, 0x00, 0x00,
    /* Alpha plane (0=transparent, 0xFF=opaque) */
    0x00, 0x00, 0x00, 0x00, 0x00, 0x00, 0x00, 0x00, 0x00, 0x00, 0x00, 0x00, 0x00, 0x00, 0xff, 0x00,
    0x00, 0x00, 0x00, 0x00, 0x00, 0x00, 0x00, 0x00, 0x00, 0x00, 0x00, 0x00, 0x00, 0x00, 0x00, 0x00,
    0x00, 0x00, 0xff, 0x00, 0x00, 0x00, 0x00, 0x00, 0x00, 0x00, 0x00, 0xff, 0x00, 0x00, 0x00, 0x00,
    0x00, 0x00, 0x00, 0x00, 0xff, 0x00, 0x00, 0x00, 0x00, 0x00, 0x00, 0x00, 0x00, 0x00, 0x00, 0x00,
    0xff, 0x00, 0x00, 0x00, 0x00, 0x00, 0x00, 0x00, 0xff, 0x00, 0x00, 0x00, 0x00, 0x00, 0x00, 0x00,
    0xff, 0x00, 0x00, 0x00, 0x00, 0x00, 0x00, 0x00, 0x00, 0x00, 0x00, 0x00, 0x00, 0x00, 0xff, 0x00,
    0x00, 0x00, 0x00, 0x00, 0xff, 0xff, 0xff, 0x00, 0x00, 0x00, 0x00, 0x00, 0xff, 0x00, 0x00, 0x00,
    0x00, 0x00, 0x00, 0x00, 0x00, 0x00, 0x00, 0x00, 0x00, 0x00, 0x00, 0x00, 0xff, 0x00, 0x00, 0x00,
    0xff, 0xff, 0xff, 0xff, 0xff, 0x00, 0x00, 0x00, 0xff, 0x00, 0x00, 0x00, 0x00, 0x00, 0x00, 0x00,
    0x00, 0x00, 0x00, 0x00, 0x00, 0x00, 0x00, 0x00, 0x00, 0x00, 0xff, 0x00, 0xff, 0xff, 0xff, 0xff,
    0xff, 0xff, 0xff, 0x00, 0xff, 0x00, 0x00, 0x00, 0x00, 0x00, 0x00, 0x00, 0x00, 0x00, 0x00, 0x00,
    0x00, 0x00, 0xff, 0x00, 0x00, 0x00, 0x00, 0x00, 0xff, 0xff, 0xff, 0xff, 0xff, 0xff, 0xff, 0xff,
    0xff, 0x00, 0x00, 0x00, 0x00, 0x00, 0xff, 0x00, 0x00, 0x00, 0x00, 0x00, 0x00, 0x00, 0x00, 0x00,
    0xff, 0xff, 0x00, 0x00, 0xff, 0xff, 0xff, 0xff, 0xff, 0xff, 0xff, 0xff, 0xff, 0xff, 0xff, 0x00,
    0x00, 0xff, 0xff, 0x00, 0x00, 0x00, 0x00, 0x00, 0x00, 0x00, 0x00, 0x00, 0x00, 0x00, 0x00, 0xff,
    0xff, 0xff, 0xff, 0xff, 0xff, 0xff, 0xff, 0xff, 0xff, 0xff, 0xff, 0xff, 0xff, 0xff, 0x00, 0x00,
    0x00, 0x00, 0x00, 0x00, 0x00, 0x00, 0xff, 0x00, 0x00, 0x00, 0x00, 0xff, 0xff, 0xff, 0xff, 0xff,
    0xff, 0xff, 0xff, 0xff, 0xff, 0xff, 0xff, 0xff, 0xff, 0xff, 0xff, 0xff, 0x00, 0x00, 0x00, 0x00,
    0xff, 0x00, 0x00, 0x00, 0xff, 0xff, 0xff, 0xff, 0xff, 0xff, 0xff, 0xff, 0xff, 0xff, 0xff, 0xff,
    0xff, 0xff, 0xff, 0xff, 0xff, 0xff, 0xff, 0xff, 0xff, 0xff, 0xff, 0xff, 0xff, 0x00, 0x00, 0x00,
    0x00, 0x00, 0x00, 0x00, 0xff, 0xff, 0xff, 0xff, 0xff, 0xff, 0xff, 0xff, 0xff, 0xff, 0xff, 0xff,
    0xff, 0xff, 0xff, 0xff, 0xff, 0xff, 0xff, 0x00, 0x00, 0x00, 0x00, 0x00, 0x00, 0xff, 0x00, 0x00,
    0x00, 0x00, 0xff, 0xff, 0xff, 0xff, 0xff, 0xff, 0xff, 0xff, 0xff, 0xff, 0xff, 0xff, 0xff, 0xff,
    0xff, 0xff, 0xff, 0x00, 0x00, 0x00, 0x00, 0xff, 0x00, 0x00, 0x00, 0x00, 0x00, 0x00, 0x00, 0x00,
    0xff, 0xff, 0xff, 0xff, 0xff, 0xff, 0xff, 0xff, 0xff, 0xff, 0xff, 0xff, 0xff, 0xff, 0xff, 0x00,
    0x00, 0x00, 0x00, 0x00, 0x00, 0x00, 0x00, 0x00, 0x00, 0x00, 0x00, 0xff, 0xff, 0x00, 0x00, 0xff,
    0xff, 0xff, 0xff, 0xff, 0xff, 0xff, 0xff, 0xff, 0xff, 0xff, 0x00, 0x00, 0xff, 0xff, 0x00, 0x00,
    0x00, 0x00, 0x00, 0x00, 0x00, 0x00, 0x00, 0xff, 0x00, 0x00, 0x00, 0x00, 0x00, 0xff, 0xff, 0xff,
    0xff, 0xff, 0xff, 0xff, 0xff, 0xff, 0x00, 0x00, 0x00, 0x00, 0x00, 0xff, 0x00, 0x00, 0x00, 0x00,
    0x00, 0x00, 0x00, 0x00, 0x00, 0x00, 0x00, 0x00, 0x00, 0xff, 0x00, 0xff, 0xff, 0xff, 0xff, 0xff,
    0xff, 0xff, 0x00, 0xff, 0x00, 0x00, 0x00, 0x00, 0x00, 0x00, 0x00, 0x00, 0x00, 0x00, 0x00, 0x00,
    0x00, 0x00, 0x00, 0x00, 0x00, 0xff, 0x00, 0x00, 0x00, 0xff, 0xff, 0xff, 0xff, 0xff, 0x00, 0x00,
    0x00, 0xff, 0x00, 0x00, 0x00, 0x00, 0x00, 0x00, 0x00, 0x00, 0x00, 0x00, 0x00, 0x00, 0x00, 0x00,
    0x00, 0xff, 0x00, 0x00, 0x00, 0x00, 0x00, 0xff, 0xff, 0xff, 0x00, 0x00, 0x00, 0x00, 0x00, 0xff,
    0x00, 0x00, 0x00, 0x00, 0x00, 0x00, 0x00, 0x00, 0x00, 0x00, 0x00, 0x00, 0x00, 0xff, 0x00, 0x00,
    0x00, 0x00, 0x00, 0x00, 0x00, 0xff, 0x00, 0x00, 0x00, 0x00, 0x00, 0x00, 0x00, 0xff, 0x00, 0x00,
    0x00, 0x00, 0x00, 0x00, 0x00, 0x00, 0x00, 0x00, 0x00, 0xff, 0x00, 0x00, 0x00, 0x00, 0x00, 0x00,
    0x00, 0x00, 0xff, 0x00, 0x00, 0x00, 0x00, 0x00, 0x00, 0x00, 0x00, 0xff, 0x00, 0x00, 0x00, 0x00,
    0x00, 0x00, 0x00, 0x00, 0x00, 0x00, 0x00, 0x00, 0x00, 0x00, 0x00, 0x00, 0x00, 0x00, 0x00, 0xff,
    0x00, 0x00, 0x00, 0x00, 0x00, 0x00, 0x00, 0x00, 0x00, 0x00, 0x00, 0x00, 0x00, 0x00, 0x00, 0x00,
    0x00, 0x00, 0x00, 0x00, 0x00, 0x00, 0x00, 0x00, 0x00, 0x00, 0x00, 0x00, 0x00, 0x00, 0x00, 0x00,
    0x00, 0x00, 0x00, 0x00, 0x00, 0x00, 0x00, 0x00, 0x00, 0x00, 0x00, 0x00, 0x00, 0x00, 0x00, 0x00,
    0x00, 0x00, 0x00, 0x00, 0x00, 0x00, 0x00, 0x00, 0x00, 0x00, 0x00, 0x00, 0x00, 0x00, 0x00, 0x00,
    0x00, 0x00, 0x00, 0x00, 0x00, 0x00, 0x00, 0x00,
};
const lv_image_dsc_t shooter_boom_f1 = {
    .header = {
        .magic  = LV_IMAGE_HEADER_MAGIC,
        .cf     = LV_COLOR_FORMAT_RGB565A8,
        .flags  = 0,
        .w      = 29,
        .h      = 24,
        .stride = 29 * 2,
    },
    .data_size = sizeof(shooter_boom_f1_data),
    .data = shooter_boom_f1_data,
};

/* ---- shooter_boom_f2  (29x24) ---- */
static const uint8_t shooter_boom_f2_data[] = {
    /* RGB565 colour plane (little-endian) */
    0x00, 0x00, 0x00, 0x00, 0x00, 0x00, 0xc3, 0x98, 0x00, 0x00, 0x00, 0x00, 0x00, 0x00, 0x00, 0x00,
    0x00, 0x00, 0x00, 0x00, 0xc3, 0x98, 0x00, 0x00, 0x00, 0x00, 0x00, 0x00, 0x00, 0x00, 0x00, 0x00,
    0x00, 0x00, 0x00, 0x00, 0x00, 0x00, 0xc3, 0x98, 0x00, 0x00, 0x00, 0x00, 0x00, 0x00, 0x00, 0x00,
    0x00, 0x00, 0xc3, 0x98, 0x00, 0x00, 0x00, 0x00, 0x00, 0x00, 0x00, 0x00, 0xc3, 0x98, 0x00, 0x00,
    0x00, 0x00, 0xc3, 0x98, 0x00, 0x00, 0x00, 0x00, 0x00, 0x00, 0x00, 0x00, 0xc3, 0x98, 0x00, 0x00,
    0x00, 0x00, 0xc3, 0x98, 0xc3, 0x98, 0xc3, 0x98, 0xc3, 0x98, 0x00, 0x00, 0x00, 0x00, 0xc3, 0x98,
    0x00, 0x00, 0x00, 0x00, 0x00, 0x00, 0x00, 0x00, 0xc3, 0x98, 0x00, 0x00, 0x00, 0x00, 0xc3, 0x98,
    0x00, 0x00, 0x00, 0x00, 0x00, 0x00, 0x00, 0x00, 0xc3, 0x98, 0x00, 0x00, 0x00, 0x00, 0xc3, 0x98,
    0x00, 0x00, 0x00, 0x00, 0xc3, 0x98, 0x00, 0x00, 0x00, 0x00, 0xc3, 0x98, 0xc6, 0xfe, 0xc6, 0xfe,
    0xc6, 0xfe, 0xc6, 0xfe, 0xc3, 0x98, 0x00, 0x00, 0x00, 0x00, 0xc3, 0x98, 0x00, 0x00, 0x00, 0x00,
    0xc3, 0x98, 0x00, 0x00, 0x00, 0x00, 0xc3, 0x98, 0x00, 0x00, 0x00, 0x00, 0x00, 0x00, 0xc3, 0x98,
    0x00, 0x00, 0x00, 0x00, 0x00, 0x00, 0xc3, 0x98, 0x00, 0x00, 0x00, 0x00, 0xc3, 0x98, 0x00, 0x00,
    0x00, 0x00, 0xc3, 0x98, 0xc6, 0xfe, 0xc6, 0xfe, 0x85, 0xe9, 0x85, 0xe9, 0xc6, 0xfe, 0xc6, 0xfe,
    0xc3, 0x98, 0x00, 0x00, 0x00, 0x00, 0xc3, 0x98, 0x00, 0x00, 0x00, 0x00, 0xc3, 0x98, 0x00, 0x00,
    0x00, 0x00, 0x00, 0x00, 0xc3, 0x98, 0x00, 0x00, 0x00, 0x00, 0xc3, 0x98, 0x00, 0x00, 0x00, 0x00,
    0x00, 0x00, 0xc3, 0x98, 0x00, 0x00, 0x00, 0x00, 0x00, 0x00, 0xc3, 0x98, 0xc6, 0xfe, 0x85, 0xe9,
    0x85, 0xe9, 0x84, 0xf4, 0x84, 0xf4, 0x85, 0xe9, 0x85, 0xe9, 0xc6, 0xfe, 0xc3, 0x98, 0x00, 0x00,
    0x00, 0x00, 0x00, 0x00, 0xc3, 0x98, 0x00, 0x00, 0x00, 0x00, 0x00, 0x00, 0xc3, 0x98, 0x00, 0x00,
    0x00, 0x00, 0x00, 0x00, 0x00, 0x00, 0xc3, 0x98, 0x00, 0x00, 0x00, 0x00, 0x00, 0x00, 0xc3, 0x98,
    0x00, 0x00, 0xc3, 0x98, 0xc6, 0xfe, 0x85, 0xe9, 0x84, 0xf4, 0x84, 0xf4, 0x84, 0xf4, 0x84, 0xf4,
    0x84, 0xf4, 0x84, 0xf4, 0x85, 0xe9, 0xc6, 0xfe, 0xc3, 0x98, 0x00, 0x00, 0xc3, 0x98, 0x00, 0x00,
    0x00, 0x00, 0x00, 0x00, 0xc3, 0x98, 0x00, 0x00, 0x00, 0x00, 0x00, 0x00, 0xc3, 0x98, 0x00, 0x00,
    0x00, 0x00, 0xc3, 0x98, 0x00, 0x00, 0x00, 0x00, 0x00, 0x00, 0xc3, 0x98, 0xc6, 0xfe, 0x85, 0xe9,
    0x84, 0xf4, 0x84, 0xf4, 0x84, 0xf4, 0x84, 0xf4, 0x84, 0xf4, 0x84, 0xf4, 0x84, 0xf4, 0x84, 0xf4,
    0x85, 0xe9, 0xc6, 0xfe, 0xc3, 0x98, 0x00, 0x00, 0x00, 0x00, 0x00, 0x00, 0xc3, 0x98, 0x00, 0x00,
    0x00, 0x00, 0xc3, 0x98, 0x00, 0x00, 0x00, 0x00, 0xc3, 0x98, 0xc3, 0x98, 0x00, 0x00, 0x00, 0x00,
    0x00, 0x00, 0xc3, 0x98, 0xc6, 0xfe, 0x85, 0xe9, 0x84, 0xf4, 0x84, 0xf4, 0x84, 0xf4, 0x84, 0xf4,
    0x84, 0xf4, 0x84, 0xf4, 0x84, 0xf4, 0x84, 0xf4, 0x84, 0xf4, 0x84, 0xf4, 0x85, 0xe9, 0xc6, 0xfe,
    0xc3, 0x98, 0x00, 0x00, 0x00, 0x00, 0x00, 0x00, 0xc3, 0x98, 0xc3, 0x98, 0x00, 0x00, 0x00, 0x00,
    0x00, 0x00, 0x00, 0x00, 0x00, 0x00, 0x00, 0x00, 0xc3, 0x98, 0xc3, 0x98, 0xc6, 0xfe, 0x85, 0xe9,
    0x84, 0xf4, 0x84, 0xf4, 0x84, 0xf4, 0x84, 0xf4, 0x84, 0xf4, 0x84, 0xf4, 0x84, 0xf4, 0x84, 0xf4,
    0x84, 0xf4, 0x84, 0xf4, 0x84, 0xf4, 0x84, 0xf4, 0x85, 0xe9, 0xc6, 0xfe, 0xc3, 0x98, 0xc3, 0x98,
    0x00, 0x00, 0x00, 0x00, 0x00, 0x00, 0x00, 0x00, 0x00, 0x00, 0x00, 0x00, 0xc3, 0x98, 0x00, 0x00,
    0x00, 0x00, 0xc3, 0x98, 0xc6, 0xfe, 0x85, 0xe9, 0x84, 0xf4, 0x84, 0xf4, 0x84, 0xf4, 0x84, 0xf4,
    0x84, 0xf4, 0x84, 0xf4, 0x84, 0xf4, 0x84, 0xf4, 0x84, 0xf4, 0x84, 0xf4, 0x84, 0xf4, 0x84, 0xf4,
    0x84, 0xf4, 0x84, 0xf4, 0x85, 0xe9, 0xc6, 0xfe, 0xc3, 0x98, 0x00, 0x00, 0x00, 0x00, 0xc3, 0x98,
    0x00, 0x00, 0x00, 0x00, 0x00, 0x00, 0x00, 0x00, 0xc3, 0x98, 0xc3, 0x98, 0xc6, 0xfe, 0x85, 0xe9,
    0x84, 0xf4, 0x84, 0xf4, 0x84, 0xf4, 0x84, 0xf4, 0x84, 0xf4, 0x84, 0xf4, 0x84, 0xf4, 0x84, 0xf4,
    0x84, 0xf4, 0x84, 0xf4, 0x84, 0xf4, 0x84, 0xf4, 0x84, 0xf4, 0x84, 0xf4, 0x84, 0xf4, 0x84, 0xf4,
    0x85, 0xe9, 0xc6, 0xfe, 0xc3, 0x98, 0xc3, 0x98, 0x00, 0x00, 0x00, 0x00, 0x00, 0x00, 0xc3, 0x98,
    0xc3, 0x98, 0xc6, 0xfe, 0x85, 0xe9, 0x84, 0xf4, 0x84, 0xf4, 0x84, 0xf4, 0x84, 0xf4, 0x84, 0xf4,
    0x84, 0xf4, 0x84, 0xf4, 0x84, 0xf4, 0x84, 0xf4, 0x84, 0xf4, 0x84, 0xf4, 0x84, 0xf4, 0x84, 0xf4,
    0x84, 0xf4, 0x84, 0xf4, 0x84, 0xf4, 0x84, 0xf4, 0x84, 0xf4, 0x84, 0xf4, 0x84, 0xf4, 0x85, 0xe9,
    0xc6, 0xfe, 0xc3, 0x98, 0xc3, 0x98, 0x00, 0x00, 0x00, 0x00, 0x00, 0x00, 0xc3, 0x98, 0xc3, 0x98,
    0xc6, 0xfe, 0x85, 0xe9, 0x84, 0xf4, 0x84, 0xf4, 0x84, 0xf4, 0x84, 0xf4, 0x84, 0xf4, 0x84, 0xf4,
    0x84, 0xf4, 0x84, 0xf4, 0x84, 0xf4, 0x84, 0xf4, 0x84, 0xf4, 0x84, 0xf4, 0x84, 0xf4, 0x84, 0xf4,
    0x84, 0xf4, 0x84, 0xf4, 0x85, 0xe9, 0xc6, 0xfe, 0xc3, 0x98, 0xc3, 0x98, 0x00, 0x00, 0x00, 0x00,
    0x00, 0x00, 0x00, 0x00, 0xc3, 0x98, 0x00, 0x00, 0x00, 0x00, 0xc3, 0x98, 0xc6, 0xfe, 0x85, 0xe9,
    0x84, 0xf4, 0x84, 0xf4, 0x84, 0xf4, 0x84, 0xf4, 0x84, 0xf4, 0x84, 0xf4, 0x84, 0xf4, 0x84, 0xf4,
    0x84, 0xf4, 0x84, 0xf4, 0x84, 0xf4, 0x84, 0xf4, 0x84, 0xf4, 0x84, 0xf4, 0x85, 0xe9, 0xc6, 0xfe,
    0xc3, 0x98, 0x00, 0x00, 0x00, 0x00, 0xc3, 0x98, 0x00, 0x00, 0x00, 0x00, 0x00, 0x00, 0x00, 0x00,
    0x00, 0x00, 0x00, 0x00, 0xc3, 0x98, 0xc3, 0x98, 0xc6, 0xfe, 0x85, 0xe9, 0x84, 0xf4, 0x84, 0xf4,
    0x84, 0xf4, 0x84, 0xf4, 0x84, 0xf4, 0x84, 0xf4, 0x84, 0xf4, 0x84, 0xf4, 0x84, 0xf4, 0x84, 0xf4,
    0x84, 0xf4, 0x84, 0xf4, 0x85, 0xe9, 0xc6, 0xfe, 0xc3, 0x98, 0xc3, 0x98, 0x00, 0x00, 0x00, 0x00,
    0x00, 0x00, 0x00, 0x00, 0x00, 0x00, 0x00, 0x00, 0xc3, 0x98, 0xc3, 0x98, 0x00, 0x00, 0x00, 0x00,
    0x00, 0x00, 0xc3, 0x98, 0xc6, 0xfe, 0x85, 0xe9, 0x84, 0xf4, 0x84, 0xf4, 0x84, 0xf4, 0x84, 0xf4,
    0x84, 0xf4, 0x84, 0xf4, 0x84, 0xf4, 0x84, 0xf4, 0x84, 0xf4, 0x84, 0xf4, 0x85, 0xe9, 0xc6, 0xfe,
    0xc3, 0x98, 0x00, 0x00, 0x00, 0x00, 0x00, 0x00, 0xc3, 0x98, 0xc3, 0x98, 0x00, 0x00, 0x00, 0x00,
    0xc3, 0x98, 0x00, 0x00, 0x00, 0x00, 0xc3, 0x98, 0x00, 0x00, 0x00, 0x00, 0x00, 0x00, 0xc3, 0x98,
    0xc6, 0xfe, 0x85, 0xe9, 0x84, 0xf4, 0x84, 0xf4, 0x84, 0xf4, 0x84, 0xf4, 0x84, 0xf4, 0x84, 0xf4,
    0x84, 0xf4, 0x84, 0xf4, 0x85, 0xe9, 0xc6, 0xfe, 0xc3, 0x98, 0x00, 0x00, 0x00, 0x00, 0x00, 0x00,
    0xc3, 0x98, 0x00, 0x00, 0x00, 0x00, 0xc3, 0x98, 0x00, 0x00, 0x00, 0x00, 0x00, 0x00, 0xc3, 0x98,
    0x00, 0x00, 0x00, 0x00, 0x00, 0x00, 0xc3, 0x98, 0x00, 0x00, 0xc3, 0x98, 0xc6, 0xfe, 0x85, 0xe9,
    0x84, 0xf4, 0x84, 0xf4, 0x84, 0xf4, 0x84, 0xf4, 0x84, 0xf4, 0x84, 0xf4, 0x85, 0xe9, 0xc6, 0xfe,
    0xc3, 0x98, 0x00, 0x00, 0xc3, 0x98, 0x00, 0x00, 0x00, 0x00, 0x00, 0x00, 0xc3, 0x98, 0x00, 0x00,
    0x00, 0x00, 0x00, 0x00, 0x00, 0x00, 0xc3, 0x98, 0x00, 0x00, 0x00, 0x00, 0x00, 0x00, 0xc3, 0x98,
    0x00, 0x00, 0x00, 0x00, 0x00, 0x00, 0xc3, 0x98, 0xc6, 0xfe, 0x85, 0xe9, 0x85, 0xe9, 0x84, 0xf4,
    0x84, 0xf4, 0x85, 0xe9, 0x85, 0xe9, 0xc6, 0xfe, 0xc3, 0x98, 0x00, 0x00, 0x00, 0x00, 0x00, 0x00,
    0xc3, 0x98, 0x00, 0x00, 0x00, 0x00, 0x00, 0x00, 0xc3, 0x98, 0x00, 0x00, 0x00, 0x00, 0xc3, 0x98,
    0x00, 0x00, 0x00, 0x00, 0x00, 0x00, 0xc3, 0x98, 0x00, 0x00, 0x00, 0x00, 0xc3, 0x98, 0x00, 0x00,
    0x00, 0x00, 0xc3, 0x98, 0xc6, 0xfe, 0xc6, 0xfe, 0x85, 0xe9, 0x85, 0xe9, 0xc6, 0xfe, 0xc6, 0xfe,
    0xc3, 0x98, 0x00, 0x00, 0x00, 0x00, 0xc3, 0x98, 0x00, 0x00, 0x00, 0x00, 0xc3, 0x98, 0x00, 0x00,
    0x00, 0x00, 0x00, 0x00, 0xc3, 0x98, 0x00, 0x00, 0x00, 0x00, 0x00, 0x00, 0xc3, 0x98, 0x00, 0x00,
    0x00, 0x00, 0xc3, 0x98, 0x00, 0x00, 0x00, 0x00, 0xc3, 0x98, 0x00, 0x00, 0x00, 0x00, 0xc3, 0x98,
    0xc6, 0xfe, 0xc6, 0xfe, 0xc6, 0xfe, 0xc6, 0xfe, 0xc3, 0x98, 0x00, 0x00, 0x00, 0x00, 0xc3, 0x98,
    0x00, 0x00, 0x00, 0x00, 0xc3, 0x98, 0x00, 0x00, 0x00, 0x00, 0xc3, 0x98, 0x00, 0x00, 0x00, 0x00,
    0x00, 0x00, 0x00, 0x00, 0xc3, 0x98, 0x00, 0x00, 0x00, 0x00, 0xc3, 0x98, 0x00, 0x00, 0x00, 0x00,
    0x00, 0x00, 0x00, 0x00, 0xc3, 0x98, 0x00, 0x00, 0x00, 0x00, 0xc3, 0x98, 0xc3, 0x98, 0xc3, 0x98,
    0xc3, 0x98, 0x00, 0x00, 0x00, 0x00, 0xc3, 0x98, 0x00, 0x00, 0x00, 0x00, 0x00, 0x00, 0x00, 0x00,
    0xc3, 0x98, 0x00, 0x00, 0x00, 0x00, 0xc3, 0x98, 0x00, 0x00, 0x00, 0x00, 0x00, 0x00, 0x00, 0x00,
    0x00, 0x00, 0xc3, 0x98, 0x00, 0x00, 0x00, 0x00, 0x00, 0x00, 0x00, 0x00, 0x00, 0x00, 0x00, 0x00,
    0xc3, 0x98, 0x00, 0x00, 0x00, 0x00, 0x00, 0x00, 0x00, 0x00, 0x00, 0x00, 0x00, 0x00, 0x00, 0x00,
    0x00, 0x00, 0xc3, 0x98, 0x00, 0x00, 0x00, 0x00, 0x00, 0x00, 0x00, 0x00, 0x00, 0x00, 0xc3, 0x98,
    0x00, 0x00, 0x00, 0x00, 0x00, 0x00, 0x00, 0x00, 0x00, 0x00, 0x00, 0x00, 0x00, 0x00, 0x00, 0x00,
    0x00, 0x00, 0x00, 0x00, 0x00, 0x00, 0x00, 0x00, 0x00, 0x00, 0x00, 0x00, 0x00, 0x00, 0x00, 0x00,
    0x00, 0x00, 0x00, 0x00, 0x00, 0x00, 0x00, 0x00, 0x00, 0x00, 0x00, 0x00, 0x00, 0x00, 0x00, 0x00,
    0x00, 0x00, 0x00, 0x00, 0x00, 0x00, 0x00, 0x00, 0x00, 0x00, 0x00, 0x00, 0x00, 0x00, 0x00, 0x00,
    /* Alpha plane (0=transparent, 0xFF=opaque) */
    0x00, 0x00, 0x00, 0xff, 0x00, 0x00, 0x00, 0x00, 0x00, 0x00, 0xff, 0x00, 0x00, 0x00, 0x00, 0x00,
    0x00, 0x00, 0x00, 0xff, 0x00, 0x00, 0x00, 0x00, 0x00, 0xff, 0x00, 0x00, 0x00, 0x00, 0xff, 0x00,
    0x00, 0xff, 0x00, 0x00, 0x00, 0x00, 0xff, 0x00, 0x00, 0xff, 0xff, 0xff, 0xff, 0x00, 0x00, 0xff,
    0x00, 0x00, 0x00, 0x00, 0xff, 0x00, 0x00, 0xff, 0x00, 0x00, 0x00, 0x00, 0xff, 0x00, 0x00, 0xff,
    0x00, 0x00, 0xff, 0x00, 0x00, 0xff, 0xff, 0xff, 0xff, 0xff, 0xff, 0x00, 0x00, 0xff, 0x00, 0x00,
    0xff, 0x00, 0x00, 0xff, 0x00, 0x00, 0x00, 0xff, 0x00, 0x00, 0x00, 0xff, 0x00, 0x00, 0xff, 0x00,
    0x00, 0xff, 0xff, 0xff, 0xff, 0xff, 0xff, 0xff, 0xff, 0x00, 0x00, 0xff, 0x00, 0x00, 0xff, 0x00,
    0x00, 0x00, 0xff, 0x00, 0x00, 0xff, 0x00, 0x00, 0x00, 0xff, 0x00, 0x00, 0x00, 0xff, 0xff, 0xff,
    0xff, 0xff, 0xff, 0xff, 0xff, 0xff, 0xff, 0x00, 0x00, 0x00, 0xff, 0x00, 0x00, 0x00, 0xff, 0x00,
    0x00, 0x00, 0x00, 0xff, 0x00, 0x00, 0x00, 0xff, 0x00, 0xff, 0xff, 0xff, 0xff, 0xff, 0xff, 0xff,
    0xff, 0xff, 0xff, 0xff, 0xff, 0x00, 0xff, 0x00, 0x00, 0x00, 0xff, 0x00, 0x00, 0x00, 0xff, 0x00,
    0x00, 0xff, 0x00, 0x00, 0x00, 0xff, 0xff, 0xff, 0xff, 0xff, 0xff, 0xff, 0xff, 0xff, 0xff, 0xff,
    0xff, 0xff, 0xff, 0x00, 0x00, 0x00, 0xff, 0x00, 0x00, 0xff, 0x00, 0x00, 0xff, 0xff, 0x00, 0x00,
    0x00, 0xff, 0xff, 0xff, 0xff, 0xff, 0xff, 0xff, 0xff, 0xff, 0xff, 0xff, 0xff, 0xff, 0xff, 0xff,
    0xff, 0x00, 0x00, 0x00, 0xff, 0xff, 0x00, 0x00, 0x00, 0x00, 0x00, 0x00, 0xff, 0xff, 0xff, 0xff,
    0xff, 0xff, 0xff, 0xff, 0xff, 0xff, 0xff, 0xff, 0xff, 0xff, 0xff, 0xff, 0xff, 0xff, 0xff, 0xff,
    0x00, 0x00, 0x00, 0x00, 0x00, 0x00, 0xff, 0x00, 0x00, 0xff, 0xff, 0xff, 0xff, 0xff, 0xff, 0xff,
    0xff, 0xff, 0xff, 0xff, 0xff, 0xff, 0xff, 0xff, 0xff, 0xff, 0xff, 0xff, 0xff, 0x00, 0x00, 0xff,
    0x00, 0x00, 0x00, 0x00, 0xff, 0xff, 0xff, 0xff, 0xff, 0xff, 0xff, 0xff, 0xff, 0xff, 0xff, 0xff,
    0xff, 0xff, 0xff, 0xff, 0xff, 0xff, 0xff, 0xff, 0xff, 0xff, 0xff, 0xff, 0x00, 0x00, 0x00, 0xff,
    0xff, 0xff, 0xff, 0xff, 0xff, 0xff, 0xff, 0xff, 0xff, 0xff, 0xff, 0xff, 0xff, 0xff, 0xff, 0xff,
    0xff, 0xff, 0xff, 0xff, 0xff, 0xff, 0xff, 0xff, 0xff, 0xff, 0xff, 0x00, 0x00, 0x00, 0xff, 0xff,
    0xff, 0xff, 0xff, 0xff, 0xff, 0xff, 0xff, 0xff, 0xff, 0xff, 0xff, 0xff, 0xff, 0xff, 0xff, 0xff,
    0xff, 0xff, 0xff, 0xff, 0xff, 0xff, 0x00, 0x00, 0x00, 0x00, 0xff, 0x00, 0x00, 0xff, 0xff, 0xff,
    0xff, 0xff, 0xff, 0xff, 0xff, 0xff, 0xff, 0xff, 0xff, 0xff, 0xff, 0xff, 0xff, 0xff, 0xff, 0xff,
    0xff, 0x00, 0x00, 0xff, 0x00, 0x00, 0x00, 0x00, 0x00, 0x00, 0xff, 0xff, 0xff, 0xff, 0xff, 0xff,
    0xff, 0xff, 0xff, 0xff, 0xff, 0xff, 0xff, 0xff, 0xff, 0xff, 0xff, 0xff, 0xff, 0xff, 0x00, 0x00,
    0x00, 0x00, 0x00, 0x00, 0xff, 0xff, 0x00, 0x00, 0x00, 0xff, 0xff, 0xff, 0xff, 0xff, 0xff, 0xff,
    0xff, 0xff, 0xff, 0xff, 0xff, 0xff, 0xff, 0xff, 0xff, 0x00, 0x00, 0x00, 0xff, 0xff, 0x00, 0x00,
    0xff, 0x00, 0x00, 0xff, 0x00, 0x00, 0x00, 0xff, 0xff, 0xff, 0xff, 0xff, 0xff, 0xff, 0xff, 0xff,
    0xff, 0xff, 0xff, 0xff, 0xff, 0x00, 0x00, 0x00, 0xff, 0x00, 0x00, 0xff, 0x00, 0x00, 0x00, 0xff,
    0x00, 0x00, 0x00, 0xff, 0x00, 0xff, 0xff, 0xff, 0xff, 0xff, 0xff, 0xff, 0xff, 0xff, 0xff, 0xff,
    0xff, 0x00, 0xff, 0x00, 0x00, 0x00, 0xff, 0x00, 0x00, 0x00, 0x00, 0xff, 0x00, 0x00, 0x00, 0xff,
    0x00, 0x00, 0x00, 0xff, 0xff, 0xff, 0xff, 0xff, 0xff, 0xff, 0xff, 0xff, 0xff, 0x00, 0x00, 0x00,
    0xff, 0x00, 0x00, 0x00, 0xff, 0x00, 0x00, 0xff, 0x00, 0x00, 0x00, 0xff, 0x00, 0x00, 0xff, 0x00,
    0x00, 0xff, 0xff, 0xff, 0xff, 0xff, 0xff, 0xff, 0xff, 0x00, 0x00, 0xff, 0x00, 0x00, 0xff, 0x00,
    0x00, 0x00, 0xff, 0x00, 0x00, 0x00, 0xff, 0x00, 0x00, 0xff, 0x00, 0x00, 0xff, 0x00, 0x00, 0xff,
    0xff, 0xff, 0xff, 0xff, 0xff, 0x00, 0x00, 0xff, 0x00, 0x00, 0xff, 0x00, 0x00, 0xff, 0x00, 0x00,
    0x00, 0x00, 0xff, 0x00, 0x00, 0xff, 0x00, 0x00, 0x00, 0x00, 0xff, 0x00, 0x00, 0xff, 0xff, 0xff,
    0xff, 0x00, 0x00, 0xff, 0x00, 0x00, 0x00, 0x00, 0xff, 0x00, 0x00, 0xff, 0x00, 0x00, 0x00, 0x00,
    0x00, 0xff, 0x00, 0x00, 0x00, 0x00, 0x00, 0x00, 0xff, 0x00, 0x00, 0x00, 0x00, 0x00, 0x00, 0x00,
    0x00, 0xff, 0x00, 0x00, 0x00, 0x00, 0x00, 0xff, 0x00, 0x00, 0x00, 0x00, 0x00, 0x00, 0x00, 0x00,
    0x00, 0x00, 0x00, 0x00, 0x00, 0x00, 0x00, 0x00, 0x00, 0x00, 0x00, 0x00, 0x00, 0x00, 0x00, 0x00,
    0x00, 0x00, 0x00, 0x00, 0x00, 0x00, 0x00, 0x00,
};
const lv_image_dsc_t shooter_boom_f2 = {
    .header = {
        .magic  = LV_IMAGE_HEADER_MAGIC,
        .cf     = LV_COLOR_FORMAT_RGB565A8,
        .flags  = 0,
        .w      = 29,
        .h      = 24,
        .stride = 29 * 2,
    },
    .data_size = sizeof(shooter_boom_f2_data),
    .data = shooter_boom_f2_data,
};
