/* Auto-generated by xxd — see gen_lotties.py. Do NOT edit. */
#include <stddef.h>
#include <stdint.h>

const uint8_t default_sleep_json[] = {
  0x7b, 0x22, 0x76, 0x22, 0x3a, 0x22, 0x35, 0x2e, 0x37, 0x2e, 0x33, 0x22,
  0x2c, 0x22, 0x6e, 0x6d, 0x22, 0x3a, 0x22, 0x73, 0x6c, 0x65, 0x65, 0x70,
  0x22, 0x2c, 0x22, 0x66, 0x72, 0x22, 0x3a, 0x33, 0x30, 0x2c, 0x22, 0x69,
  0x70, 0x22, 0x3a, 0x30, 0x2c, 0x22, 0x6f, 0x70, 0x22, 0x3a, 0x31, 0x32,
  0x30, 0x2c, 0x22, 0x77, 0x22, 0x3a, 0x32, 0x30, 0x30, 0x2c, 0x22, 0x68,
  0x22, 0x3a, 0x32, 0x30, 0x30, 0x2c, 0x22, 0x64, 0x64, 0x64, 0x22, 0x3a,
  0x30, 0x2c, 0x22, 0x61, 0x73, 0x73, 0x65, 0x74, 0x73, 0x22, 0x3a, 0x5b,
  0x5d, 0x2c, 0x22, 0x6c, 0x61, 0x79, 0x65, 0x72, 0x73, 0x22, 0x3a, 0x5b,
  0x7b, 0x22, 0x74, 0x79, 0x22, 0x3a, 0x34, 0x2c, 0x22, 0x6e, 0x6d, 0x22,
  0x3a, 0x22, 0x70, 0x75, 0x70, 0x70, 0x65, 0x74, 0x22, 0x2c, 0x22, 0x73,
  0x72, 0x22, 0x3a, 0x31, 0x2c, 0x22, 0x6b, 0x73, 0x22, 0x3a, 0x7b, 0x22,
  0x70, 0x22, 0x3a, 0x7b, 0x22, 0x61, 0x22, 0x3a, 0x31, 0x2c, 0x22, 0x6b,
  0x22, 0x3a, 0x5b, 0x7b, 0x22, 0x74, 0x22, 0x3a, 0x30, 0x2c, 0x22, 0x73,
  0x22, 0x3a, 0x5b, 0x31, 0x30, 0x30, 0x2c, 0x31, 0x30, 0x30, 0x2c, 0x30,
  0x5d, 0x7d, 0x2c, 0x7b, 0x22, 0x74, 0x22, 0x3a, 0x36, 0x30, 0x2c, 0x22,
  0x73, 0x22, 0x3a, 0x5b, 0x31, 0x30, 0x30, 0x2c, 0x31, 0x30, 0x32, 0x2c,
  0x30, 0x5d, 0x7d, 0x2c, 0x7b, 0x22, 0x74, 0x22, 0x3a, 0x31, 0x32, 0x30,
  0x2c, 0x22, 0x73, 0x22, 0x3a, 0x5b, 0x31, 0x30, 0x30, 0x2c, 0x31, 0x30,
  0x30, 0x2c, 0x30, 0x5d, 0x7d, 0x5d, 0x7d, 0x2c, 0x22, 0x61, 0x22, 0x3a,
  0x7b, 0x22, 0x61, 0x22, 0x3a, 0x30, 0x2c, 0x22, 0x6b, 0x22, 0x3a, 0x5b,
  0x30, 0x2c, 0x30, 0x2c, 0x30, 0x5d, 0x7d, 0x2c, 0x22, 0x73, 0x22, 0x3a,
  0x7b, 0x22, 0x61, 0x22, 0x3a, 0x31, 0x2c, 0x22, 0x6b, 0x22, 0x3a, 0x5b,
  0x7b, 0x22, 0x74, 0x22, 0x3a, 0x30, 0x2c, 0x22, 0x73, 0x22, 0x3a, 0x5b,
  0x31, 0x30, 0x30, 0x2c, 0x39, 0x38, 0x5d, 0x7d, 0x2c, 0x7b, 0x22, 0x74,
  0x22, 0x3a, 0x36, 0x30, 0x2c, 0x22, 0x73, 0x22, 0x3a, 0x5b, 0x31, 0x30,
  0x32, 0x2c, 0x31, 0x30, 0x33, 0x5d, 0x7d, 0x2c, 0x7b, 0x22, 0x74, 0x22,
  0x3a, 0x31, 0x32, 0x30, 0x2c, 0x22, 0x73, 0x22, 0x3a, 0x5b, 0x31, 0x30,
  0x30, 0x2c, 0x39, 0x38, 0x5d, 0x7d, 0x5d, 0x7d, 0x2c, 0x22, 0x72, 0x22,
  0x3a, 0x7b, 0x22, 0x61, 0x22, 0x3a, 0x30, 0x2c, 0x22, 0x6b, 0x22, 0x3a,
  0x30, 0x7d, 0x2c, 0x22, 0x6f, 0x22, 0x3a, 0x7b, 0x22, 0x61, 0x22, 0x3a,
  0x30, 0x2c, 0x22, 0x6b, 0x22, 0x3a, 0x31, 0x30, 0x30, 0x7d, 0x7d, 0x2c,
  0x22, 0x61, 0x6f, 0x22, 0x3a, 0x30, 0x2c, 0x22, 0x73, 0x68, 0x61, 0x70,
  0x65, 0x73, 0x22, 0x3a, 0x5b, 0x7b, 0x22, 0x74, 0x79, 0x22, 0x3a, 0x22,
  0x67, 0x72, 0x22, 0x2c, 0x22, 0x6e, 0x6d, 0x22, 0x3a, 0x22, 0x61, 0x6e,
  0x74, 0x65, 0x6e, 0x6e, 0x61, 0x22, 0x2c, 0x22, 0x69, 0x74, 0x22, 0x3a,
  0x5b, 0x7b, 0x22, 0x74, 0x79, 0x22, 0x3a, 0x22, 0x72, 0x63, 0x22, 0x2c,
  0x22, 0x64, 0x22, 0x3a, 0x31, 0x2c, 0x22, 0x73, 0x22, 0x3a, 0x7b, 0x22,
  0x61, 0x22, 0x3a, 0x30, 0x2c, 0x22, 0x6b, 0x22, 0x3a, 0x5b, 0x34, 0x2c,
  0x32, 0x32, 0x5d, 0x7d, 0x2c, 0x22, 0x70, 0x22, 0x3a, 0x7b, 0x22, 0x61,
  0x22, 0x3a, 0x30, 0x2c, 0x22, 0x6b, 0x22, 0x3a, 0x5b, 0x30, 0x2c, 0x34,
  0x5d, 0x7d, 0x2c, 0x22, 0x72, 0x22, 0x3a, 0x7b, 0x22, 0x61, 0x22, 0x3a,
  0x30, 0x2c, 0x22, 0x6b, 0x22, 0x3a, 0x32, 0x7d, 0x2c, 0x22, 0x6e, 0x6d,
  0x22, 0x3a, 0x22, 0x72, 0x63, 0x22, 0x7d, 0x2c, 0x7b, 0x22, 0x74, 0x79,
  0x22, 0x3a, 0x22, 0x66, 0x6c, 0x22, 0x2c, 0x22, 0x63, 0x22, 0x3a, 0x7b,
  0x22, 0x61, 0x22, 0x3a, 0x30, 0x2c, 0x22, 0x6b, 0x22, 0x3a, 0x5b, 0x30,
  0x2e, 0x30, 0x33, 0x39, 0x2c, 0x30, 0x2e, 0x30, 0x33, 0x39, 0x2c, 0x30,
  0x2e, 0x30, 0x33, 0x39, 0x2c, 0x31, 0x5d, 0x7d, 0x2c, 0x22, 0x6f, 0x22,
  0x3a, 0x7b, 0x22, 0x61, 0x22, 0x3a, 0x30, 0x2c, 0x22, 0x6b, 0x22, 0x3a,
  0x31, 0x30, 0x30, 0x7d, 0x2c, 0x22, 0x72, 0x22, 0x3a, 0x31, 0x2c, 0x22,
  0x6e, 0x6d, 0x22, 0x3a, 0x22, 0x66, 0x6c, 0x22, 0x7d, 0x2c, 0x7b, 0x22,
  0x74, 0x79, 0x22, 0x3a, 0x22, 0x65, 0x6c, 0x22, 0x2c, 0x22, 0x64, 0x22,
  0x3a, 0x31, 0x2c, 0x22, 0x73, 0x22, 0x3a, 0x7b, 0x22, 0x61, 0x22, 0x3a,
  0x30, 0x2c, 0x22, 0x6b, 0x22, 0x3a, 0x5b, 0x31, 0x36, 0x2c, 0x31, 0x36,
  0x5d, 0x7d, 0x2c, 0x22, 0x70, 0x22, 0x3a, 0x7b, 0x22, 0x61, 0x22, 0x3a,
  0x30, 0x2c, 0x22, 0x6b, 0x22, 0x3a, 0x5b, 0x30, 0x2c, 0x2d, 0x31, 0x30,
  0x5d, 0x7d, 0x2c, 0x22, 0x6e, 0x6d, 0x22, 0x3a, 0x22, 0x65, 0x6c, 0x22,
  0x7d, 0x2c, 0x7b, 0x22, 0x74, 0x79, 0x22, 0x3a, 0x22, 0x66, 0x6c, 0x22,
  0x2c, 0x22, 0x63, 0x22, 0x3a, 0x7b, 0x22, 0x61, 0x22, 0x3a, 0x30, 0x2c,
  0x22, 0x6b, 0x22, 0x3a, 0x5b, 0x30, 0x2c, 0x30, 0x2e, 0x38, 0x39, 0x38,
  0x2c, 0x30, 0x2e, 0x36, 0x32, 0x37, 0x2c, 0x31, 0x5d, 0x7d, 0x2c, 0x22,
  0x6f, 0x22, 0x3a, 0x7b, 0x22, 0x61, 0x22, 0x3a, 0x30, 0x2c, 0x22, 0x6b,
  0x22, 0x3a, 0x31, 0x30, 0x30, 0x7d, 0x2c, 0x22, 0x72, 0x22, 0x3a, 0x31,
  0x2c, 0x22, 0x6e, 0x6d, 0x22, 0x3a, 0x22, 0x66, 0x6c, 0x22, 0x7d, 0x2c,
  0x7b, 0x22, 0x74, 0x79, 0x22, 0x3a, 0x22, 0x65, 0x6c, 0x22, 0x2c, 0x22,
  0x64, 0x22, 0x3a, 0x31, 0x2c, 0x22, 0x73, 0x22, 0x3a, 0x7b, 0x22, 0x61,
  0x22, 0x3a, 0x30, 0x2c, 0x22, 0x6b, 0x22, 0x3a, 0x5b, 0x36, 0x2c, 0x36,
  0x5d, 0x7d, 0x2c, 0x22, 0x70, 0x22, 0x3a, 0x7b, 0x22, 0x61, 0x22, 0x3a,
  0x30, 0x2c, 0x22, 0x6b, 0x22, 0x3a, 0x5b, 0x2d, 0x33, 0x2c, 0x2d, 0x31,
  0x33, 0x5d, 0x7d, 0x2c, 0x22, 0x6e, 0x6d, 0x22, 0x3a, 0x22, 0x65, 0x6c,
  0x22, 0x7d, 0x2c, 0x7b, 0x22, 0x74, 0x79, 0x22, 0x3a, 0x22, 0x66, 0x6c,
  0x22, 0x2c, 0x22, 0x63, 0x22, 0x3a, 0x7b, 0x22, 0x61, 0x22, 0x3a, 0x30,
  0x2c, 0x22, 0x6b, 0x22, 0x3a, 0x5b, 0x31, 0x2c, 0x31, 0x2c, 0x31, 0x2c,
  0x31, 0x5d, 0x7d, 0x2c, 0x22, 0x6f, 0x22, 0x3a, 0x7b, 0x22, 0x61, 0x22,
  0x3a, 0x30, 0x2c, 0x22, 0x6b, 0x22, 0x3a, 0x38, 0x30, 0x7d, 0x2c, 0x22,
  0x72, 0x22, 0x3a, 0x31, 0x2c, 0x22, 0x6e, 0x6d, 0x22, 0x3a, 0x22, 0x66,
  0x6c, 0x22, 0x7d, 0x2c, 0x7b, 0x22, 0x74, 0x79, 0x22, 0x3a, 0x22, 0x74,
  0x72, 0x22, 0x2c, 0x22, 0x70, 0x22, 0x3a, 0x7b, 0x22, 0x61, 0x22, 0x3a,
  0x30, 0x2c, 0x22, 0x6b, 0x22, 0x3a, 0x5b, 0x30, 0x2c, 0x2d, 0x37, 0x38,
  0x5d, 0x7d, 0x2c, 0x22, 0x61, 0x22, 0x3a, 0x7b, 0x22, 0x61, 0x22, 0x3a,
  0x30, 0x2c, 0x22, 0x6b, 0x22, 0x3a, 0x5b, 0x30, 0x2c, 0x30, 0x5d, 0x7d,
  0x2c, 0x22, 0x73, 0x22, 0x3a, 0x7b, 0x22, 0x61, 0x22, 0x3a, 0x30, 0x2c,
  0x22, 0x6b, 0x22, 0x3a, 0x5b, 0x31, 0x30, 0x30, 0x2c, 0x31, 0x30, 0x30,
  0x5d, 0x7d, 0x2c, 0x22, 0x72, 0x22, 0x3a, 0x7b, 0x22, 0x61, 0x22, 0x3a,
  0x30, 0x2c, 0x22, 0x6b, 0x22, 0x3a, 0x30, 0x7d, 0x2c, 0x22, 0x6f, 0x22,
  0x3a, 0x7b, 0x22, 0x61, 0x22, 0x3a, 0x30, 0x2c, 0x22, 0x6b, 0x22, 0x3a,
  0x31, 0x30, 0x30, 0x7d, 0x7d, 0x5d, 0x7d, 0x2c, 0x7b, 0x22, 0x74, 0x79,
  0x22, 0x3a, 0x22, 0x67, 0x72, 0x22, 0x2c, 0x22, 0x6e, 0x6d, 0x22, 0x3a,
  0x22, 0x62, 0x6f, 0x64, 0x79, 0x22, 0x2c, 0x22, 0x69, 0x74, 0x22, 0x3a,
  0x5b, 0x7b, 0x22, 0x74, 0x79, 0x22, 0x3a, 0x22, 0x72, 0x63, 0x22, 0x2c,
  0x22, 0x64, 0x22, 0x3a, 0x31, 0x2c, 0x22, 0x73, 0x22, 0x3a, 0x7b, 0x22,
  0x61, 0x22, 0x3a, 0x30, 0x2c, 0x22, 0x6b, 0x22, 0x3a, 0x5b, 0x31, 0x31,
  0x38, 0x2c, 0x31, 0x38, 0x5d, 0x7d, 0x2c, 0x22, 0x70, 0x22, 0x3a, 0x7b,
  0x22, 0x61, 0x22, 0x3a, 0x30, 0x2c, 0x22, 0x6b, 0x22, 0x3a, 0x5b, 0x30,
  0x2c, 0x34, 0x35, 0x5d, 0x7d, 0x2c, 0x22, 0x72, 0x22, 0x3a, 0x7b, 0x22,
  0x61, 0x22, 0x3a, 0x30, 0x2c, 0x22, 0x6b, 0x22, 0x3a, 0x31, 0x32, 0x7d,
  0x2c, 0x22, 0x6e, 0x6d, 0x22, 0x3a, 0x22, 0x72, 0x63, 0x22, 0x7d, 0x2c,
  0x7b, 0x22, 0x74, 0x79, 0x22, 0x3a, 0x22, 0x66, 0x6c, 0x22, 0x2c, 0x22,
  0x63, 0x22, 0x3a, 0x7b, 0x22, 0x61, 0x22, 0x3a, 0x30, 0x2c, 0x22, 0x6b,
  0x22, 0x3a, 0x5b, 0x30, 0x2e, 0x37, 0x36, 0x31, 0x2c, 0x30, 0x2e, 0x33,
  0x31, 0x2c, 0x30, 0x2e, 0x30, 0x33, 0x31, 0x2c, 0x31, 0x5d, 0x7d, 0x2c,
  0x22, 0x6f, 0x22, 0x3a, 0x7b, 0x22, 0x61, 0x22, 0x3a, 0x30, 0x2c, 0x22,
  0x6b, 0x22, 0x3a, 0x36, 0x30, 0x7d, 0x2c, 0x22, 0x72, 0x22, 0x3a, 0x31,
  0x2c, 0x22, 0x6e, 0x6d, 0x22, 0x3a, 0x22, 0x66, 0x6c, 0x22, 0x7d, 0x2c,
  0x7b, 0x22, 0x74, 0x79, 0x22, 0x3a, 0x22, 0x72, 0x63, 0x22, 0x2c, 0x22,
  0x64, 0x22, 0x3a, 0x31, 0x2c, 0x22, 0x73, 0x22, 0x3a, 0x7b, 0x22, 0x61,
  0x22, 0x3a, 0x30, 0x2c, 0x22, 0x6b, 0x22, 0x3a, 0x5b, 0x31, 0x33, 0x38,
  0x2c, 0x31, 0x31, 0x38, 0x5d, 0x7d, 0x2c, 0x22, 0x70, 0x22, 0x3a, 0x7b,
  0x22, 0x61, 0x22, 0x3a, 0x30, 0x2c, 0x22, 0x6b, 0x22, 0x3a, 0x5b, 0x30,
  0x2c, 0x30, 0x5d, 0x7d, 0x2c, 0x22, 0x72, 0x22, 0x3a, 0x7b, 0x22, 0x61,
  0x22, 0x3a, 0x30, 0x2c, 0x22, 0x6b, 0x22, 0x3a, 0x33, 0x36, 0x7d, 0x2c,
  0x22, 0x6e, 0x6d, 0x22, 0x3a, 0x22, 0x72, 0x63, 0x22, 0x7d, 0x2c, 0x7b,
  0x22, 0x74, 0x79, 0x22, 0x3a, 0x22, 0x66, 0x6c, 0x22, 0x2c, 0x22, 0x63,
  0x22, 0x3a, 0x7b, 0x22, 0x61, 0x22, 0x3a, 0x30, 0x2c, 0x22, 0x6b, 0x22,
  0x3a, 0x5b, 0x31, 0x2c, 0x30, 0x2e, 0x34, 0x32, 0x2c, 0x30, 0x2e, 0x31,
  0x30, 0x32, 0x2c, 0x31, 0x5d, 0x7d, 0x2c, 0x22, 0x6f, 0x22, 0x3a, 0x7b,
  0x22, 0x61, 0x22, 0x3a, 0x30, 0x2c, 0x22, 0x6b, 0x22, 0x3a, 0x31, 0x30,
  0x30, 0x7d, 0x2c, 0x22, 0x72, 0x22, 0x3a, 0x31, 0x2c, 0x22, 0x6e, 0x6d,
  0x22, 0x3a, 0x22, 0x66, 0x6c, 0x22, 0x7d, 0x2c, 0x7b, 0x22, 0x74, 0x79,
  0x22, 0x3a, 0x22, 0x73, 0x74, 0x22, 0x2c, 0x22, 0x63, 0x22, 0x3a, 0x7b,
  0x22, 0x61, 0x22, 0x3a, 0x30, 0x2c, 0x22, 0x6b, 0x22, 0x3a, 0x5b, 0x30,
  0x2e, 0x30, 0x33, 0x39, 0x2c, 0x30, 0x2e, 0x30, 0x33, 0x39, 0x2c, 0x30,
  0x2e, 0x30, 0x33, 0x39, 0x2c, 0x31, 0x5d, 0x7d, 0x2c, 0x22, 0x6f, 0x22,
  0x3a, 0x7b, 0x22, 0x61, 0x22, 0x3a, 0x30, 0x2c, 0x22, 0x6b, 0x22, 0x3a,
  0x31, 0x30, 0x30, 0x7d, 0x2c, 0x22, 0x77, 0x22, 0x3a, 0x34, 0x2c, 0x22,
  0x6c, 0x63, 0x22, 0x3a, 0x32, 0x2c, 0x22, 0x6c, 0x6a, 0x22, 0x3a, 0x32,
  0x2c, 0x22, 0x6e, 0x6d, 0x22, 0x3a, 0x22, 0x73, 0x74, 0x22, 0x7d, 0x2c,
  0x7b, 0x22, 0x74, 0x79, 0x22, 0x3a, 0x22, 0x72, 0x63, 0x22, 0x2c, 0x22,
  0x64, 0x22, 0x3a, 0x31, 0x2c, 0x22, 0x73, 0x22, 0x3a, 0x7b, 0x22, 0x61,
  0x22, 0x3a, 0x30, 0x2c, 0x22, 0x6b, 0x22, 0x3a, 0x5b, 0x31, 0x30, 0x38,
  0x2c, 0x31, 0x30, 0x5d, 0x7d, 0x2c, 0x22, 0x70, 0x22, 0x3a, 0x7b, 0x22,
  0x61, 0x22, 0x3a, 0x30, 0x2c, 0x22, 0x6b, 0x22, 0x3a, 0x5b, 0x30, 0x2c,
  0x2d, 0x34, 0x33, 0x5d, 0x7d, 0x2c, 0x22, 0x72, 0x22, 0x3a, 0x7b, 0x22,
  0x61, 0x22, 0x3a, 0x30, 0x2c, 0x22, 0x6b, 0x22, 0x3a, 0x36, 0x7d, 0x2c,
  0x22, 0x6e, 0x6d, 0x22, 0x3a, 0x22, 0x72, 0x63, 0x22, 0x7d, 0x2c, 0x7b,
  0x22, 0x74, 0x79, 0x22, 0x3a, 0x22, 0x66, 0x6c, 0x22, 0x2c, 0x22, 0x63,
  0x22, 0x3a, 0x7b, 0x22, 0x61, 0x22, 0x3a, 0x30, 0x2c, 0x22, 0x6b, 0x22,
  0x3a, 0x5b, 0x31, 0x2c, 0x31, 0x2c, 0x31, 0x2c, 0x31, 0x5d, 0x7d, 0x2c,
  0x22, 0x6f, 0x22, 0x3a, 0x7b, 0x22, 0x61, 0x22, 0x3a, 0x30, 0x2c, 0x22,
  0x6b, 0x22, 0x3a, 0x31, 0x38, 0x7d, 0x2c, 0x22, 0x72, 0x22, 0x3a, 0x31,
  0x2c, 0x22, 0x6e, 0x6d, 0x22, 0x3a, 0x22, 0x66, 0x6c, 0x22, 0x7d, 0x2c,
  0x7b, 0x22, 0x74, 0x79, 0x22, 0x3a, 0x22, 0x74, 0x72, 0x22, 0x2c, 0x22,
  0x70, 0x22, 0x3a, 0x7b, 0x22, 0x61, 0x22, 0x3a, 0x30, 0x2c, 0x22, 0x6b,
  0x22, 0x3a, 0x5b, 0x30, 0x2c, 0x30, 0x5d, 0x7d, 0x2c, 0x22, 0x61, 0x22,
  0x3a, 0x7b, 0x22, 0x61, 0x22, 0x3a, 0x30, 0x2c, 0x22, 0x6b, 0x22, 0x3a,
  0x5b, 0x30, 0x2c, 0x30, 0x5d, 0x7d, 0x2c, 0x22, 0x73, 0x22, 0x3a, 0x7b,
  0x22, 0x61, 0x22, 0x3a, 0x30, 0x2c, 0x22, 0x6b, 0x22, 0x3a, 0x5b, 0x31,
  0x30, 0x30, 0x2c, 0x31, 0x30, 0x30, 0x5d, 0x7d, 0x2c, 0x22, 0x72, 0x22,
  0x3a, 0x7b, 0x22, 0x61, 0x22, 0x3a, 0x30, 0x2c, 0x22, 0x6b, 0x22, 0x3a,
  0x30, 0x7d, 0x2c, 0x22, 0x6f, 0x22, 0x3a, 0x7b, 0x22, 0x61, 0x22, 0x3a,
  0x30, 0x2c, 0x22, 0x6b, 0x22, 0x3a, 0x31, 0x30, 0x30, 0x7d, 0x7d, 0x5d,
  0x7d, 0x2c, 0x7b, 0x22, 0x74, 0x79, 0x22, 0x3a, 0x22, 0x67, 0x72, 0x22,
  0x2c, 0x22, 0x6e, 0x6d, 0x22, 0x3a, 0x22, 0x76, 0x69, 0x73, 0x6f, 0x72,
  0x22, 0x2c, 0x22, 0x69, 0x74, 0x22, 0x3a, 0x5b, 0x7b, 0x22, 0x74, 0x79,
  0x22, 0x3a, 0x22, 0x72, 0x63, 0x22, 0x2c, 0x22, 0x64, 0x22, 0x3a, 0x31,
  0x2c, 0x22, 0x73, 0x22, 0x3a, 0x7b, 0x22, 0x61, 0x22, 0x3a, 0x30, 0x2c,
  0x22, 0x6b, 0x22, 0x3a, 0x5b, 0x31, 0x30, 0x34, 0x2c, 0x35, 0x32, 0x5d,
  0x7d, 0x2c, 0x22, 0x70, 0x22, 0x3a, 0x7b, 0x22, 0x61, 0x22, 0x3a, 0x30,
  0x2c, 0x22, 0x6b, 0x22, 0x3a, 0x5b, 0x30, 0x2c, 0x2d, 0x36, 0x5d, 0x7d,
  0x2c, 0x22, 0x72, 0x22, 0x3a, 0x7b, 0x22, 0x61, 0x22, 0x3a, 0x30, 0x2c,
  0x22, 0x6b, 0x22, 0x3a, 0x32, 0x34, 0x7d, 0x2c, 0x22, 0x6e, 0x6d, 0x22,
  0x3a, 0x22, 0x72, 0x63, 0x22, 0x7d, 0x2c, 0x7b, 0x22, 0x74, 0x79, 0x22,
  0x3a, 0x22, 0x66, 0x6c, 0x22, 0x2c, 0x22, 0x63, 0x22, 0x3a, 0x7b, 0x22,
  0x61, 0x22, 0x3a, 0x30, 0x2c, 0x22, 0x6b, 0x22, 0x3a, 0x5b, 0x30, 0x2e,
  0x30, 0x33, 0x39, 0x2c, 0x30, 0x2e, 0x30, 0x33, 0x39, 0x2c, 0x30, 0x2e,
  0x30, 0x33, 0x39, 0x2c, 0x31, 0x5d, 0x7d, 0x2c, 0x22, 0x6f, 0x22, 0x3a,
  0x7b, 0x22, 0x61, 0x22, 0x3a, 0x30, 0x2c, 0x22, 0x6b, 0x22, 0x3a, 0x31,
  0x30, 0x30, 0x7d, 0x2c, 0x22, 0x72, 0x22, 0x3a, 0x31, 0x2c, 0x22, 0x6e,
  0x6d, 0x22, 0x3a, 0x22, 0x66, 0x6c, 0x22, 0x7d, 0x2c, 0x7b, 0x22, 0x74,
  0x79, 0x22, 0x3a, 0x22, 0x72, 0x63, 0x22, 0x2c, 0x22, 0x64, 0x22, 0x3a,
  0x31, 0x2c, 0x22, 0x73, 0x22, 0x3a, 0x7b, 0x22, 0x61, 0x22, 0x3a, 0x30,
  0x2c, 0x22, 0x6b, 0x22, 0x3a, 0x5b, 0x31, 0x30, 0x30, 0x2c, 0x34, 0x38,
  0x5d, 0x7d, 0x2c, 0x22, 0x70, 0x22, 0x3a, 0x7b, 0x22, 0x61, 0x22, 0x3a,
  0x30, 0x2c, 0x22, 0x6b, 0x22, 0x3a, 0x5b, 0x30, 0x2c, 0x2d, 0x36, 0x5d,
  0x7d, 0x2c, 0x22, 0x72, 0x22, 0x3a, 0x7b, 0x22, 0x61, 0x22, 0x3a, 0x30,
  0x2c, 0x22, 0x6b, 0x22, 0x3a, 0x32, 0x32, 0x7d, 0x2c, 0x22, 0x6e, 0x6d,
  0x22, 0x3a, 0x22, 0x72, 0x63, 0x22, 0x7d, 0x2c, 0x7b, 0x22, 0x74, 0x79,
  0x22, 0x3a, 0x22, 0x73, 0x74, 0x22, 0x2c, 0x22, 0x63, 0x22, 0x3a, 0x7b,
  0x22, 0x61, 0x22, 0x3a, 0x30, 0x2c, 0x22, 0x6b, 0x22, 0x3a, 0x5b, 0x30,
  0x2e, 0x30, 0x39, 0x38, 0x2c, 0x30, 0x2e, 0x39, 0x31, 0x34, 0x2c, 0x31,
  0x2c, 0x31, 0x5d, 0x7d, 0x2c, 0x22, 0x6f, 0x22, 0x3a, 0x7b, 0x22, 0x61,
  0x22, 0x3a, 0x30, 0x2c, 0x22, 0x6b, 0x22, 0x3a, 0x36, 0x30, 0x7d, 0x2c,
  0x22, 0x77, 0x22, 0x3a, 0x31, 0x2e, 0x35, 0x2c, 0x22, 0x6c, 0x63, 0x22,
  0x3a, 0x32, 0x2c, 0x22, 0x6c, 0x6a, 0x22, 0x3a, 0x32, 0x2c, 0x22, 0x6e,
  0x6d, 0x22, 0x3a, 0x22, 0x73, 0x74, 0x22, 0x7d, 0x2c, 0x7b, 0x22, 0x74,
  0x79, 0x22, 0x3a, 0x22, 0x74, 0x72, 0x22, 0x2c, 0x22, 0x70, 0x22, 0x3a,
  0x7b, 0x22, 0x61, 0x22, 0x3a, 0x30, 0x2c, 0x22, 0x6b, 0x22, 0x3a, 0x5b,
  0x30, 0x2c, 0x30, 0x5d, 0x7d, 0x2c, 0x22, 0x61, 0x22, 0x3a, 0x7b, 0x22,
  0x61, 0x22, 0x3a, 0x30, 0x2c, 0x22, 0x6b, 0x22, 0x3a, 0x5b, 0x30, 0x2c,
  0x30, 0x5d, 0x7d, 0x2c, 0x22, 0x73, 0x22, 0x3a, 0x7b, 0x22, 0x61, 0x22,
  0x3a, 0x30, 0x2c, 0x22, 0x6b, 0x22, 0x3a, 0x5b, 0x31, 0x30, 0x30, 0x2c,
  0x31, 0x30, 0x30, 0x5d, 0x7d, 0x2c, 0x22, 0x72, 0x22, 0x3a, 0x7b, 0x22,
  0x61, 0x22, 0x3a, 0x30, 0x2c, 0x22, 0x6b, 0x22, 0x3a, 0x30, 0x7d, 0x2c,
  0x22, 0x6f, 0x22, 0x3a, 0x7b, 0x22, 0x61, 0x22, 0x3a, 0x30, 0x2c, 0x22,
  0x6b, 0x22, 0x3a, 0x31, 0x30, 0x30, 0x7d, 0x7d, 0x5d, 0x7d, 0x2c, 0x7b,
  0x22, 0x74, 0x79, 0x22, 0x3a, 0x22, 0x67, 0x72, 0x22, 0x2c, 0x22, 0x6e,
  0x6d, 0x22, 0x3a, 0x22, 0x65, 0x79, 0x65, 0x43, 0x6c, 0x2d, 0x31, 0x22,
  0x2c, 0x22, 0x69, 0x74, 0x22, 0x3a, 0x5b, 0x7b, 0x22, 0x74, 0x79, 0x22,
  0x3a, 0x22, 0x73, 0x68, 0x22, 0x2c, 0x22, 0x64, 0x22, 0x3a, 0x31, 0x2c,
  0x22, 0x6e, 0x6d, 0x22, 0x3a, 0x22, 0x73, 0x68, 0x22, 0x2c, 0x22, 0x6b,
  0x73, 0x22, 0x3a, 0x7b, 0x22, 0x61, 0x22, 0x3a, 0x30, 0x2c, 0x22, 0x6b,
  0x22, 0x3a, 0x7b, 0x22, 0x63, 0x22, 0x3a, 0x66, 0x61, 0x6c, 0x73, 0x65,
  0x2c, 0x22, 0x76, 0x22, 0x3a, 0x5b, 0x5b, 0x2d, 0x31, 0x31, 0x2c, 0x30,
  0x5d, 0x2c, 0x5b, 0x30, 0x2c, 0x36, 0x5d, 0x2c, 0x5b, 0x31, 0x31, 0x2c,
  0x30, 0x5d, 0x5d, 0x2c, 0x22, 0x69, 0x22, 0x3a, 0x5b, 0x5b, 0x2d, 0x34,
  0x2c, 0x30, 0x5d, 0x2c, 0x5b, 0x30, 0x2c, 0x30, 0x5d, 0x2c, 0x5b, 0x30,
  0x2c, 0x30, 0x5d, 0x5d, 0x2c, 0x22, 0x6f, 0x22, 0x3a, 0x5b, 0x5b, 0x30,
  0x2c, 0x30, 0x5d, 0x2c, 0x5b, 0x30, 0x2c, 0x30, 0x5d, 0x2c, 0x5b, 0x34,
  0x2c, 0x30, 0x5d, 0x5d, 0x7d, 0x7d, 0x7d, 0x2c, 0x7b, 0x22, 0x74, 0x79,
  0x22, 0x3a, 0x22, 0x73, 0x74, 0x22, 0x2c, 0x22, 0x63, 0x22, 0x3a, 0x7b,
  0x22, 0x61, 0x22, 0x3a, 0x30, 0x2c, 0x22, 0x6b, 0x22, 0x3a, 0x5b, 0x31,
  0x2c, 0x31, 0x2c, 0x31, 0x2c, 0x31, 0x5d, 0x7d, 0x2c, 0x22, 0x6f, 0x22,
  0x3a, 0x7b, 0x22, 0x61, 0x22, 0x3a, 0x30, 0x2c, 0x22, 0x6b, 0x22, 0x3a,
  0x31, 0x30, 0x30, 0x7d, 0x2c, 0x22, 0x77, 0x22, 0x3a, 0x33, 0x2c, 0x22,
  0x6c, 0x63, 0x22, 0x3a, 0x32, 0x2c, 0x22, 0x6c, 0x6a, 0x22, 0x3a, 0x32,
  0x2c, 0x22, 0x6e, 0x6d, 0x22, 0x3a, 0x22, 0x73, 0x74, 0x22, 0x7d, 0x2c,
  0x7b, 0x22, 0x74, 0x79, 0x22, 0x3a, 0x22, 0x74, 0x72, 0x22, 0x2c, 0x22,
  0x70, 0x22, 0x3a, 0x7b, 0x22, 0x61, 0x22, 0x3a, 0x30, 0x2c, 0x22, 0x6b,
  0x22, 0x3a, 0x5b, 0x2d, 0x32, 0x32, 0x2c, 0x2d, 0x36, 0x5d, 0x7d, 0x2c,
  0x22, 0x61, 0x22, 0x3a, 0x7b, 0x22, 0x61, 0x22, 0x3a, 0x30, 0x2c, 0x22,
  0x6b, 0x22, 0x3a, 0x5b, 0x30, 0x2c, 0x30, 0x5d, 0x7d, 0x2c, 0x22, 0x73,
  0x22, 0x3a, 0x7b, 0x22, 0x61, 0x22, 0x3a, 0x30, 0x2c, 0x22, 0x6b, 0x22,
  0x3a, 0x5b, 0x31, 0x30, 0x30, 0x2c, 0x31, 0x30, 0x30, 0x5d, 0x7d, 0x2c,
  0x22, 0x72, 0x22, 0x3a, 0x7b, 0x22, 0x61, 0x22, 0x3a, 0x30, 0x2c, 0x22,
  0x6b, 0x22, 0x3a, 0x30, 0x7d, 0x2c, 0x22, 0x6f, 0x22, 0x3a, 0x7b, 0x22,
  0x61, 0x22, 0x3a, 0x30, 0x2c, 0x22, 0x6b, 0x22, 0x3a, 0x31, 0x30, 0x30,
  0x7d, 0x7d, 0x5d, 0x7d, 0x2c, 0x7b, 0x22, 0x74, 0x79, 0x22, 0x3a, 0x22,
  0x67, 0x72, 0x22, 0x2c, 0x22, 0x6e, 0x6d, 0x22, 0x3a, 0x22, 0x65, 0x79,
  0x65, 0x43, 0x6c, 0x31, 0x22, 0x2c, 0x22, 0x69, 0x74, 0x22, 0x3a, 0x5b,
  0x7b, 0x22, 0x74, 0x79, 0x22, 0x3a, 0x22, 0x73, 0x68, 0x22, 0x2c, 0x22,
  0x64, 0x22, 0x3a, 0x31, 0x2c, 0x22, 0x6e, 0x6d, 0x22, 0x3a, 0x22, 0x73,
  0x68, 0x22, 0x2c, 0x22, 0x6b, 0x73, 0x22, 0x3a, 0x7b, 0x22, 0x61, 0x22,
  0x3a, 0x30, 0x2c, 0x22, 0x6b, 0x22, 0x3a, 0x7b, 0x22, 0x63, 0x22, 0x3a,
  0x66, 0x61, 0x6c, 0x73, 0x65, 0x2c, 0x22, 0x76, 0x22, 0x3a, 0x5b, 0x5b,
  0x2d, 0x31, 0x31, 0x2c, 0x30, 0x5d, 0x2c, 0x5b, 0x30, 0x2c, 0x36, 0x5d,
  0x2c, 0x5b, 0x31, 0x31, 0x2c, 0x30, 0x5d, 0x5d, 0x2c, 0x22, 0x69, 0x22,
  0x3a, 0x5b, 0x5b, 0x2d, 0x34, 0x2c, 0x30, 0x5d, 0x2c, 0x5b, 0x30, 0x2c,
  0x30, 0x5d, 0x2c, 0x5b, 0x30, 0x2c, 0x30, 0x5d, 0x5d, 0x2c, 0x22, 0x6f,
  0x22, 0x3a, 0x5b, 0x5b, 0x30, 0x2c, 0x30, 0x5d, 0x2c, 0x5b, 0x30, 0x2c,
  0x30, 0x5d, 0x2c, 0x5b, 0x34, 0x2c, 0x30, 0x5d, 0x5d, 0x7d, 0x7d, 0x7d,
  0x2c, 0x7b, 0x22, 0x74, 0x79, 0x22, 0x3a, 0x22, 0x73, 0x74, 0x22, 0x2c,
  0x22, 0x63, 0x22, 0x3a, 0x7b, 0x22, 0x61, 0x22, 0x3a, 0x30, 0x2c, 0x22,
  0x6b, 0x22, 0x3a, 0x5b, 0x31, 0x2c, 0x31, 0x2c, 0x31, 0x2c, 0x31, 0x5d,
  0x7d, 0x2c, 0x22, 0x6f, 0x22, 0x3a, 0x7b, 0x22, 0x61, 0x22, 0x3a, 0x30,
  0x2c, 0x22, 0x6b, 0x22, 0x3a, 0x31, 0x30, 0x30, 0x7d, 0x2c, 0x22, 0x77,
  0x22, 0x3a, 0x33, 0x2c, 0x22, 0x6c, 0x63, 0x22, 0x3a, 0x32, 0x2c, 0x22,
  0x6c, 0x6a, 0x22, 0x3a, 0x32, 0x2c, 0x22, 0x6e, 0x6d, 0x22, 0x3a, 0x22,
  0x73, 0x74, 0x22, 0x7d, 0x2c, 0x7b, 0x22, 0x74, 0x79, 0x22, 0x3a, 0x22,
  0x74, 0x72, 0x22, 0x2c, 0x22, 0x70, 0x22, 0x3a, 0x7b, 0x22, 0x61, 0x22,
  0x3a, 0x30, 0x2c, 0x22, 0x6b, 0x22, 0x3a, 0x5b, 0x32, 0x32, 0x2c, 0x2d,
  0x36, 0x5d, 0x7d, 0x2c, 0x22, 0x61, 0x22, 0x3a, 0x7b, 0x22, 0x61, 0x22,
  0x3a, 0x30, 0x2c, 0x22, 0x6b, 0x22, 0x3a, 0x5b, 0x30, 0x2c, 0x30, 0x5d,
  0x7d, 0x2c, 0x22, 0x73, 0x22, 0x3a, 0x7b, 0x22, 0x61, 0x22, 0x3a, 0x30,
  0x2c, 0x22, 0x6b, 0x22, 0x3a, 0x5b, 0x31, 0x30, 0x30, 0x2c, 0x31, 0x30,
  0x30, 0x5d, 0x7d, 0x2c, 0x22, 0x72, 0x22, 0x3a, 0x7b, 0x22, 0x61, 0x22,
  0x3a, 0x30, 0x2c, 0x22, 0x6b, 0x22, 0x3a, 0x30, 0x7d, 0x2c, 0x22, 0x6f,
  0x22, 0x3a, 0x7b, 0x22, 0x61, 0x22, 0x3a, 0x30, 0x2c, 0x22, 0x6b, 0x22,
  0x3a, 0x31, 0x30, 0x30, 0x7d, 0x7d, 0x5d, 0x7d, 0x2c, 0x7b, 0x22, 0x74,
  0x79, 0x22, 0x3a, 0x22, 0x67, 0x72, 0x22, 0x2c, 0x22, 0x6e, 0x6d, 0x22,
  0x3a, 0x22, 0x6d, 0x6f, 0x75, 0x74, 0x68, 0x22, 0x2c, 0x22, 0x69, 0x74,
  0x22, 0x3a, 0x5b, 0x7b, 0x22, 0x74, 0x79, 0x22, 0x3a, 0x22, 0x72, 0x63,
  0x22, 0x2c, 0x22, 0x64, 0x22, 0x3a, 0x31, 0x2c, 0x22, 0x73, 0x22, 0x3a,
  0x7b, 0x22, 0x61, 0x22, 0x3a, 0x30, 0x2c, 0x22, 0x6b, 0x22, 0x3a, 0x5b,
  0x32, 0x30, 0x2c, 0x33, 0x5d, 0x7d, 0x2c, 0x22, 0x70, 0x22, 0x3a, 0x7b,
  0x22, 0x61, 0x22, 0x3a, 0x30, 0x2c, 0x22, 0x6b, 0x22, 0x3a, 0x5b, 0x30,
  0x2c, 0x30, 0x5d, 0x7d, 0x2c, 0x22, 0x72, 0x22, 0x3a, 0x7b, 0x22, 0x61,
  0x22, 0x3a, 0x30, 0x2c, 0x22, 0x6b, 0x22, 0x3a, 0x31, 0x2e, 0x35, 0x7d,
  0x2c, 0x22, 0x6e, 0x6d, 0x22, 0x3a, 0x22, 0x72, 0x63, 0x22, 0x7d, 0x2c,
  0x7b, 0x22, 0x74, 0x79, 0x22, 0x3a, 0x22, 0x66, 0x6c, 0x22, 0x2c, 0x22,
  0x63, 0x22, 0x3a, 0x7b, 0x22, 0x61, 0x22, 0x3a, 0x30, 0x2c, 0x22, 0x6b,
  0x22, 0x3a, 0x5b, 0x31, 0x2c, 0x31, 0x2c, 0x31, 0x2c, 0x31, 0x5d, 0x7d,
  0x2c, 0x22, 0x6f, 0x22, 0x3a, 0x7b, 0x22, 0x61, 0x22, 0x3a, 0x30, 0x2c,
  0x22, 0x6b, 0x22, 0x3a, 0x31, 0x30, 0x30, 0x7d, 0x2c, 0x22, 0x72, 0x22,
  0x3a, 0x31, 0x2c, 0x22, 0x6e, 0x6d, 0x22, 0x3a, 0x22, 0x66, 0x6c, 0x22,
  0x7d, 0x2c, 0x7b, 0x22, 0x74, 0x79, 0x22, 0x3a, 0x22, 0x74, 0x72, 0x22,
  0x2c, 0x22, 0x70, 0x22, 0x3a, 0x7b, 0x22, 0x61, 0x22, 0x3a, 0x30, 0x2c,
  0x22, 0x6b, 0x22, 0x3a, 0x5b, 0x30, 0x2c, 0x32, 0x30, 0x5d, 0x7d, 0x2c,
  0x22, 0x61, 0x22, 0x3a, 0x7b, 0x22, 0x61, 0x22, 0x3a, 0x30, 0x2c, 0x22,
  0x6b, 0x22, 0x3a, 0x5b, 0x30, 0x2c, 0x30, 0x5d, 0x7d, 0x2c, 0x22, 0x73,
  0x22, 0x3a, 0x7b, 0x22, 0x61, 0x22, 0x3a, 0x30, 0x2c, 0x22, 0x6b, 0x22,
  0x3a, 0x5b, 0x31, 0x30, 0x30, 0x2c, 0x31, 0x30, 0x30, 0x5d, 0x7d, 0x2c,
  0x22, 0x72, 0x22, 0x3a, 0x7b, 0x22, 0x61, 0x22, 0x3a, 0x30, 0x2c, 0x22,
  0x6b, 0x22, 0x3a, 0x30, 0x7d, 0x2c, 0x22, 0x6f, 0x22, 0x3a, 0x7b, 0x22,
  0x61, 0x22, 0x3a, 0x30, 0x2c, 0x22, 0x6b, 0x22, 0x3a, 0x31, 0x30, 0x30,
  0x7d, 0x7d, 0x5d, 0x7d, 0x2c, 0x7b, 0x22, 0x74, 0x79, 0x22, 0x3a, 0x22,
  0x67, 0x72, 0x22, 0x2c, 0x22, 0x6e, 0x6d, 0x22, 0x3a, 0x22, 0x63, 0x68,
  0x65, 0x73, 0x74, 0x22, 0x2c, 0x22, 0x69, 0x74, 0x22, 0x3a, 0x5b, 0x7b,
  0x22, 0x74, 0x79, 0x22, 0x3a, 0x22, 0x72, 0x63, 0x22, 0x2c, 0x22, 0x64,
  0x22, 0x3a, 0x31, 0x2c, 0x22, 0x73, 0x22, 0x3a, 0x7b, 0x22, 0x61, 0x22,
  0x3a, 0x30, 0x2c, 0x22, 0x6b, 0x22, 0x3a, 0x5b, 0x33, 0x34, 0x2c, 0x31,
  0x30, 0x5d, 0x7d, 0x2c, 0x22, 0x70, 0x22, 0x3a, 0x7b, 0x22, 0x61, 0x22,
  0x3a, 0x30, 0x2c, 0x22, 0x6b, 0x22, 0x3a, 0x5b, 0x30, 0x2c, 0x30, 0x5d,
  0x7d, 0x2c, 0x22, 0x72, 0x22, 0x3a, 0x7b, 0x22, 0x61, 0x22, 0x3a, 0x30,
  0x2c, 0x22, 0x6b, 0x22, 0x3a, 0x35, 0x7d, 0x2c, 0x22, 0x6e, 0x6d, 0x22,
  0x3a, 0x22, 0x72, 0x63, 0x22, 0x7d, 0x2c, 0x7b, 0x22, 0x74, 0x79, 0x22,
  0x3a, 0x22, 0x66, 0x6c, 0x22, 0x2c, 0x22, 0x63, 0x22, 0x3a, 0x7b, 0x22,
  0x61, 0x22, 0x3a, 0x30, 0x2c, 0x22, 0x6b, 0x22, 0x3a, 0x5b, 0x30, 0x2e,
  0x30, 0x39, 0x38, 0x2c, 0x30, 0x2e, 0x39, 0x31, 0x34, 0x2c, 0x31, 0x2c,
  0x31, 0x5d, 0x7d, 0x2c, 0x22, 0x6f, 0x22, 0x3a, 0x7b, 0x22, 0x61, 0x22,
  0x3a, 0x30, 0x2c, 0x22, 0x6b, 0x22, 0x3a, 0x31, 0x30, 0x30, 0x7d, 0x2c,
  0x22, 0x72, 0x22, 0x3a, 0x31, 0x2c, 0x22, 0x6e, 0x6d, 0x22, 0x3a, 0x22,
  0x66, 0x6c, 0x22, 0x7d, 0x2c, 0x7b, 0x22, 0x74, 0x79, 0x22, 0x3a, 0x22,
  0x72, 0x63, 0x22, 0x2c, 0x22, 0x64, 0x22, 0x3a, 0x31, 0x2c, 0x22, 0x73,
  0x22, 0x3a, 0x7b, 0x22, 0x61, 0x22, 0x3a, 0x30, 0x2c, 0x22, 0x6b, 0x22,
  0x3a, 0x5b, 0x33, 0x30, 0x2c, 0x34, 0x5d, 0x7d, 0x2c, 0x22, 0x70, 0x22,
  0x3a, 0x7b, 0x22, 0x61, 0x22, 0x3a, 0x30, 0x2c, 0x22, 0x6b, 0x22, 0x3a,
  0x5b, 0x30, 0x2c, 0x2d, 0x32, 0x5d, 0x7d, 0x2c, 0x22, 0x72, 0x22, 0x3a,
  0x7b, 0x22, 0x61, 0x22, 0x3a, 0x30, 0x2c, 0x22, 0x6b, 0x22, 0x3a, 0x32,
  0x7d, 0x2c, 0x22, 0x6e, 0x6d, 0x22, 0x3a, 0x22, 0x72, 0x63, 0x22, 0x7d,
  0x2c, 0x7b, 0x22, 0x74, 0x79, 0x22, 0x3a, 0x22, 0x66, 0x6c, 0x22, 0x2c,
  0x22, 0x63, 0x22, 0x3a, 0x7b, 0x22, 0x61, 0x22, 0x3a, 0x30, 0x2c, 0x22,
  0x6b, 0x22, 0x3a, 0x5b, 0x31, 0x2c, 0x31, 0x2c, 0x31, 0x2c, 0x31, 0x5d,
  0x7d, 0x2c, 0x22, 0x6f, 0x22, 0x3a, 0x7b, 0x22, 0x61, 0x22, 0x3a, 0x30,
  0x2c, 0x22, 0x6b, 0x22, 0x3a, 0x36, 0x30, 0x7d, 0x2c, 0x22, 0x72, 0x22,
  0x3a, 0x31, 0x2c, 0x22, 0x6e, 0x6d, 0x22, 0x3a, 0x22, 0x66, 0x6c, 0x22,
  0x7d, 0x2c, 0x7b, 0x22, 0x74, 0x79, 0x22, 0x3a, 0x22, 0x74, 0x72, 0x22,
  0x2c, 0x22, 0x70, 0x22, 0x3a, 0x7b, 0x22, 0x61, 0x22, 0x3a, 0x30, 0x2c,
  0x22, 0x6b, 0x22, 0x3a, 0x5b, 0x30, 0x2c, 0x34, 0x39, 0x5d, 0x7d, 0x2c,
  0x22, 0x61, 0x22, 0x3a, 0x7b, 0x22, 0x61, 0x22, 0x3a, 0x30, 0x2c, 0x22,
  0x6b, 0x22, 0x3a, 0x5b, 0x30, 0x2c, 0x30, 0x5d, 0x7d, 0x2c, 0x22, 0x73,
  0x22, 0x3a, 0x7b, 0x22, 0x61, 0x22, 0x3a, 0x30, 0x2c, 0x22, 0x6b, 0x22,
  0x3a, 0x5b, 0x31, 0x30, 0x30, 0x2c, 0x31, 0x30, 0x30, 0x5d, 0x7d, 0x2c,
  0x22, 0x72, 0x22, 0x3a, 0x7b, 0x22, 0x61, 0x22, 0x3a, 0x30, 0x2c, 0x22,
  0x6b, 0x22, 0x3a, 0x30, 0x7d, 0x2c, 0x22, 0x6f, 0x22, 0x3a, 0x7b, 0x22,
  0x61, 0x22, 0x3a, 0x30, 0x2c, 0x22, 0x6b, 0x22, 0x3a, 0x31, 0x30, 0x30,
  0x7d, 0x7d, 0x5d, 0x7d, 0x5d, 0x2c, 0x22, 0x69, 0x70, 0x22, 0x3a, 0x30,
  0x2c, 0x22, 0x6f, 0x70, 0x22, 0x3a, 0x31, 0x32, 0x30, 0x2c, 0x22, 0x73,
  0x74, 0x22, 0x3a, 0x30, 0x7d, 0x2c, 0x7b, 0x22, 0x74, 0x79, 0x22, 0x3a,
  0x34, 0x2c, 0x22, 0x6e, 0x6d, 0x22, 0x3a, 0x22, 0x62, 0x69, 0x67, 0x5a,
  0x22, 0x2c, 0x22, 0x73, 0x72, 0x22, 0x3a, 0x31, 0x2c, 0x22, 0x6b, 0x73,
  0x22, 0x3a, 0x7b, 0x22, 0x70, 0x22, 0x3a, 0x7b, 0x22, 0x61, 0x22, 0x3a,
  0x31, 0x2c, 0x22, 0x6b, 0x22, 0x3a, 0x5b, 0x7b, 0x22, 0x74, 0x22, 0x3a,
  0x30, 0x2c, 0x22, 0x73, 0x22, 0x3a, 0x5b, 0x31, 0x37, 0x30, 0x2c, 0x36,
  0x30, 0x2c, 0x30, 0x5d, 0x7d, 0x2c, 0x7b, 0x22, 0x74, 0x22, 0x3a, 0x31,
  0x32, 0x30, 0x2c, 0x22, 0x73, 0x22, 0x3a, 0x5b, 0x31, 0x39, 0x35, 0x2c,
  0x2d, 0x31, 0x30, 0x2c, 0x30, 0x5d, 0x7d, 0x5d, 0x7d, 0x2c, 0x22, 0x61,
  0x22, 0x3a, 0x7b, 0x22, 0x61, 0x22, 0x3a, 0x30, 0x2c, 0x22, 0x6b, 0x22,
  0x3a, 0x5b, 0x30, 0x2c, 0x30, 0x2c, 0x30, 0x5d, 0x7d, 0x2c, 0x22, 0x73,
  0x22, 0x3a, 0x7b, 0x22, 0x61, 0x22, 0x3a, 0x30, 0x2c, 0x22, 0x6b, 0x22,
  0x3a, 0x5b, 0x31, 0x30, 0x30, 0x2c, 0x31, 0x30, 0x30, 0x5d, 0x7d, 0x2c,
  0x22, 0x72, 0x22, 0x3a, 0x7b, 0x22, 0x61, 0x22, 0x3a, 0x31, 0x2c, 0x22,
  0x6b, 0x22, 0x3a, 0x5b, 0x7b, 0x22, 0x74, 0x22, 0x3a, 0x30, 0x2c, 0x22,
  0x73, 0x22, 0x3a, 0x5b, 0x2d, 0x31, 0x30, 0x5d, 0x7d, 0x2c, 0x7b, 0x22,
  0x74, 0x22, 0x3a, 0x31, 0x32, 0x30, 0x2c, 0x22, 0x73, 0x22, 0x3a, 0x5b,
  0x31, 0x30, 0x5d, 0x7d, 0x5d, 0x7d, 0x2c, 0x22, 0x6f, 0x22, 0x3a, 0x7b,
  0x22, 0x61, 0x22, 0x3a, 0x31, 0x2c, 0x22, 0x6b, 0x22, 0x3a, 0x5b, 0x7b,
  0x22, 0x74, 0x22, 0x3a, 0x30, 0x2c, 0x22, 0x73, 0x22, 0x3a, 0x5b, 0x30,
  0x5d, 0x7d, 0x2c, 0x7b, 0x22, 0x74, 0x22, 0x3a, 0x33, 0x30, 0x2c, 0x22,
  0x73, 0x22, 0x3a, 0x5b, 0x31, 0x30, 0x30, 0x5d, 0x7d, 0x2c, 0x7b, 0x22,
  0x74, 0x22, 0x3a, 0x39, 0x30, 0x2c, 0x22, 0x73, 0x22, 0x3a, 0x5b, 0x31,
  0x30, 0x30, 0x5d, 0x7d, 0x2c, 0x7b, 0x22, 0x74, 0x22, 0x3a, 0x31, 0x32,
  0x30, 0x2c, 0x22, 0x73, 0x22, 0x3a, 0x5b, 0x30, 0x5d, 0x7d, 0x5d, 0x7d,
  0x7d, 0x2c, 0x22, 0x61, 0x6f, 0x22, 0x3a, 0x30, 0x2c, 0x22, 0x73, 0x68,
  0x61, 0x70, 0x65, 0x73, 0x22, 0x3a, 0x5b, 0x7b, 0x22, 0x74, 0x79, 0x22,
  0x3a, 0x22, 0x67, 0x72, 0x22, 0x2c, 0x22, 0x6e, 0x6d, 0x22, 0x3a, 0x22,
  0x5a, 0x22, 0x2c, 0x22, 0x69, 0x74, 0x22, 0x3a, 0x5b, 0x7b, 0x22, 0x74,
  0x79, 0x22, 0x3a, 0x22, 0x73, 0x68, 0x22, 0x2c, 0x22, 0x64, 0x22, 0x3a,
  0x31, 0x2c, 0x22, 0x6e, 0x6d, 0x22, 0x3a, 0x22, 0x73, 0x68, 0x22, 0x2c,
  0x22, 0x6b, 0x73, 0x22, 0x3a, 0x7b, 0x22, 0x61, 0x22, 0x3a, 0x30, 0x2c,
  0x22, 0x6b, 0x22, 0x3a, 0x7b, 0x22, 0x63, 0x22, 0x3a, 0x66, 0x61, 0x6c,
  0x73, 0x65, 0x2c, 0x22, 0x76, 0x22, 0x3a, 0x5b, 0x5b, 0x2d, 0x36, 0x2c,
  0x2d, 0x36, 0x5d, 0x2c, 0x5b, 0x36, 0x2c, 0x2d, 0x36, 0x5d, 0x2c, 0x5b,
  0x2d, 0x36, 0x2c, 0x36, 0x5d, 0x2c, 0x5b, 0x36, 0x2c, 0x36, 0x5d, 0x5d,
  0x2c, 0x22, 0x69, 0x22, 0x3a, 0x5b, 0x5b, 0x30, 0x2c, 0x30, 0x5d, 0x2c,
  0x5b, 0x30, 0x2c, 0x30, 0x5d, 0x2c, 0x5b, 0x30, 0x2c, 0x30, 0x5d, 0x2c,
  0x5b, 0x30, 0x2c, 0x30, 0x5d, 0x5d, 0x2c, 0x22, 0x6f, 0x22, 0x3a, 0x5b,
  0x5b, 0x30, 0x2c, 0x30, 0x5d, 0x2c, 0x5b, 0x30, 0x2c, 0x30, 0x5d, 0x2c,
  0x5b, 0x30, 0x2c, 0x30, 0x5d, 0x2c, 0x5b, 0x30, 0x2c, 0x30, 0x5d, 0x5d,
  0x7d, 0x7d, 0x7d, 0x2c, 0x7b, 0x22, 0x74, 0x79, 0x22, 0x3a, 0x22, 0x73,
  0x74, 0x22, 0x2c, 0x22, 0x63, 0x22, 0x3a, 0x7b, 0x22, 0x61, 0x22, 0x3a,
  0x30, 0x2c, 0x22, 0x6b, 0x22, 0x3a, 0x5b, 0x31, 0x2c, 0x31, 0x2c, 0x31,
  0x2c, 0x31, 0x5d, 0x7d, 0x2c, 0x22, 0x6f, 0x22, 0x3a, 0x7b, 0x22, 0x61,
  0x22, 0x3a, 0x30, 0x2c, 0x22, 0x6b, 0x22, 0x3a, 0x31, 0x30, 0x30, 0x7d,
  0x2c, 0x22, 0x77, 0x22, 0x3a, 0x33, 0x2c, 0x22, 0x6c, 0x63, 0x22, 0x3a,
  0x32, 0x2c, 0x22, 0x6c, 0x6a, 0x22, 0x3a, 0x32, 0x2c, 0x22, 0x6e, 0x6d,
  0x22, 0x3a, 0x22, 0x73, 0x74, 0x22, 0x7d, 0x2c, 0x7b, 0x22, 0x74, 0x79,
  0x22, 0x3a, 0x22, 0x74, 0x72, 0x22, 0x2c, 0x22, 0x70, 0x22, 0x3a, 0x7b,
  0x22, 0x61, 0x22, 0x3a, 0x30, 0x2c, 0x22, 0x6b, 0x22, 0x3a, 0x5b, 0x30,
  0x2c, 0x30, 0x5d, 0x7d, 0x2c, 0x22, 0x61, 0x22, 0x3a, 0x7b, 0x22, 0x61,
  0x22, 0x3a, 0x30, 0x2c, 0x22, 0x6b, 0x22, 0x3a, 0x5b, 0x30, 0x2c, 0x30,
  0x5d, 0x7d, 0x2c, 0x22, 0x73, 0x22, 0x3a, 0x7b, 0x22, 0x61, 0x22, 0x3a,
  0x30, 0x2c, 0x22, 0x6b, 0x22, 0x3a, 0x5b, 0x31, 0x30, 0x30, 0x2c, 0x31,
  0x30, 0x30, 0x5d, 0x7d, 0x2c, 0x22, 0x72, 0x22, 0x3a, 0x7b, 0x22, 0x61,
  0x22, 0x3a, 0x30, 0x2c, 0x22, 0x6b, 0x22, 0x3a, 0x30, 0x7d, 0x2c, 0x22,
  0x6f, 0x22, 0x3a, 0x7b, 0x22, 0x61, 0x22, 0x3a, 0x30, 0x2c, 0x22, 0x6b,
  0x22, 0x3a, 0x31, 0x30, 0x30, 0x7d, 0x7d, 0x5d, 0x7d, 0x5d, 0x2c, 0x22,
  0x69, 0x70, 0x22, 0x3a, 0x30, 0x2c, 0x22, 0x6f, 0x70, 0x22, 0x3a, 0x31,
  0x32, 0x30, 0x2c, 0x22, 0x73, 0x74, 0x22, 0x3a, 0x30, 0x7d, 0x5d, 0x7d
};
const size_t default_sleep_json_len = 4644;

const uint8_t default_idle_json[] = {
  0x7b, 0x22, 0x76, 0x22, 0x3a, 0x22, 0x35, 0x2e, 0x37, 0x2e, 0x33, 0x22,
  0x2c, 0x22, 0x6e, 0x6d, 0x22, 0x3a, 0x22, 0x69, 0x64, 0x6c, 0x65, 0x22,
  0x2c, 0x22, 0x66, 0x72, 0x22, 0x3a, 0x33, 0x30, 0x2c, 0x22, 0x69, 0x70,
  0x22, 0x3a, 0x30, 0x2c, 0x22, 0x6f, 0x70, 0x22, 0x3a, 0x39, 0x30, 0x2c,
  0x22, 0x77, 0x22, 0x3a, 0x32, 0x30, 0x30, 0x2c, 0x22, 0x68, 0x22, 0x3a,
  0x32, 0x30, 0x30, 0x2c, 0x22, 0x64, 0x64, 0x64, 0x22, 0x3a, 0x30, 0x2c,
  0x22, 0x61, 0x73, 0x73, 0x65, 0x74, 0x73, 0x22, 0x3a, 0x5b, 0x5d, 0x2c,
  0x22, 0x6c, 0x61, 0x79, 0x65, 0x72, 0x73, 0x22, 0x3a, 0x5b, 0x7b, 0x22,
  0x74, 0x79, 0x22, 0x3a, 0x34, 0x2c, 0x22, 0x6e, 0x6d, 0x22, 0x3a, 0x22,
  0x67, 0x6c, 0x6f, 0x77, 0x22, 0x2c, 0x22, 0x73, 0x72, 0x22, 0x3a, 0x31,
  0x2c, 0x22, 0x6b, 0x73, 0x22, 0x3a, 0x7b, 0x22, 0x70, 0x22, 0x3a, 0x7b,
  0x22, 0x61, 0x22, 0x3a, 0x30, 0x2c, 0x22, 0x6b, 0x22, 0x3a, 0x5b, 0x31,
  0x30, 0x30, 0x2c, 0x31, 0x32, 0x2c, 0x30, 0x5d, 0x7d, 0x2c, 0x22, 0x61,
  0x22, 0x3a, 0x7b, 0x22, 0x61, 0x22, 0x3a, 0x30, 0x2c, 0x22, 0x6b, 0x22,
  0x3a, 0x5b, 0x30, 0x2c, 0x30, 0x2c, 0x30, 0x5d, 0x7d, 0x2c, 0x22, 0x73,
  0x22, 0x3a, 0x7b, 0x22, 0x61, 0x22, 0x3a, 0x31, 0x2c, 0x22, 0x6b, 0x22,
  0x3a, 0x5b, 0x7b, 0x22, 0x74, 0x22, 0x3a, 0x30, 0x2c, 0x22, 0x73, 0x22,
  0x3a, 0x5b, 0x38, 0x30, 0x2c, 0x38, 0x30, 0x5d, 0x7d, 0x2c, 0x7b, 0x22,
  0x74, 0x22, 0x3a, 0x34, 0x35, 0x2c, 0x22, 0x73, 0x22, 0x3a, 0x5b, 0x31,
  0x33, 0x30, 0x2c, 0x31, 0x33, 0x30, 0x5d, 0x7d, 0x2c, 0x7b, 0x22, 0x74,
  0x22, 0x3a, 0x39, 0x30, 0x2c, 0x22, 0x73, 0x22, 0x3a, 0x5b, 0x38, 0x30,
  0x2c, 0x38, 0x30, 0x5d, 0x7d, 0x5d, 0x7d, 0x2c, 0x22, 0x72, 0x22, 0x3a,
  0x7b, 0x22, 0x61, 0x22, 0x3a, 0x30, 0x2c, 0x22, 0x6b, 0x22, 0x3a, 0x30,
  0x7d, 0x2c, 0x22, 0x6f, 0x22, 0x3a, 0x7b, 0x22, 0x61, 0x22, 0x3a, 0x31,
  0x2c, 0x22, 0x6b, 0x22, 0x3a, 0x5b, 0x7b, 0x22, 0x74, 0x22, 0x3a, 0x30,
  0x2c, 0x22, 0x73, 0x22, 0x3a, 0x5b, 0x38, 0x30, 0x5d, 0x7d, 0x2c, 0x7b,
  0x22, 0x74, 0x22, 0x3a, 0x34, 0x35, 0x2c, 0x22, 0x73, 0x22, 0x3a, 0x5b,
  0x34, 0x30, 0x5d, 0x7d, 0x2c, 0x7b, 0x22, 0x74, 0x22, 0x3a, 0x39, 0x30,
  0x2c, 0x22, 0x73, 0x22, 0x3a, 0x5b, 0x38, 0x30, 0x5d, 0x7d, 0x5d, 0x7d,
  0x7d, 0x2c, 0x22, 0x61, 0x6f, 0x22, 0x3a, 0x30, 0x2c, 0x22, 0x73, 0x68,
  0x61, 0x70, 0x65, 0x73, 0x22, 0x3a, 0x5b, 0x7b, 0x22, 0x74, 0x79, 0x22,
  0x3a, 0x22, 0x67, 0x72, 0x22, 0x2c, 0x22, 0x6e, 0x6d, 0x22, 0x3a, 0x22,
  0x68, 0x61, 0x6c, 0x6f, 0x22, 0x2c, 0x22, 0x69, 0x74, 0x22, 0x3a, 0x5b,
  0x7b, 0x22, 0x74, 0x79, 0x22, 0x3a, 0x22, 0x65, 0x6c, 0x22, 0x2c, 0x22,
  0x64, 0x22, 0x3a, 0x31, 0x2c, 0x22, 0x73, 0x22, 0x3a, 0x7b, 0x22, 0x61,
  0x22, 0x3a, 0x30, 0x2c, 0x22, 0x6b, 0x22, 0x3a, 0x5b, 0x32, 0x36, 0x2c,
  0x32, 0x36, 0x5d, 0x7d, 0x2c, 0x22, 0x70, 0x22, 0x3a, 0x7b, 0x22, 0x61,
  0x22, 0x3a, 0x30, 0x2c, 0x22, 0x6b, 0x22, 0x3a, 0x5b, 0x30, 0x2c, 0x30,
  0x5d, 0x7d, 0x2c, 0x22, 0x6e, 0x6d, 0x22, 0x3a, 0x22, 0x65, 0x6c, 0x22,
  0x7d, 0x2c, 0x7b, 0x22, 0x74, 0x79, 0x22, 0x3a, 0x22, 0x66, 0x6c, 0x22,
  0x2c, 0x22, 0x63, 0x22, 0x3a, 0x7b, 0x22, 0x61, 0x22, 0x3a, 0x30, 0x2c,
  0x22, 0x6b, 0x22, 0x3a, 0x5b, 0x30, 0x2c, 0x30, 0x2e, 0x38, 0x39, 0x38,
  0x2c, 0x30, 0x2e, 0x36, 0x32, 0x37, 0x2c, 0x31, 0x5d, 0x7d, 0x2c, 0x22,
  0x6f, 0x22, 0x3a, 0x7b, 0x22, 0x61, 0x22, 0x3a, 0x30, 0x2c, 0x22, 0x6b,
  0x22, 0x3a, 0x33, 0x35, 0x7d, 0x2c, 0x22, 0x72, 0x22, 0x3a, 0x31, 0x2c,
  0x22, 0x6e, 0x6d, 0x22, 0x3a, 0x22, 0x66, 0x6c, 0x22, 0x7d, 0x2c, 0x7b,
  0x22, 0x74, 0x79, 0x22, 0x3a, 0x22, 0x74, 0x72, 0x22, 0x2c, 0x22, 0x70,
  0x22, 0x3a, 0x7b, 0x22, 0x61, 0x22, 0x3a, 0x30, 0x2c, 0x22, 0x6b, 0x22,
  0x3a, 0x5b, 0x30, 0x2c, 0x30, 0x5d, 0x7d, 0x2c, 0x22, 0x61, 0x22, 0x3a,
  0x7b, 0x22, 0x61, 0x22, 0x3a, 0x30, 0x2c, 0x22, 0x6b, 0x22, 0x3a, 0x5b,
  0x30, 0x2c, 0x30, 0x5d, 0x7d, 0x2c, 0x22, 0x73, 0x22, 0x3a, 0x7b, 0x22,
  0x61, 0x22, 0x3a, 0x30, 0x2c, 0x22, 0x6b, 0x22, 0x3a, 0x5b, 0x31, 0x30,
  0x30, 0x2c, 0x31, 0x30, 0x30, 0x5d, 0x7d, 0x2c, 0x22, 0x72, 0x22, 0x3a,
  0x7b, 0x22, 0x61, 0x22, 0x3a, 0x30, 0x2c, 0x22, 0x6b, 0x22, 0x3a, 0x30,
  0x7d, 0x2c, 0x22, 0x6f, 0x22, 0x3a, 0x7b, 0x22, 0x61, 0x22, 0x3a, 0x30,
  0x2c, 0x22, 0x6b, 0x22, 0x3a, 0x31, 0x30, 0x30, 0x7d, 0x7d, 0x5d, 0x7d,
  0x5d, 0x2c, 0x22, 0x69, 0x70, 0x22, 0x3a, 0x30, 0x2c, 0x22, 0x6f, 0x70,
  0x22, 0x3a, 0x39, 0x30, 0x2c, 0x22, 0x73, 0x74, 0x22, 0x3a, 0x30, 0x7d,
  0x2c, 0x7b, 0x22, 0x74, 0x79, 0x22, 0x3a, 0x34, 0x2c, 0x22, 0x6e, 0x6d,
  0x22, 0x3a, 0x22, 0x70, 0x75, 0x70, 0x70, 0x65, 0x74, 0x22, 0x2c, 0x22,
  0x73, 0x72, 0x22, 0x3a, 0x31, 0x2c, 0x22, 0x6b, 0x73, 0x22, 0x3a, 0x7b,
  0x22, 0x70, 0x22, 0x3a, 0x7b, 0x22, 0x61, 0x22, 0x3a, 0x31, 0x2c, 0x22,
  0x6b, 0x22, 0x3a, 0x5b, 0x7b, 0x22, 0x74, 0x22, 0x3a, 0x30, 0x2c, 0x22,
  0x73, 0x22, 0x3a, 0x5b, 0x31, 0x30, 0x30, 0x2c, 0x31, 0x30, 0x30, 0x2c,
  0x30, 0x5d, 0x7d, 0x2c, 0x7b, 0x22, 0x74, 0x22, 0x3a, 0x34, 0x35, 0x2c,
  0x22, 0x73, 0x22, 0x3a, 0x5b, 0x31, 0x30, 0x30, 0x2c, 0x31, 0x30, 0x32,
  0x2c, 0x30, 0x5d, 0x7d, 0x2c, 0x7b, 0x22, 0x74, 0x22, 0x3a, 0x39, 0x30,
  0x2c, 0x22, 0x73, 0x22, 0x3a, 0x5b, 0x31, 0x30, 0x30, 0x2c, 0x31, 0x30,
  0x30, 0x2c, 0x30, 0x5d, 0x7d, 0x5d, 0x7d, 0x2c, 0x22, 0x61, 0x22, 0x3a,
  0x7b, 0x22, 0x61, 0x22, 0x3a, 0x30, 0x2c, 0x22, 0x6b, 0x22, 0x3a, 0x5b,
  0x30, 0x2c, 0x30, 0x2c, 0x30, 0x5d, 0x7d, 0x2c, 0x22, 0x73, 0x22, 0x3a,
  0x7b, 0x22, 0x61, 0x22, 0x3a, 0x31, 0x2c, 0x22, 0x6b, 0x22, 0x3a, 0x5b,
  0x7b, 0x22, 0x74, 0x22, 0x3a, 0x30, 0x2c, 0x22, 0x73, 0x22, 0x3a, 0x5b,
  0x31, 0x30, 0x30, 0x2c, 0x39, 0x38, 0x5d, 0x7d, 0x2c, 0x7b, 0x22, 0x74,
  0x22, 0x3a, 0x34, 0x35, 0x2c, 0x22, 0x73, 0x22, 0x3a, 0x5b, 0x31, 0x30,
  0x31, 0x2c, 0x31, 0x30, 0x32, 0x5d, 0x7d, 0x2c, 0x7b, 0x22, 0x74, 0x22,
  0x3a, 0x39, 0x30, 0x2c, 0x22, 0x73, 0x22, 0x3a, 0x5b, 0x31, 0x30, 0x30,
  0x2c, 0x39, 0x38, 0x5d, 0x7d, 0x5d, 0x7d, 0x2c, 0x22, 0x72, 0x22, 0x3a,
  0x7b, 0x22, 0x61, 0x22, 0x3a, 0x30, 0x2c, 0x22, 0x6b, 0x22, 0x3a, 0x30,
  0x7d, 0x2c, 0x22, 0x6f, 0x22, 0x3a, 0x7b, 0x22, 0x61, 0x22, 0x3a, 0x30,
  0x2c, 0x22, 0x6b, 0x22, 0x3a, 0x31, 0x30, 0x30, 0x7d, 0x7d, 0x2c, 0x22,
  0x61, 0x6f, 0x22, 0x3a, 0x30, 0x2c, 0x22, 0x73, 0x68, 0x61, 0x70, 0x65,
  0x73, 0x22, 0x3a, 0x5b, 0x7b, 0x22, 0x74, 0x79, 0x22, 0x3a, 0x22, 0x67,
  0x72, 0x22, 0x2c, 0x22, 0x6e, 0x6d, 0x22, 0x3a, 0x22, 0x61, 0x6e, 0x74,
  0x65, 0x6e, 0x6e, 0x61, 0x22, 0x2c, 0x22, 0x69, 0x74, 0x22, 0x3a, 0x5b,
  0x7b, 0x22, 0x74, 0x79, 0x22, 0x3a, 0x22, 0x72, 0x63, 0x22, 0x2c, 0x22,
  0x64, 0x22, 0x3a, 0x31, 0x2c, 0x22, 0x73, 0x22, 0x3a, 0x7b, 0x22, 0x61,
  0x22, 0x3a, 0x30, 0x2c, 0x22, 0x6b, 0x22, 0x3a, 0x5b, 0x34, 0x2c, 0x32,
  0x32, 0x5d, 0x7d, 0x2c, 0x22, 0x70, 0x22, 0x3a, 0x7b, 0x22, 0x61, 0x22,
  0x3a, 0x30, 0x2c, 0x22, 0x6b, 0x22, 0x3a, 0x5b, 0x30, 0x2c, 0x34, 0x5d,
  0x7d, 0x2c, 0x22, 0x72, 0x22, 0x3a, 0x7b, 0x22, 0x61, 0x22, 0x3a, 0x30,
  0x2c, 0x22, 0x6b, 0x22, 0x3a, 0x32, 0x7d, 0x2c, 0x22, 0x6e, 0x6d, 0x22,
  0x3a, 0x22, 0x72, 0x63, 0x22, 0x7d, 0x2c, 0x7b, 0x22, 0x74, 0x79, 0x22,
  0x3a, 0x22, 0x66, 0x6c, 0x22, 0x2c, 0x22, 0x63, 0x22, 0x3a, 0x7b, 0x22,
  0x61, 0x22, 0x3a, 0x30, 0x2c, 0x22, 0x6b, 0x22, 0x3a, 0x5b, 0x30, 0x2e,
  0x30, 0x33, 0x39, 0x2c, 0x30, 0x2e, 0x30, 0x33, 0x39, 0x2c, 0x30, 0x2e,
  0x30, 0x33, 0x39, 0x2c, 0x31, 0x5d, 0x7d, 0x2c, 0x22, 0x6f, 0x22, 0x3a,
  0x7b, 0x22, 0x61, 0x22, 0x3a, 0x30, 0x2c, 0x22, 0x6b, 0x22, 0x3a, 0x31,
  0x30, 0x30, 0x7d, 0x2c, 0x22, 0x72, 0x22, 0x3a, 0x31, 0x2c, 0x22, 0x6e,
  0x6d, 0x22, 0x3a, 0x22, 0x66, 0x6c, 0x22, 0x7d, 0x2c, 0x7b, 0x22, 0x74,
  0x79, 0x22, 0x3a, 0x22, 0x65, 0x6c, 0x22, 0x2c, 0x22, 0x64, 0x22, 0x3a,
  0x31, 0x2c, 0x22, 0x73, 0x22, 0x3a, 0x7b, 0x22, 0x61, 0x22, 0x3a, 0x30,
  0x2c, 0x22, 0x6b, 0x22, 0x3a, 0x5b, 0x31, 0x36, 0x2c, 0x31, 0x36, 0x5d,
  0x7d, 0x2c, 0x22, 0x70, 0x22, 0x3a, 0x7b, 0x22, 0x61, 0x22, 0x3a, 0x30,
  0x2c, 0x22, 0x6b, 0x22, 0x3a, 0x5b, 0x30, 0x2c, 0x2d, 0x31, 0x30, 0x5d,
  0x7d, 0x2c, 0x22, 0x6e, 0x6d, 0x22, 0x3a, 0x22, 0x65, 0x6c, 0x22, 0x7d,
  0x2c, 0x7b, 0x22, 0x74, 0x79, 0x22, 0x3a, 0x22, 0x66, 0x6c, 0x22, 0x2c,
  0x22, 0x63, 0x22, 0x3a, 0x7b, 0x22, 0x61, 0x22, 0x3a, 0x30, 0x2c, 0x22,
  0x6b, 0x22, 0x3a, 0x5b, 0x30, 0x2c, 0x30, 0x2e, 0x38, 0x39, 0x38, 0x2c,
  0x30, 0x2e, 0x36, 0x32, 0x37, 0x2c, 0x31, 0x5d, 0x7d, 0x2c, 0x22, 0x6f,
  0x22, 0x3a, 0x7b, 0x22, 0x61, 0x22, 0x3a, 0x30, 0x2c, 0x22, 0x6b, 0x22,
  0x3a, 0x31, 0x30, 0x30, 0x7d, 0x2c, 0x22, 0x72, 0x22, 0x3a, 0x31, 0x2c,
  0x22, 0x6e, 0x6d, 0x22, 0x3a, 0x22, 0x66, 0x6c, 0x22, 0x7d, 0x2c, 0x7b,
  0x22, 0x74, 0x79, 0x22, 0x3a, 0x22, 0x65, 0x6c, 0x22, 0x2c, 0x22, 0x64,
  0x22, 0x3a, 0x31, 0x2c, 0x22, 0x73, 0x22, 0x3a, 0x7b, 0x22, 0x61, 0x22,
  0x3a, 0x30, 0x2c, 0x22, 0x6b, 0x22, 0x3a, 0x5b, 0x36, 0x2c, 0x36, 0x5d,
  0x7d, 0x2c, 0x22, 0x70, 0x22, 0x3a, 0x7b, 0x22, 0x61, 0x22, 0x3a, 0x30,
  0x2c, 0x22, 0x6b, 0x22, 0x3a, 0x5b, 0x2d, 0x33, 0x2c, 0x2d, 0x31, 0x33,
  0x5d, 0x7d, 0x2c, 0x22, 0x6e, 0x6d, 0x22, 0x3a, 0x22, 0x65, 0x6c, 0x22,
  0x7d, 0x2c, 0x7b, 0x22, 0x74, 0x79, 0x22, 0x3a, 0x22, 0x66, 0x6c, 0x22,
  0x2c, 0x22, 0x63, 0x22, 0x3a, 0x7b, 0x22, 0x61, 0x22, 0x3a, 0x30, 0x2c,
  0x22, 0x6b, 0x22, 0x3a, 0x5b, 0x31, 0x2c, 0x31, 0x2c, 0x31, 0x2c, 0x31,
  0x5d, 0x7d, 0x2c, 0x22, 0x6f, 0x22, 0x3a, 0x7b, 0x22, 0x61, 0x22, 0x3a,
  0x30, 0x2c, 0x22, 0x6b, 0x22, 0x3a, 0x38, 0x30, 0x7d, 0x2c, 0x22, 0x72,
  0x22, 0x3a, 0x31, 0x2c, 0x22, 0x6e, 0x6d, 0x22, 0x3a, 0x22, 0x66, 0x6c,
  0x22, 0x7d, 0x2c, 0x7b, 0x22, 0x74, 0x79, 0x22, 0x3a, 0x22, 0x74, 0x72,
  0x22, 0x2c, 0x22, 0x70, 0x22, 0x3a, 0x7b, 0x22, 0x61, 0x22, 0x3a, 0x30,
  0x2c, 0x22, 0x6b, 0x22, 0x3a, 0x5b, 0x30, 0x2c, 0x2d, 0x37, 0x38, 0x5d,
  0x7d, 0x2c, 0x22, 0x61, 0x22, 0x3a, 0x7b, 0x22, 0x61, 0x22, 0x3a, 0x30,
  0x2c, 0x22, 0x6b, 0x22, 0x3a, 0x5b, 0x30, 0x2c, 0x30, 0x5d, 0x7d, 0x2c,
  0x22, 0x73, 0x22, 0x3a, 0x7b, 0x22, 0x61, 0x22, 0x3a, 0x30, 0x2c, 0x22,
  0x6b, 0x22, 0x3a, 0x5b, 0x31, 0x30, 0x30, 0x2c, 0x31, 0x30, 0x30, 0x5d,
  0x7d, 0x2c, 0x22, 0x72, 0x22, 0x3a, 0x7b, 0x22, 0x61, 0x22, 0x3a, 0x30,
  0x2c, 0x22, 0x6b, 0x22, 0x3a, 0x30, 0x7d, 0x2c, 0x22, 0x6f, 0x22, 0x3a,
  0x7b, 0x22, 0x61, 0x22, 0x3a, 0x30, 0x2c, 0x22, 0x6b, 0x22, 0x3a, 0x31,
  0x30, 0x30, 0x7d, 0x7d, 0x5d, 0x7d, 0x2c, 0x7b, 0x22, 0x74, 0x79, 0x22,
  0x3a, 0x22, 0x67, 0x72, 0x22, 0x2c, 0x22, 0x6e, 0x6d, 0x22, 0x3a, 0x22,
  0x62, 0x6f, 0x64, 0x79, 0x22, 0x2c, 0x22, 0x69, 0x74, 0x22, 0x3a, 0x5b,
  0x7b, 0x22, 0x74, 0x79, 0x22, 0x3a, 0x22, 0x72, 0x63, 0x22, 0x2c, 0x22,
  0x64, 0x22, 0x3a, 0x31, 0x2c, 0x22, 0x73, 0x22, 0x3a, 0x7b, 0x22, 0x61,
  0x22, 0x3a, 0x30, 0x2c, 0x22, 0x6b, 0x22, 0x3a, 0x5b, 0x31, 0x31, 0x38,
  0x2c, 0x31, 0x38, 0x5d, 0x7d, 0x2c, 0x22, 0x70, 0x22, 0x3a, 0x7b, 0x22,
  0x61, 0x22, 0x3a, 0x30, 0x2c, 0x22, 0x6b, 0x22, 0x3a, 0x5b, 0x30, 0x2c,
  0x34, 0x35, 0x5d, 0x7d, 0x2c, 0x22, 0x72, 0x22, 0x3a, 0x7b, 0x22, 0x61,
  0x22, 0x3a, 0x30, 0x2c, 0x22, 0x6b, 0x22, 0x3a, 0x31, 0x32, 0x7d, 0x2c,
  0x22, 0x6e, 0x6d, 0x22, 0x3a, 0x22, 0x72, 0x63, 0x22, 0x7d, 0x2c, 0x7b,
  0x22, 0x74, 0x79, 0x22, 0x3a, 0x22, 0x66, 0x6c, 0x22, 0x2c, 0x22, 0x63,
  0x22, 0x3a, 0x7b, 0x22, 0x61, 0x22, 0x3a, 0x30, 0x2c, 0x22, 0x6b, 0x22,
  0x3a, 0x5b, 0x30, 0x2e, 0x37, 0x36, 0x31, 0x2c, 0x30, 0x2e, 0x33, 0x31,
  0x2c, 0x30, 0x2e, 0x30, 0x33, 0x31, 0x2c, 0x31, 0x5d, 0x7d, 0x2c, 0x22,
  0x6f, 0x22, 0x3a, 0x7b, 0x22, 0x61, 0x22, 0x3a, 0x30, 0x2c, 0x22, 0x6b,
  0x22, 0x3a, 0x36, 0x30, 0x7d, 0x2c, 0x22, 0x72, 0x22, 0x3a, 0x31, 0x2c,
  0x22, 0x6e, 0x6d, 0x22, 0x3a, 0x22, 0x66, 0x6c, 0x22, 0x7d, 0x2c, 0x7b,
  0x22, 0x74, 0x79, 0x22, 0x3a, 0x22, 0x72, 0x63, 0x22, 0x2c, 0x22, 0x64,
  0x22, 0x3a, 0x31, 0x2c, 0x22, 0x73, 0x22, 0x3a, 0x7b, 0x22, 0x61, 0x22,
  0x3a, 0x30, 0x2c, 0x22, 0x6b, 0x22, 0x3a, 0x5b, 0x31, 0x33, 0x38, 0x2c,
  0x31, 0x31, 0x38, 0x5d, 0x7d, 0x2c, 0x22, 0x70, 0x22, 0x3a, 0x7b, 0x22,
  0x61, 0x22, 0x3a, 0x30, 0x2c, 0x22, 0x6b, 0x22, 0x3a, 0x5b, 0x30, 0x2c,
  0x30, 0x5d, 0x7d, 0x2c, 0x22, 0x72, 0x22, 0x3a, 0x7b, 0x22, 0x61, 0x22,
  0x3a, 0x30, 0x2c, 0x22, 0x6b, 0x22, 0x3a, 0x33, 0x36, 0x7d, 0x2c, 0x22,
  0x6e, 0x6d, 0x22, 0x3a, 0x22, 0x72, 0x63, 0x22, 0x7d, 0x2c, 0x7b, 0x22,
  0x74, 0x79, 0x22, 0x3a, 0x22, 0x66, 0x6c, 0x22, 0x2c, 0x22, 0x63, 0x22,
  0x3a, 0x7b, 0x22, 0x61, 0x22, 0x3a, 0x30, 0x2c, 0x22, 0x6b, 0x22, 0x3a,
  0x5b, 0x31, 0x2c, 0x30, 0x2e, 0x34, 0x32, 0x2c, 0x30, 0x2e, 0x31, 0x30,
  0x32, 0x2c, 0x31, 0x5d, 0x7d, 0x2c, 0x22, 0x6f, 0x22, 0x3a, 0x7b, 0x22,
  0x61, 0x22, 0x3a, 0x30, 0x2c, 0x22, 0x6b, 0x22, 0x3a, 0x31, 0x30, 0x30,
  0x7d, 0x2c, 0x22, 0x72, 0x22, 0x3a, 0x31, 0x2c, 0x22, 0x6e, 0x6d, 0x22,
  0x3a, 0x22, 0x66, 0x6c, 0x22, 0x7d, 0x2c, 0x7b, 0x22, 0x74, 0x79, 0x22,
  0x3a, 0x22, 0x73, 0x74, 0x22, 0x2c, 0x22, 0x63, 0x22, 0x3a, 0x7b, 0x22,
  0x61, 0x22, 0x3a, 0x30, 0x2c, 0x22, 0x6b, 0x22, 0x3a, 0x5b, 0x30, 0x2e,
  0x30, 0x33, 0x39, 0x2c, 0x30, 0x2e, 0x30, 0x33, 0x39, 0x2c, 0x30, 0x2e,
  0x30, 0x33, 0x39, 0x2c, 0x31, 0x5d, 0x7d, 0x2c, 0x22, 0x6f, 0x22, 0x3a,
  0x7b, 0x22, 0x61, 0x22, 0x3a, 0x30, 0x2c, 0x22, 0x6b, 0x22, 0x3a, 0x31,
  0x30, 0x30, 0x7d, 0x2c, 0x22, 0x77, 0x22, 0x3a, 0x34, 0x2c, 0x22, 0x6c,
  0x63, 0x22, 0x3a, 0x32, 0x2c, 0x22, 0x6c, 0x6a, 0x22, 0x3a, 0x32, 0x2c,
  0x22, 0x6e, 0x6d, 0x22, 0x3a, 0x22, 0x73, 0x74, 0x22, 0x7d, 0x2c, 0x7b,
  0x22, 0x74, 0x79, 0x22, 0x3a, 0x22, 0x72, 0x63, 0x22, 0x2c, 0x22, 0x64,
  0x22, 0x3a, 0x31, 0x2c, 0x22, 0x73, 0x22, 0x3a, 0x7b, 0x22, 0x61, 0x22,
  0x3a, 0x30, 0x2c, 0x22, 0x6b, 0x22, 0x3a, 0x5b, 0x31, 0x30, 0x38, 0x2c,
  0x31, 0x30, 0x5d, 0x7d, 0x2c, 0x22, 0x70, 0x22, 0x3a, 0x7b, 0x22, 0x61,
  0x22, 0x3a, 0x30, 0x2c, 0x22, 0x6b, 0x22, 0x3a, 0x5b, 0x30, 0x2c, 0x2d,
  0x34, 0x33, 0x5d, 0x7d, 0x2c, 0x22, 0x72, 0x22, 0x3a, 0x7b, 0x22, 0x61,
  0x22, 0x3a, 0x30, 0x2c, 0x22, 0x6b, 0x22, 0x3a, 0x36, 0x7d, 0x2c, 0x22,
  0x6e, 0x6d, 0x22, 0x3a, 0x22, 0x72, 0x63, 0x22, 0x7d, 0x2c, 0x7b, 0x22,
  0x74, 0x79, 0x22, 0x3a, 0x22, 0x66, 0x6c, 0x22, 0x2c, 0x22, 0x63, 0x22,
  0x3a, 0x7b, 0x22, 0x61, 0x22, 0x3a, 0x30, 0x2c, 0x22, 0x6b, 0x22, 0x3a,
  0x5b, 0x31, 0x2c, 0x31, 0x2c, 0x31, 0x2c, 0x31, 0x5d, 0x7d, 0x2c, 0x22,
  0x6f, 0x22, 0x3a, 0x7b, 0x22, 0x61, 0x22, 0x3a, 0x30, 0x2c, 0x22, 0x6b,
  0x22, 0x3a, 0x31, 0x38, 0x7d, 0x2c, 0x22, 0x72, 0x22, 0x3a, 0x31, 0x2c,
  0x22, 0x6e, 0x6d, 0x22, 0x3a, 0x22, 0x66, 0x6c, 0x22, 0x7d, 0x2c, 0x7b,
  0x22, 0x74, 0x79, 0x22, 0x3a, 0x22, 0x74, 0x72, 0x22, 0x2c, 0x22, 0x70,
  0x22, 0x3a, 0x7b, 0x22, 0x61, 0x22, 0x3a, 0x30, 0x2c, 0x22, 0x6b, 0x22,
  0x3a, 0x5b, 0x30, 0x2c, 0x30, 0x5d, 0x7d, 0x2c, 0x22, 0x61, 0x22, 0x3a,
  0x7b, 0x22, 0x61, 0x22, 0x3a, 0x30, 0x2c, 0x22, 0x6b, 0x22, 0x3a, 0x5b,
  0x30, 0x2c, 0x30, 0x5d, 0x7d, 0x2c, 0x22, 0x73, 0x22, 0x3a, 0x7b, 0x22,
  0x61, 0x22, 0x3a, 0x30, 0x2c, 0x22, 0x6b, 0x22, 0x3a, 0x5b, 0x31, 0x30,
  0x30, 0x2c, 0x31, 0x30, 0x30, 0x5d, 0x7d, 0x2c, 0x22, 0x72, 0x22, 0x3a,
  0x7b, 0x22, 0x61, 0x22, 0x3a, 0x30, 0x2c, 0x22, 0x6b, 0x22, 0x3a, 0x30,
  0x7d, 0x2c, 0x22, 0x6f, 0x22, 0x3a, 0x7b, 0x22, 0x61, 0x22, 0x3a, 0x30,
  0x2c, 0x22, 0x6b, 0x22, 0x3a, 0x31, 0x30, 0x30, 0x7d, 0x7d, 0x5d, 0x7d,
  0x2c, 0x7b, 0x22, 0x74, 0x79, 0x22, 0x3a, 0x22, 0x67, 0x72, 0x22, 0x2c,
  0x22, 0x6e, 0x6d, 0x22, 0x3a, 0x22, 0x76, 0x69, 0x73, 0x6f, 0x72, 0x22,
  0x2c, 0x22, 0x69, 0x74, 0x22, 0x3a, 0x5b, 0x7b, 0x22, 0x74, 0x79, 0x22,
  0x3a, 0x22, 0x72, 0x63, 0x22, 0x2c, 0x22, 0x64, 0x22, 0x3a, 0x31, 0x2c,
  0x22, 0x73, 0x22, 0x3a, 0x7b, 0x22, 0x61, 0x22, 0x3a, 0x30, 0x2c, 0x22,
  0x6b, 0x22, 0x3a, 0x5b, 0x31, 0x30, 0x34, 0x2c, 0x35, 0x32, 0x5d, 0x7d,
  0x2c, 0x22, 0x70, 0x22, 0x3a, 0x7b, 0x22, 0x61, 0x22, 0x3a, 0x30, 0x2c,
  0x22, 0x6b, 0x22, 0x3a, 0x5b, 0x30, 0x2c, 0x2d, 0x36, 0x5d, 0x7d, 0x2c,
  0x22, 0x72, 0x22, 0x3a, 0x7b, 0x22, 0x61, 0x22, 0x3a, 0x30, 0x2c, 0x22,
  0x6b, 0x22, 0x3a, 0x32, 0x34, 0x7d, 0x2c, 0x22, 0x6e, 0x6d, 0x22, 0x3a,
  0x22, 0x72, 0x63, 0x22, 0x7d, 0x2c, 0x7b, 0x22, 0x74, 0x79, 0x22, 0x3a,
  0x22, 0x66, 0x6c, 0x22, 0x2c, 0x22, 0x63, 0x22, 0x3a, 0x7b, 0x22, 0x61,
  0x22, 0x3a, 0x30, 0x2c, 0x22, 0x6b, 0x22, 0x3a, 0x5b, 0x30, 0x2e, 0x30,
  0x33, 0x39, 0x2c, 0x30, 0x2e, 0x30, 0x33, 0x39, 0x2c, 0x30, 0x2e, 0x30,
  0x33, 0x39, 0x2c, 0x31, 0x5d, 0x7d, 0x2c, 0x22, 0x6f, 0x22, 0x3a, 0x7b,
  0x22, 0x61, 0x22, 0x3a, 0x30, 0x2c, 0x22, 0x6b, 0x22, 0x3a, 0x31, 0x30,
  0x30, 0x7d, 0x2c, 0x22, 0x72, 0x22, 0x3a, 0x31, 0x2c, 0x22, 0x6e, 0x6d,
  0x22, 0x3a, 0x22, 0x66, 0x6c, 0x22, 0x7d, 0x2c, 0x7b, 0x22, 0x74, 0x79,
  0x22, 0x3a, 0x22, 0x72, 0x63, 0x22, 0x2c, 0x22, 0x64, 0x22, 0x3a, 0x31,
  0x2c, 0x22, 0x73, 0x22, 0x3a, 0x7b, 0x22, 0x61, 0x22, 0x3a, 0x30, 0x2c,
  0x22, 0x6b, 0x22, 0x3a, 0x5b, 0x31, 0x30, 0x30, 0x2c, 0x34, 0x38, 0x5d,
  0x7d, 0x2c, 0x22, 0x70, 0x22, 0x3a, 0x7b, 0x22, 0x61, 0x22, 0x3a, 0x30,
  0x2c, 0x22, 0x6b, 0x22, 0x3a, 0x5b, 0x30, 0x2c, 0x2d, 0x36, 0x5d, 0x7d,
  0x2c, 0x22, 0x72, 0x22, 0x3a, 0x7b, 0x22, 0x61, 0x22, 0x3a, 0x30, 0x2c,
  0x22, 0x6b, 0x22, 0x3a, 0x32, 0x32, 0x7d, 0x2c, 0x22, 0x6e, 0x6d, 0x22,
  0x3a, 0x22, 0x72, 0x63, 0x22, 0x7d, 0x2c, 0x7b, 0x22, 0x74, 0x79, 0x22,
  0x3a, 0x22, 0x73, 0x74, 0x22, 0x2c, 0x22, 0x63, 0x22, 0x3a, 0x7b, 0x22,
  0x61, 0x22, 0x3a, 0x30, 0x2c, 0x22, 0x6b, 0x22, 0x3a, 0x5b, 0x30, 0x2e,
  0x30, 0x39, 0x38, 0x2c, 0x30, 0x2e, 0x39, 0x31, 0x34, 0x2c, 0x31, 0x2c,
  0x31, 0x5d, 0x7d, 0x2c, 0x22, 0x6f, 0x22, 0x3a, 0x7b, 0x22, 0x61, 0x22,
  0x3a, 0x30, 0x2c, 0x22, 0x6b, 0x22, 0x3a, 0x36, 0x30, 0x7d, 0x2c, 0x22,
  0x77, 0x22, 0x3a, 0x31, 0x2e, 0x35, 0x2c, 0x22, 0x6c, 0x63, 0x22, 0x3a,
  0x32, 0x2c, 0x22, 0x6c, 0x6a, 0x22, 0x3a, 0x32, 0x2c, 0x22, 0x6e, 0x6d,
  0x22, 0x3a, 0x22, 0x73, 0x74, 0x22, 0x7d, 0x2c, 0x7b, 0x22, 0x74, 0x79,
  0x22, 0x3a, 0x22, 0x74, 0x72, 0x22, 0x2c, 0x22, 0x70, 0x22, 0x3a, 0x7b,
  0x22, 0x61, 0x22, 0x3a, 0x30, 0x2c, 0x22, 0x6b, 0x22, 0x3a, 0x5b, 0x30,
  0x2c, 0x30, 0x5d, 0x7d, 0x2c, 0x22, 0x61, 0x22, 0x3a, 0x7b, 0x22, 0x61,
  0x22, 0x3a, 0x30, 0x2c, 0x22, 0x6b, 0x22, 0x3a, 0x5b, 0x30, 0x2c, 0x30,
  0x5d, 0x7d, 0x2c, 0x22, 0x73, 0x22, 0x3a, 0x7b, 0x22, 0x61, 0x22, 0x3a,
  0x30, 0x2c, 0x22, 0x6b, 0x22, 0x3a, 0x5b, 0x31, 0x30, 0x30, 0x2c, 0x31,
  0x30, 0x30, 0x5d, 0x7d, 0x2c, 0x22, 0x72, 0x22, 0x3a, 0x7b, 0x22, 0x61,
  0x22, 0x3a, 0x30, 0x2c, 0x22, 0x6b, 0x22, 0x3a, 0x30, 0x7d, 0x2c, 0x22,
  0x6f, 0x22, 0x3a, 0x7b, 0x22, 0x61, 0x22, 0x3a, 0x30, 0x2c, 0x22, 0x6b,
  0x22, 0x3a, 0x31, 0x30, 0x30, 0x7d, 0x7d, 0x5d, 0x7d, 0x2c, 0x7b, 0x22,
  0x74, 0x79, 0x22, 0x3a, 0x22, 0x67, 0x72, 0x22, 0x2c, 0x22, 0x6e, 0x6d,
  0x22, 0x3a, 0x22, 0x63, 0x68, 0x65, 0x65, 0x6b, 0x73, 0x22, 0x2c, 0x22,
  0x69, 0x74, 0x22, 0x3a, 0x5b, 0x7b, 0x22, 0x74, 0x79, 0x22, 0x3a, 0x22,
  0x65, 0x6c, 0x22, 0x2c, 0x22, 0x64, 0x22, 0x3a, 0x31, 0x2c, 0x22, 0x73,
  0x22, 0x3a, 0x7b, 0x22, 0x61, 0x22, 0x3a, 0x30, 0x2c, 0x22, 0x6b, 0x22,
  0x3a, 0x5b, 0x31, 0x34, 0x2c, 0x38, 0x5d, 0x7d, 0x2c, 0x22, 0x70, 0x22,
  0x3a, 0x7b, 0x22, 0x61, 0x22, 0x3a, 0x30, 0x2c, 0x22, 0x6b, 0x22, 0x3a,
  0x5b, 0x2d, 0x34, 0x34, 0x2c, 0x32, 0x32, 0x5d, 0x7d, 0x2c, 0x22, 0x6e,
  0x6d, 0x22, 0x3a, 0x22, 0x65, 0x6c, 0x22, 0x7d, 0x2c, 0x7b, 0x22, 0x74,
  0x79, 0x22, 0x3a, 0x22, 0x66, 0x6c, 0x22, 0x2c, 0x22, 0x63, 0x22, 0x3a,
  0x7b, 0x22, 0x61, 0x22, 0x3a, 0x30, 0x2c, 0x22, 0x6b, 0x22, 0x3a, 0x5b,
  0x31, 0x2c, 0x30, 0x2e, 0x33, 0x33, 0x33, 0x2c, 0x30, 0x2e, 0x34, 0x36,
  0x37, 0x2c, 0x31, 0x5d, 0x7d, 0x2c, 0x22, 0x6f, 0x22, 0x3a, 0x7b, 0x22,
  0x61, 0x22, 0x3a, 0x30, 0x2c, 0x22, 0x6b, 0x22, 0x3a, 0x35, 0x35, 0x7d,
  0x2c, 0x22, 0x72, 0x22, 0x3a, 0x31, 0x2c, 0x22, 0x6e, 0x6d, 0x22, 0x3a,
  0x22, 0x66, 0x6c, 0x22, 0x7d, 0x2c, 0x7b, 0x22, 0x74, 0x79, 0x22, 0x3a,
  0x22, 0x65, 0x6c, 0x22, 0x2c, 0x22, 0x64, 0x22, 0x3a, 0x31, 0x2c, 0x22,
  0x73, 0x22, 0x3a, 0x7b, 0x22, 0x61, 0x22, 0x3a, 0x30, 0x2c, 0x22, 0x6b,
  0x22, 0x3a, 0x5b, 0x31, 0x34, 0x2c, 0x38, 0x5d, 0x7d, 0x2c, 0x22, 0x70,
  0x22, 0x3a, 0x7b, 0x22, 0x61, 0x22, 0x3a, 0x30, 0x2c, 0x22, 0x6b, 0x22,
  0x3a, 0x5b, 0x34, 0x34, 0x2c, 0x32, 0x32, 0x5d, 0x7d, 0x2c, 0x22, 0x6e,
  0x6d, 0x22, 0x3a, 0x22, 0x65, 0x6c, 0x22, 0x7d, 0x2c, 0x7b, 0x22, 0x74,
  0x79, 0x22, 0x3a, 0x22, 0x66, 0x6c, 0x22, 0x2c, 0x22, 0x63, 0x22, 0x3a,
  0x7b, 0x22, 0x61, 0x22, 0x3a, 0x30, 0x2c, 0x22, 0x6b, 0x22, 0x3a, 0x5b,
  0x31, 0x2c, 0x30, 0x2e, 0x33, 0x33, 0x33, 0x2c, 0x30, 0x2e, 0x34, 0x36,
  0x37, 0x2c, 0x31, 0x5d, 0x7d, 0x2c, 0x22, 0x6f, 0x22, 0x3a, 0x7b, 0x22,
  0x61, 0x22, 0x3a, 0x30, 0x2c, 0x22, 0x6b, 0x22, 0x3a, 0x35, 0x35, 0x7d,
  0x2c, 0x22, 0x72, 0x22, 0x3a, 0x31, 0x2c, 0x22, 0x6e, 0x6d, 0x22, 0x3a,
  0x22, 0x66, 0x6c, 0x22, 0x7d, 0x2c, 0x7b, 0x22, 0x74, 0x79, 0x22, 0x3a,
  0x22, 0x74, 0x72, 0x22, 0x2c, 0x22, 0x70, 0x22, 0x3a, 0x7b, 0x22, 0x61,
  0x22, 0x3a, 0x30, 0x2c, 0x22, 0x6b, 0x22, 0x3a, 0x5b, 0x30, 0x2c, 0x30,
  0x5d, 0x7d, 0x2c, 0x22, 0x61, 0x22, 0x3a, 0x7b, 0x22, 0x61, 0x22, 0x3a,
  0x30, 0x2c, 0x22, 0x6b, 0x22, 0x3a, 0x5b, 0x30, 0x2c, 0x30, 0x5d, 0x7d,
  0x2c, 0x22, 0x73, 0x22, 0x3a, 0x7b, 0x22, 0x61, 0x22, 0x3a, 0x30, 0x2c,
  0x22, 0x6b, 0x22, 0x3a, 0x5b, 0x31, 0x30, 0x30, 0x2c, 0x31, 0x30, 0x30,
  0x5d, 0x7d, 0x2c, 0x22, 0x72, 0x22, 0x3a, 0x7b, 0x22, 0x61, 0x22, 0x3a,
  0x30, 0x2c, 0x22, 0x6b, 0x22, 0x3a, 0x30, 0x7d, 0x2c, 0x22, 0x6f, 0x22,
  0x3a, 0x7b, 0x22, 0x61, 0x22, 0x3a, 0x30, 0x2c, 0x22, 0x6b, 0x22, 0x3a,
  0x31, 0x30, 0x30, 0x7d, 0x7d, 0x5d, 0x7d, 0x2c, 0x7b, 0x22, 0x74, 0x79,
  0x22, 0x3a, 0x22, 0x67, 0x72, 0x22, 0x2c, 0x22, 0x6e, 0x6d, 0x22, 0x3a,
  0x22, 0x65, 0x79, 0x65, 0x2d, 0x31, 0x22, 0x2c, 0x22, 0x69, 0x74, 0x22,
  0x3a, 0x5b, 0x7b, 0x22, 0x74, 0x79, 0x22, 0x3a, 0x22, 0x65, 0x6c, 0x22,
  0x2c, 0x22, 0x64, 0x22, 0x3a, 0x31, 0x2c, 0x22, 0x73, 0x22, 0x3a, 0x7b,
  0x22, 0x61, 0x22, 0x3a, 0x30, 0x2c, 0x22, 0x6b, 0x22, 0x3a, 0x5b, 0x32,
  0x32, 0x2c, 0x32, 0x36, 0x5d, 0x7d, 0x2c, 0x22, 0x70, 0x22, 0x3a, 0x7b,
  0x22, 0x61, 0x22, 0x3a, 0x30, 0x2c, 0x22, 0x6b, 0x22, 0x3a, 0x5b, 0x30,
  0x2c, 0x30, 0x5d, 0x7d, 0x2c, 0x22, 0x6e, 0x6d, 0x22, 0x3a, 0x22, 0x65,
  0x6c, 0x22, 0x7d, 0x2c, 0x7b, 0x22, 0x74, 0x79, 0x22, 0x3a, 0x22, 0x66,
  0x6c, 0x22, 0x2c, 0x22, 0x63, 0x22, 0x3a, 0x7b, 0x22, 0x61, 0x22, 0x3a,
  0x30, 0x2c, 0x22, 0x6b, 0x22, 0x3a, 0x5b, 0x31, 0x2c, 0x31, 0x2c, 0x31,
  0x2c, 0x31, 0x5d, 0x7d, 0x2c, 0x22, 0x6f, 0x22, 0x3a, 0x7b, 0x22, 0x61,
  0x22, 0x3a, 0x30, 0x2c, 0x22, 0x6b, 0x22, 0x3a, 0x31, 0x30, 0x30, 0x7d,
  0x2c, 0x22, 0x72, 0x22, 0x3a, 0x31, 0x2c, 0x22, 0x6e, 0x6d, 0x22, 0x3a,
  0x22, 0x66, 0x6c, 0x22, 0x7d, 0x2c, 0x7b, 0x22, 0x74, 0x79, 0x22, 0x3a,
  0x22, 0x65, 0x6c, 0x22, 0x2c, 0x22, 0x64, 0x22, 0x3a, 0x31, 0x2c, 0x22,
  0x73, 0x22, 0x3a, 0x7b, 0x22, 0x61, 0x22, 0x3a, 0x30, 0x2c, 0x22, 0x6b,
  0x22, 0x3a, 0x5b, 0x31, 0x31, 0x2c, 0x31, 0x33, 0x5d, 0x7d, 0x2c, 0x22,
  0x70, 0x22, 0x3a, 0x7b, 0x22, 0x61, 0x22, 0x3a, 0x30, 0x2c, 0x22, 0x6b,
  0x22, 0x3a, 0x5b, 0x30, 0x2c, 0x32, 0x5d, 0x7d, 0x2c, 0x22, 0x6e, 0x6d,
  0x22, 0x3a, 0x22, 0x65, 0x6c, 0x22, 0x7d, 0x2c, 0x7b, 0x22, 0x74, 0x79,
  0x22, 0x3a, 0x22, 0x66, 0x6c, 0x22, 0x2c, 0x22, 0x63, 0x22, 0x3a, 0x7b,
  0x22, 0x61, 0x22, 0x3a, 0x30, 0x2c, 0x22, 0x6b, 0x22, 0x3a, 0x5b, 0x30,
  0x2e, 0x30, 0x33, 0x39, 0x2c, 0x30, 0x2e, 0x30, 0x33, 0x39, 0x2c, 0x30,
  0x2e, 0x30, 0x33, 0x39, 0x2c, 0x31, 0x5d, 0x7d, 0x2c, 0x22, 0x6f, 0x22,
  0x3a, 0x7b, 0x22, 0x61, 0x22, 0x3a, 0x30, 0x2c, 0x22, 0x6b, 0x22, 0x3a,
  0x31, 0x30, 0x30, 0x7d, 0x2c, 0x22, 0x72, 0x22, 0x3a, 0x31, 0x2c, 0x22,
  0x6e, 0x6d, 0x22, 0x3a, 0x22, 0x66, 0x6c, 0x22, 0x7d, 0x2c, 0x7b, 0x22,
  0x74, 0x79, 0x22, 0x3a, 0x22, 0x65, 0x6c, 0x22, 0x2c, 0x22, 0x64, 0x22,
  0x3a, 0x31, 0x2c, 0x22, 0x73, 0x22, 0x3a, 0x7b, 0x22, 0x61, 0x22, 0x3a,
  0x30, 0x2c, 0x22, 0x6b, 0x22, 0x3a, 0x5b, 0x35, 0x2c, 0x35, 0x5d, 0x7d,
  0x2c, 0x22, 0x70, 0x22, 0x3a, 0x7b, 0x22, 0x61, 0x22, 0x3a, 0x30, 0x2c,
  0x22, 0x6b, 0x22, 0x3a, 0x5b, 0x33, 0x2c, 0x2d, 0x33, 0x5d, 0x7d, 0x2c,
  0x22, 0x6e, 0x6d, 0x22, 0x3a, 0x22, 0x65, 0x6c, 0x22, 0x7d, 0x2c, 0x7b,
  0x22, 0x74, 0x79, 0x22, 0x3a, 0x22, 0x66, 0x6c, 0x22, 0x2c, 0x22, 0x63,
  0x22, 0x3a, 0x7b, 0x22, 0x61, 0x22, 0x3a, 0x30, 0x2c, 0x22, 0x6b, 0x22,
  0x3a, 0x5b, 0x31, 0x2c, 0x31, 0x2c, 0x31, 0x2c, 0x31, 0x5d, 0x7d, 0x2c,
  0x22, 0x6f, 0x22, 0x3a, 0x7b, 0x22, 0x61, 0x22, 0x3a, 0x30, 0x2c, 0x22,
  0x6b, 0x22, 0x3a, 0x31, 0x30, 0x30, 0x7d, 0x2c, 0x22, 0x72, 0x22, 0x3a,
  0x31, 0x2c, 0x22, 0x6e, 0x6d, 0x22, 0x3a, 0x22, 0x66, 0x6c, 0x22, 0x7d,
  0x2c, 0x7b, 0x22, 0x74, 0x79, 0x22, 0x3a, 0x22, 0x74, 0x72, 0x22, 0x2c,
  0x22, 0x70, 0x22, 0x3a, 0x7b, 0x22, 0x61, 0x22, 0x3a, 0x30, 0x2c, 0x22,
  0x6b, 0x22, 0x3a, 0x5b, 0x2d, 0x32, 0x32, 0x2c, 0x2d, 0x36, 0x5d, 0x7d,
  0x2c, 0x22, 0x61, 0x22, 0x3a, 0x7b, 0x22, 0x61, 0x22, 0x3a, 0x30, 0x2c,
  0x22, 0x6b, 0x22, 0x3a, 0x5b, 0x30, 0x2c, 0x30, 0x5d, 0x7d, 0x2c, 0x22,
  0x73, 0x22, 0x3a, 0x7b, 0x22, 0x61, 0x22, 0x3a, 0x30, 0x2c, 0x22, 0x6b,
  0x22, 0x3a, 0x5b, 0x31, 0x30, 0x30, 0x2c, 0x31, 0x30, 0x30, 0x5d, 0x7d,
  0x2c, 0x22, 0x72, 0x22, 0x3a, 0x7b, 0x22, 0x61, 0x22, 0x3a, 0x30, 0x2c,
  0x22, 0x6b, 0x22, 0x3a, 0x30, 0x7d, 0x2c, 0x22, 0x6f, 0x22, 0x3a, 0x7b,
  0x22, 0x61, 0x22, 0x3a, 0x30, 0x2c, 0x22, 0x6b, 0x22, 0x3a, 0x31, 0x30,
  0x30, 0x7d, 0x7d, 0x5d, 0x7d, 0x2c, 0x7b, 0x22, 0x74, 0x79, 0x22, 0x3a,
  0x22, 0x67, 0x72, 0x22, 0x2c, 0x22, 0x6e, 0x6d, 0x22, 0x3a, 0x22, 0x65,
  0x79, 0x65, 0x31, 0x22, 0x2c, 0x22, 0x69, 0x74, 0x22, 0x3a, 0x5b, 0x7b,
  0x22, 0x74, 0x79, 0x22, 0x3a, 0x22, 0x65, 0x6c, 0x22, 0x2c, 0x22, 0x64,
  0x22, 0x3a, 0x31, 0x2c, 0x22, 0x73, 0x22, 0x3a, 0x7b, 0x22, 0x61, 0x22,
  0x3a, 0x30, 0x2c, 0x22, 0x6b, 0x22, 0x3a, 0x5b, 0x32, 0x32, 0x2c, 0x32,
  0x36, 0x5d, 0x7d, 0x2c, 0x22, 0x70, 0x22, 0x3a, 0x7b, 0x22, 0x61, 0x22,
  0x3a, 0x30, 0x2c, 0x22, 0x6b, 0x22, 0x3a, 0x5b, 0x30, 0x2c, 0x30, 0x5d,
  0x7d, 0x2c, 0x22, 0x6e, 0x6d, 0x22, 0x3a, 0x22, 0x65, 0x6c, 0x22, 0x7d,
  0x2c, 0x7b, 0x22, 0x74, 0x79, 0x22, 0x3a, 0x22, 0x66, 0x6c, 0x22, 0x2c,
  0x22, 0x63, 0x22, 0x3a, 0x7b, 0x22, 0x61, 0x22, 0x3a, 0x30, 0x2c, 0x22,
  0x6b, 0x22, 0x3a, 0x5b, 0x31, 0x2c, 0x31, 0x2c, 0x31, 0x2c, 0x31, 0x5d,
  0x7d, 0x2c, 0x22, 0x6f, 0x22, 0x3a, 0x7b, 0x22, 0x61, 0x22, 0x3a, 0x30,
  0x2c, 0x22, 0x6b, 0x22, 0x3a, 0x31, 0x30, 0x30, 0x7d, 0x2c, 0x22, 0x72,
  0x22, 0x3a, 0x31, 0x2c, 0x22, 0x6e, 0x6d, 0x22, 0x3a, 0x22, 0x66, 0x6c,
  0x22, 0x7d, 0x2c, 0x7b, 0x22, 0x74, 0x79, 0x22, 0x3a, 0x22, 0x65, 0x6c,
  0x22, 0x2c, 0x22, 0x64, 0x22, 0x3a, 0x31, 0x2c, 0x22, 0x73, 0x22, 0x3a,
  0x7b, 0x22, 0x61, 0x22, 0x3a, 0x30, 0x2c, 0x22, 0x6b, 0x22, 0x3a, 0x5b,
  0x31, 0x31, 0x2c, 0x31, 0x33, 0x5d, 0x7d, 0x2c, 0x22, 0x70, 0x22, 0x3a,
  0x7b, 0x22, 0x61, 0x22, 0x3a, 0x30, 0x2c, 0x22, 0x6b, 0x22, 0x3a, 0x5b,
  0x30, 0x2c, 0x32, 0x5d, 0x7d, 0x2c, 0x22, 0x6e, 0x6d, 0x22, 0x3a, 0x22,
  0x65, 0x6c, 0x22, 0x7d, 0x2c, 0x7b, 0x22, 0x74, 0x79, 0x22, 0x3a, 0x22,
  0x66, 0x6c, 0x22, 0x2c, 0x22, 0x63, 0x22, 0x3a, 0x7b, 0x22, 0x61, 0x22,
  0x3a, 0x30, 0x2c, 0x22, 0x6b, 0x22, 0x3a, 0x5b, 0x30, 0x2e, 0x30, 0x33,
  0x39, 0x2c, 0x30, 0x2e, 0x30, 0x33, 0x39, 0x2c, 0x30, 0x2e, 0x30, 0x33,
  0x39, 0x2c, 0x31, 0x5d, 0x7d, 0x2c, 0x22, 0x6f, 0x22, 0x3a, 0x7b, 0x22,
  0x61, 0x22, 0x3a, 0x30, 0x2c, 0x22, 0x6b, 0x22, 0x3a, 0x31, 0x30, 0x30,
  0x7d, 0x2c, 0x22, 0x72, 0x22, 0x3a, 0x31, 0x2c, 0x22, 0x6e, 0x6d, 0x22,
  0x3a, 0x22, 0x66, 0x6c, 0x22, 0x7d, 0x2c, 0x7b, 0x22, 0x74, 0x79, 0x22,
  0x3a, 0x22, 0x65, 0x6c, 0x22, 0x2c, 0x22, 0x64, 0x22, 0x3a, 0x31, 0x2c,
  0x22, 0x73, 0x22, 0x3a, 0x7b, 0x22, 0x61, 0x22, 0x3a, 0x30, 0x2c, 0x22,
  0x6b, 0x22, 0x3a, 0x5b, 0x35, 0x2c, 0x35, 0x5d, 0x7d, 0x2c, 0x22, 0x70,
  0x22, 0x3a, 0x7b, 0x22, 0x61, 0x22, 0x3a, 0x30, 0x2c, 0x22, 0x6b, 0x22,
  0x3a, 0x5b, 0x33, 0x2c, 0x2d, 0x33, 0x5d, 0x7d, 0x2c, 0x22, 0x6e, 0x6d,
  0x22, 0x3a, 0x22, 0x65, 0x6c, 0x22, 0x7d, 0x2c, 0x7b, 0x22, 0x74, 0x79,
  0x22, 0x3a, 0x22, 0x66, 0x6c, 0x22, 0x2c, 0x22, 0x63, 0x22, 0x3a, 0x7b,
  0x22, 0x61, 0x22, 0x3a, 0x30, 0x2c, 0x22, 0x6b, 0x22, 0x3a, 0x5b, 0x31,
  0x2c, 0x31, 0x2c, 0x31, 0x2c, 0x31, 0x5d, 0x7d, 0x2c, 0x22, 0x6f, 0x22,
  0x3a, 0x7b, 0x22, 0x61, 0x22, 0x3a, 0x30, 0x2c, 0x22, 0x6b, 0x22, 0x3a,
  0x31, 0x30, 0x30, 0x7d, 0x2c, 0x22, 0x72, 0x22, 0x3a, 0x31, 0x2c, 0x22,
  0x6e, 0x6d, 0x22, 0x3a, 0x22, 0x66, 0x6c, 0x22, 0x7d, 0x2c, 0x7b, 0x22,
  0x74, 0x79, 0x22, 0x3a, 0x22, 0x74, 0x72, 0x22, 0x2c, 0x22, 0x70, 0x22,
  0x3a, 0x7b, 0x22, 0x61, 0x22, 0x3a, 0x30, 0x2c, 0x22, 0x6b, 0x22, 0x3a,
  0x5b, 0x32, 0x32, 0x2c, 0x2d, 0x36, 0x5d, 0x7d, 0x2c, 0x22, 0x61, 0x22,
  0x3a, 0x7b, 0x22, 0x61, 0x22, 0x3a, 0x30, 0x2c, 0x22, 0x6b, 0x22, 0x3a,
  0x5b, 0x30, 0x2c, 0x30, 0x5d, 0x7d, 0x2c, 0x22, 0x73, 0x22, 0x3a, 0x7b,
  0x22, 0x61, 0x22, 0x3a, 0x30, 0x2c, 0x22, 0x6b, 0x22, 0x3a, 0x5b, 0x31,
  0x30, 0x30, 0x2c, 0x31, 0x30, 0x30, 0x5d, 0x7d, 0x2c, 0x22, 0x72, 0x22,
  0x3a, 0x7b, 0x22, 0x61, 0x22, 0x3a, 0x30, 0x2c, 0x22, 0x6b, 0x22, 0x3a,
  0x30, 0x7d, 0x2c, 0x22, 0x6f, 0x22, 0x3a, 0x7b, 0x22, 0x61, 0x22, 0x3a,
  0x30, 0x2c, 0x22, 0x6b, 0x22, 0x3a, 0x31, 0x30, 0x30, 0x7d, 0x7d, 0x5d,
  0x7d, 0x2c, 0x7b, 0x22, 0x74, 0x79, 0x22, 0x3a, 0x22, 0x67, 0x72, 0x22,
  0x2c, 0x22, 0x6e, 0x6d, 0x22, 0x3a, 0x22, 0x6d, 0x6f, 0x75, 0x74, 0x68,
  0x22, 0x2c, 0x22, 0x69, 0x74, 0x22, 0x3a, 0x5b, 0x7b, 0x22, 0x74, 0x79,
  0x22, 0x3a, 0x22, 0x73, 0x68, 0x22, 0x2c, 0x22, 0x64, 0x22, 0x3a, 0x31,
  0x2c, 0x22, 0x6e, 0x6d, 0x22, 0x3a, 0x22, 0x73, 0x68, 0x22, 0x2c, 0x22,
  0x6b, 0x73, 0x22, 0x3a, 0x7b, 0x22, 0x61, 0x22, 0x3a, 0x30, 0x2c, 0x22,
  0x6b, 0x22, 0x3a, 0x7b, 0x22, 0x63, 0x22, 0x3a, 0x66, 0x61, 0x6c, 0x73,
  0x65, 0x2c, 0x22, 0x76, 0x22, 0x3a, 0x5b, 0x5b, 0x2d, 0x31, 0x30, 0x2c,
  0x30, 0x5d, 0x2c, 0x5b, 0x30, 0x2c, 0x36, 0x5d, 0x2c, 0x5b, 0x31, 0x30,
  0x2c, 0x30, 0x5d, 0x5d, 0x2c, 0x22, 0x69, 0x22, 0x3a, 0x5b, 0x5b, 0x2d,
  0x34, 0x2c, 0x30, 0x5d, 0x2c, 0x5b, 0x30, 0x2c, 0x30, 0x5d, 0x2c, 0x5b,
  0x30, 0x2c, 0x30, 0x5d, 0x5d, 0x2c, 0x22, 0x6f, 0x22, 0x3a, 0x5b, 0x5b,
  0x30, 0x2c, 0x30, 0x5d, 0x2c, 0x5b, 0x30, 0x2c, 0x30, 0x5d, 0x2c, 0x5b,
  0x34, 0x2c, 0x30, 0x5d, 0x5d, 0x7d, 0x7d, 0x7d, 0x2c, 0x7b, 0x22, 0x74,
  0x79, 0x22, 0x3a, 0x22, 0x73, 0x74, 0x22, 0x2c, 0x22, 0x63, 0x22, 0x3a,
  0x7b, 0x22, 0x61, 0x22, 0x3a, 0x30, 0x2c, 0x22, 0x6b, 0x22, 0x3a, 0x5b,
  0x31, 0x2c, 0x31, 0x2c, 0x31, 0x2c, 0x31, 0x5d, 0x7d, 0x2c, 0x22, 0x6f,
  0x22, 0x3a, 0x7b, 0x22, 0x61, 0x22, 0x3a, 0x30, 0x2c, 0x22, 0x6b, 0x22,
  0x3a, 0x31, 0x30, 0x30, 0x7d, 0x2c, 0x22, 0x77, 0x22, 0x3a, 0x33, 0x2c,
  0x22, 0x6c, 0x63, 0x22, 0x3a, 0x32, 0x2c, 0x22, 0x6c, 0x6a, 0x22, 0x3a,
  0x32, 0x2c, 0x22, 0x6e, 0x6d, 0x22, 0x3a, 0x22, 0x73, 0x74, 0x22, 0x7d,
  0x2c, 0x7b, 0x22, 0x74, 0x79, 0x22, 0x3a, 0x22, 0x74, 0x72, 0x22, 0x2c,
  0x22, 0x70, 0x22, 0x3a, 0x7b, 0x22, 0x61, 0x22, 0x3a, 0x30, 0x2c, 0x22,
  0x6b, 0x22, 0x3a, 0x5b, 0x30, 0x2c, 0x32, 0x30, 0x5d, 0x7d, 0x2c, 0x22,
  0x61, 0x22, 0x3a, 0x7b, 0x22, 0x61, 0x22, 0x3a, 0x30, 0x2c, 0x22, 0x6b,
  0x22, 0x3a, 0x5b, 0x30, 0x2c, 0x30, 0x5d, 0x7d, 0x2c, 0x22, 0x73, 0x22,
  0x3a, 0x7b, 0x22, 0x61, 0x22, 0x3a, 0x30, 0x2c, 0x22, 0x6b, 0x22, 0x3a,
  0x5b, 0x31, 0x30, 0x30, 0x2c, 0x31, 0x30, 0x30, 0x5d, 0x7d, 0x2c, 0x22,
  0x72, 0x22, 0x3a, 0x7b, 0x22, 0x61, 0x22, 0x3a, 0x30, 0x2c, 0x22, 0x6b,
  0x22, 0x3a, 0x30, 0x7d, 0x2c, 0x22, 0x6f, 0x22, 0x3a, 0x7b, 0x22, 0x61,
  0x22, 0x3a, 0x30, 0x2c, 0x22, 0x6b, 0x22, 0x3a, 0x31, 0x30, 0x30, 0x7d,
  0x7d, 0x5d, 0x7d, 0x2c, 0x7b, 0x22, 0x74, 0x79, 0x22, 0x3a, 0x22, 0x67,
  0x72, 0x22, 0x2c, 0x22, 0x6e, 0x6d, 0x22, 0x3a, 0x22, 0x63, 0x68, 0x65,
  0x73, 0x74, 0x22, 0x2c, 0x22, 0x69, 0x74, 0x22, 0x3a, 0x5b, 0x7b, 0x22,
  0x74, 0x79, 0x22, 0x3a, 0x22, 0x72, 0x63, 0x22, 0x2c, 0x22, 0x64, 0x22,
  0x3a, 0x31, 0x2c, 0x22, 0x73, 0x22, 0x3a, 0x7b, 0x22, 0x61, 0x22, 0x3a,
  0x30, 0x2c, 0x22, 0x6b, 0x22, 0x3a, 0x5b, 0x33, 0x34, 0x2c, 0x31, 0x30,
  0x5d, 0x7d, 0x2c, 0x22, 0x70, 0x22, 0x3a, 0x7b, 0x22, 0x61, 0x22, 0x3a,
  0x30, 0x2c, 0x22, 0x6b, 0x22, 0x3a, 0x5b, 0x30, 0x2c, 0x30, 0x5d, 0x7d,
  0x2c, 0x22, 0x72, 0x22, 0x3a, 0x7b, 0x22, 0x61, 0x22, 0x3a, 0x30, 0x2c,
  0x22, 0x6b, 0x22, 0x3a, 0x35, 0x7d, 0x2c, 0x22, 0x6e, 0x6d, 0x22, 0x3a,
  0x22, 0x72, 0x63, 0x22, 0x7d, 0x2c, 0x7b, 0x22, 0x74, 0x79, 0x22, 0x3a,
  0x22, 0x66, 0x6c, 0x22, 0x2c, 0x22, 0x63, 0x22, 0x3a, 0x7b, 0x22, 0x61,
  0x22, 0x3a, 0x30, 0x2c, 0x22, 0x6b, 0x22, 0x3a, 0x5b, 0x30, 0x2e, 0x30,
  0x39, 0x38, 0x2c, 0x30, 0x2e, 0x39, 0x31, 0x34, 0x2c, 0x31, 0x2c, 0x31,
  0x5d, 0x7d, 0x2c, 0x22, 0x6f, 0x22, 0x3a, 0x7b, 0x22, 0x61, 0x22, 0x3a,
  0x30, 0x2c, 0x22, 0x6b, 0x22, 0x3a, 0x31, 0x30, 0x30, 0x7d, 0x2c, 0x22,
  0x72, 0x22, 0x3a, 0x31, 0x2c, 0x22, 0x6e, 0x6d, 0x22, 0x3a, 0x22, 0x66,
  0x6c, 0x22, 0x7d, 0x2c, 0x7b, 0x22, 0x74, 0x79, 0x22, 0x3a, 0x22, 0x72,
  0x63, 0x22, 0x2c, 0x22, 0x64, 0x22, 0x3a, 0x31, 0x2c, 0x22, 0x73, 0x22,
  0x3a, 0x7b, 0x22, 0x61, 0x22, 0x3a, 0x30, 0x2c, 0x22, 0x6b, 0x22, 0x3a,
  0x5b, 0x33, 0x30, 0x2c, 0x34, 0x5d, 0x7d, 0x2c, 0x22, 0x70, 0x22, 0x3a,
  0x7b, 0x22, 0x61, 0x22, 0x3a, 0x30, 0x2c, 0x22, 0x6b, 0x22, 0x3a, 0x5b,
  0x30, 0x2c, 0x2d, 0x32, 0x5d, 0x7d, 0x2c, 0x22, 0x72, 0x22, 0x3a, 0x7b,
  0x22, 0x61, 0x22, 0x3a, 0x30, 0x2c, 0x22, 0x6b, 0x22, 0x3a, 0x32, 0x7d,
  0x2c, 0x22, 0x6e, 0x6d, 0x22, 0x3a, 0x22, 0x72, 0x63, 0x22, 0x7d, 0x2c,
  0x7b, 0x22, 0x74, 0x79, 0x22, 0x3a, 0x22, 0x66, 0x6c, 0x22, 0x2c, 0x22,
  0x63, 0x22, 0x3a, 0x7b, 0x22, 0x61, 0x22, 0x3a, 0x30, 0x2c, 0x22, 0x6b,
  0x22, 0x3a, 0x5b, 0x31, 0x2c, 0x31, 0x2c, 0x31, 0x2c, 0x31, 0x5d, 0x7d,
  0x2c, 0x22, 0x6f, 0x22, 0x3a, 0x7b, 0x22, 0x61, 0x22, 0x3a, 0x30, 0x2c,
  0x22, 0x6b, 0x22, 0x3a, 0x36, 0x30, 0x7d, 0x2c, 0x22, 0x72, 0x22, 0x3a,
  0x31, 0x2c, 0x22, 0x6e, 0x6d, 0x22, 0x3a, 0x22, 0x66, 0x6c, 0x22, 0x7d,
  0x2c, 0x7b, 0x22, 0x74, 0x79, 0x22, 0x3a, 0x22, 0x74, 0x72, 0x22, 0x2c,
  0x22, 0x70, 0x22, 0x3a, 0x7b, 0x22, 0x61, 0x22, 0x3a, 0x30, 0x2c, 0x22,
  0x6b, 0x22, 0x3a, 0x5b, 0x30, 0x2c, 0x34, 0x39, 0x5d, 0x7d, 0x2c, 0x22,
  0x61, 0x22, 0x3a, 0x7b, 0x22, 0x61, 0x22, 0x3a, 0x30, 0x2c, 0x22, 0x6b,
  0x22, 0x3a, 0x5b, 0x30, 0x2c, 0x30, 0x5d, 0x7d, 0x2c, 0x22, 0x73, 0x22,
  0x3a, 0x7b, 0x22, 0x61, 0x22, 0x3a, 0x30, 0x2c, 0x22, 0x6b, 0x22, 0x3a,
  0x5b, 0x31, 0x30, 0x30, 0x2c, 0x31, 0x30, 0x30, 0x5d, 0x7d, 0x2c, 0x22,
  0x72, 0x22, 0x3a, 0x7b, 0x22, 0x61, 0x22, 0x3a, 0x30, 0x2c, 0x22, 0x6b,
  0x22, 0x3a, 0x30, 0x7d, 0x2c, 0x22, 0x6f, 0x22, 0x3a, 0x7b, 0x22, 0x61,
  0x22, 0x3a, 0x30, 0x2c, 0x22, 0x6b, 0x22, 0x3a, 0x31, 0x30, 0x30, 0x7d,
  0x7d, 0x5d, 0x7d, 0x5d, 0x2c, 0x22, 0x69, 0x70, 0x22, 0x3a, 0x30, 0x2c,
  0x22, 0x6f, 0x70, 0x22, 0x3a, 0x39, 0x30, 0x2c, 0x22, 0x73, 0x74, 0x22,
  0x3a, 0x30, 0x7d, 0x5d, 0x7d
};
const size_t default_idle_json_len = 5501;

const uint8_t default_busy_json[] = {
  0x7b, 0x22, 0x76, 0x22, 0x3a, 0x22, 0x35, 0x2e, 0x37, 0x2e, 0x33, 0x22,
  0x2c, 0x22, 0x6e, 0x6d, 0x22, 0x3a, 0x22, 0x62, 0x75, 0x73, 0x79, 0x22,
  0x2c, 0x22, 0x66, 0x72, 0x22, 0x3a, 0x33, 0x30, 0x2c, 0x22, 0x69, 0x70,
  0x22, 0x3a, 0x30, 0x2c, 0x22, 0x6f, 0x70, 0x22, 0x3a, 0x36, 0x30, 0x2c,
  0x22, 0x77, 0x22, 0x3a, 0x32, 0x30, 0x30, 0x2c, 0x22, 0x68, 0x22, 0x3a,
  0x32, 0x30, 0x30, 0x2c, 0x22, 0x64, 0x64, 0x64, 0x22, 0x3a, 0x30, 0x2c,
  0x22, 0x61, 0x73, 0x73, 0x65, 0x74, 0x73, 0x22, 0x3a, 0x5b, 0x5d, 0x2c,
  0x22, 0x6c, 0x61, 0x79, 0x65, 0x72, 0x73, 0x22, 0x3a, 0x5b, 0x7b, 0x22,
  0x74, 0x79, 0x22, 0x3a, 0x34, 0x2c, 0x22, 0x6e, 0x6d, 0x22, 0x3a, 0x22,
  0x70, 0x75, 0x70, 0x70, 0x65, 0x74, 0x22, 0x2c, 0x22, 0x73, 0x72, 0x22,
  0x3a, 0x31, 0x2c, 0x22, 0x6b, 0x73, 0x22, 0x3a, 0x7b, 0x22, 0x70, 0x22,
  0x3a, 0x7b, 0x22, 0x61, 0x22, 0x3a, 0x30, 0x2c, 0x22, 0x6b, 0x22, 0x3a,
  0x5b, 0x31, 0x30, 0x30, 0x2c, 0x31, 0x30, 0x30, 0x2c, 0x30, 0x5d, 0x7d,
  0x2c, 0x22, 0x61, 0x22, 0x3a, 0x7b, 0x22, 0x61, 0x22, 0x3a, 0x30, 0x2c,
  0x22, 0x6b, 0x22, 0x3a, 0x5b, 0x30, 0x2c, 0x30, 0x2c, 0x30, 0x5d, 0x7d,
  0x2c, 0x22, 0x73, 0x22, 0x3a, 0x7b, 0x22, 0x61, 0x22, 0x3a, 0x30, 0x2c,
  0x22, 0x6b, 0x22, 0x3a, 0x5b, 0x31, 0x30, 0x30, 0x2c, 0x31, 0x30, 0x30,
  0x5d, 0x7d, 0x2c, 0x22, 0x72, 0x22, 0x3a, 0x7b, 0x22, 0x61, 0x22, 0x3a,
  0x31, 0x2c, 0x22, 0x6b, 0x22, 0x3a, 0x5b, 0x7b, 0x22, 0x74, 0x22, 0x3a,
  0x30, 0x2c, 0x22, 0x73, 0x22, 0x3a, 0x5b, 0x2d, 0x35, 0x5d, 0x7d, 0x2c,
  0x7b, 0x22, 0x74, 0x22, 0x3a, 0x33, 0x30, 0x2c, 0x22, 0x73, 0x22, 0x3a,
  0x5b, 0x35, 0x5d, 0x7d, 0x2c, 0x7b, 0x22, 0x74, 0x22, 0x3a, 0x36, 0x30,
  0x2c, 0x22, 0x73, 0x22, 0x3a, 0x5b, 0x2d, 0x35, 0x5d, 0x7d, 0x5d, 0x7d,
  0x2c, 0x22, 0x6f, 0x22, 0x3a, 0x7b, 0x22, 0x61, 0x22, 0x3a, 0x30, 0x2c,
  0x22, 0x6b, 0x22, 0x3a, 0x31, 0x30, 0x30, 0x7d, 0x7d, 0x2c, 0x22, 0x61,
  0x6f, 0x22, 0x3a, 0x30, 0x2c, 0x22, 0x73, 0x68, 0x61, 0x70, 0x65, 0x73,
  0x22, 0x3a, 0x5b, 0x7b, 0x22, 0x74, 0x79, 0x22, 0x3a, 0x22, 0x67, 0x72,
  0x22, 0x2c, 0x22, 0x6e, 0x6d, 0x22, 0x3a, 0x22, 0x61, 0x6e, 0x74, 0x65,
  0x6e, 0x6e, 0x61, 0x22, 0x2c, 0x22, 0x69, 0x74, 0x22, 0x3a, 0x5b, 0x7b,
  0x22, 0x74, 0x79, 0x22, 0x3a, 0x22, 0x72, 0x63, 0x22, 0x2c, 0x22, 0x64,
  0x22, 0x3a, 0x31, 0x2c, 0x22, 0x73, 0x22, 0x3a, 0x7b, 0x22, 0x61, 0x22,
  0x3a, 0x30, 0x2c, 0x22, 0x6b, 0x22, 0x3a, 0x5b, 0x34, 0x2c, 0x32, 0x32,
  0x5d, 0x7d, 0x2c, 0x22, 0x70, 0x22, 0x3a, 0x7b, 0x22, 0x61, 0x22, 0x3a,
  0x30, 0x2c, 0x22, 0x6b, 0x22, 0x3a, 0x5b, 0x30, 0x2c, 0x34, 0x5d, 0x7d,
  0x2c, 0x22, 0x72, 0x22, 0x3a, 0x7b, 0x22, 0x61, 0x22, 0x3a, 0x30, 0x2c,
  0x22, 0x6b, 0x22, 0x3a, 0x32, 0x7d, 0x2c, 0x22, 0x6e, 0x6d, 0x22, 0x3a,
  0x22, 0x72, 0x63, 0x22, 0x7d, 0x2c, 0x7b, 0x22, 0x74, 0x79, 0x22, 0x3a,
  0x22, 0x66, 0x6c, 0x22, 0x2c, 0x22, 0x63, 0x22, 0x3a, 0x7b, 0x22, 0x61,
  0x22, 0x3a, 0x30, 0x2c, 0x22, 0x6b, 0x22, 0x3a, 0x5b, 0x30, 0x2e, 0x30,
  0x33, 0x39, 0x2c, 0x30, 0x2e, 0x30, 0x33, 0x39, 0x2c, 0x30, 0x2e, 0x30,
  0x33, 0x39, 0x2c, 0x31, 0x5d, 0x7d, 0x2c, 0x22, 0x6f, 0x22, 0x3a, 0x7b,
  0x22, 0x61, 0x22, 0x3a, 0x30, 0x2c, 0x22, 0x6b, 0x22, 0x3a, 0x31, 0x30,
  0x30, 0x7d, 0x2c, 0x22, 0x72, 0x22, 0x3a, 0x31, 0x2c, 0x22, 0x6e, 0x6d,
  0x22, 0x3a, 0x22, 0x66, 0x6c, 0x22, 0x7d, 0x2c, 0x7b, 0x22, 0x74, 0x79,
  0x22, 0x3a, 0x22, 0x65, 0x6c, 0x22, 0x2c, 0x22, 0x64, 0x22, 0x3a, 0x31,
  0x2c, 0x22, 0x73, 0x22, 0x3a, 0x7b, 0x22, 0x61, 0x22, 0x3a, 0x30, 0x2c,
  0x22, 0x6b, 0x22, 0x3a, 0x5b, 0x31, 0x36, 0x2c, 0x31, 0x36, 0x5d, 0x7d,
  0x2c, 0x22, 0x70, 0x22, 0x3a, 0x7b, 0x22, 0x61, 0x22, 0x3a, 0x30, 0x2c,
  0x22, 0x6b, 0x22, 0x3a, 0x5b, 0x30, 0x2c, 0x2d, 0x31, 0x30, 0x5d, 0x7d,
  0x2c, 0x22, 0x6e, 0x6d, 0x22, 0x3a, 0x22, 0x65, 0x6c, 0x22, 0x7d, 0x2c,
  0x7b, 0x22, 0x74, 0x79, 0x22, 0x3a, 0x22, 0x66, 0x6c, 0x22, 0x2c, 0x22,
  0x63, 0x22, 0x3a, 0x7b, 0x22, 0x61, 0x22, 0x3a, 0x30, 0x2c, 0x22, 0x6b,
  0x22, 0x3a, 0x5b, 0x30, 0x2c, 0x30, 0x2e, 0x38, 0x39, 0x38, 0x2c, 0x30,
  0x2e, 0x36, 0x32, 0x37, 0x2c, 0x31, 0x5d, 0x7d, 0x2c, 0x22, 0x6f, 0x22,
  0x3a, 0x7b, 0x22, 0x61, 0x22, 0x3a, 0x30, 0x2c, 0x22, 0x6b, 0x22, 0x3a,
  0x31, 0x30, 0x30, 0x7d, 0x2c, 0x22, 0x72, 0x22, 0x3a, 0x31, 0x2c, 0x22,
  0x6e, 0x6d, 0x22, 0x3a, 0x22, 0x66, 0x6c, 0x22, 0x7d, 0x2c, 0x7b, 0x22,
  0x74, 0x79, 0x22, 0x3a, 0x22, 0x65, 0x6c, 0x22, 0x2c, 0x22, 0x64, 0x22,
  0x3a, 0x31, 0x2c, 0x22, 0x73, 0x22, 0x3a, 0x7b, 0x22, 0x61, 0x22, 0x3a,
  0x30, 0x2c, 0x22, 0x6b, 0x22, 0x3a, 0x5b, 0x36, 0x2c, 0x36, 0x5d, 0x7d,
  0x2c, 0x22, 0x70, 0x22, 0x3a, 0x7b, 0x22, 0x61, 0x22, 0x3a, 0x30, 0x2c,
  0x22, 0x6b, 0x22, 0x3a, 0x5b, 0x2d, 0x33, 0x2c, 0x2d, 0x31, 0x33, 0x5d,
  0x7d, 0x2c, 0x22, 0x6e, 0x6d, 0x22, 0x3a, 0x22, 0x65, 0x6c, 0x22, 0x7d,
  0x2c, 0x7b, 0x22, 0x74, 0x79, 0x22, 0x3a, 0x22, 0x66, 0x6c, 0x22, 0x2c,
  0x22, 0x63, 0x22, 0x3a, 0x7b, 0x22, 0x61, 0x22, 0x3a, 0x30, 0x2c, 0x22,
  0x6b, 0x22, 0x3a, 0x5b, 0x31, 0x2c, 0x31, 0x2c, 0x31, 0x2c, 0x31, 0x5d,
  0x7d, 0x2c, 0x22, 0x6f, 0x22, 0x3a, 0x7b, 0x22, 0x61, 0x22, 0x3a, 0x30,
  0x2c, 0x22, 0x6b, 0x22, 0x3a, 0x38, 0x30, 0x7d, 0x2c, 0x22, 0x72, 0x22,
  0x3a, 0x31, 0x2c, 0x22, 0x6e, 0x6d, 0x22, 0x3a, 0x22, 0x66, 0x6c, 0x22,
  0x7d, 0x2c, 0x7b, 0x22, 0x74, 0x79, 0x22, 0x3a, 0x22, 0x74, 0x72, 0x22,
  0x2c, 0x22, 0x70, 0x22, 0x3a, 0x7b, 0x22, 0x61, 0x22, 0x3a, 0x30, 0x2c,
  0x22, 0x6b, 0x22, 0x3a, 0x5b, 0x30, 0x2c, 0x2d, 0x37, 0x38, 0x5d, 0x7d,
  0x2c, 0x22, 0x61, 0x22, 0x3a, 0x7b, 0x22, 0x61, 0x22, 0x3a, 0x30, 0x2c,
  0x22, 0x6b, 0x22, 0x3a, 0x5b, 0x30, 0x2c, 0x30, 0x5d, 0x7d, 0x2c, 0x22,
  0x73, 0x22, 0x3a, 0x7b, 0x22, 0x61, 0x22, 0x3a, 0x30, 0x2c, 0x22, 0x6b,
  0x22, 0x3a, 0x5b, 0x31, 0x30, 0x30, 0x2c, 0x31, 0x30, 0x30, 0x5d, 0x7d,
  0x2c, 0x22, 0x72, 0x22, 0x3a, 0x7b, 0x22, 0x61, 0x22, 0x3a, 0x30, 0x2c,
  0x22, 0x6b, 0x22, 0x3a, 0x30, 0x7d, 0x2c, 0x22, 0x6f, 0x22, 0x3a, 0x7b,
  0x22, 0x61, 0x22, 0x3a, 0x30, 0x2c, 0x22, 0x6b, 0x22, 0x3a, 0x31, 0x30,
  0x30, 0x7d, 0x7d, 0x5d, 0x7d, 0x2c, 0x7b, 0x22, 0x74, 0x79, 0x22, 0x3a,
  0x22, 0x67, 0x72, 0x22, 0x2c, 0x22, 0x6e, 0x6d, 0x22, 0x3a, 0x22, 0x62,
  0x6f, 0x64, 0x79, 0x22, 0x2c, 0x22, 0x69, 0x74, 0x22, 0x3a, 0x5b, 0x7b,
  0x22, 0x74, 0x79, 0x22, 0x3a, 0x22, 0x72, 0x63, 0x22, 0x2c, 0x22, 0x64,
  0x22, 0x3a, 0x31, 0x2c, 0x22, 0x73, 0x22, 0x3a, 0x7b, 0x22, 0x61, 0x22,
  0x3a, 0x30, 0x2c, 0x22, 0x6b, 0x22, 0x3a, 0x5b, 0x31, 0x31, 0x38, 0x2c,
  0x31, 0x38, 0x5d, 0x7d, 0x2c, 0x22, 0x70, 0x22, 0x3a, 0x7b, 0x22, 0x61,
  0x22, 0x3a, 0x30, 0x2c, 0x22, 0x6b, 0x22, 0x3a, 0x5b, 0x30, 0x2c, 0x34,
  0x35, 0x5d, 0x7d, 0x2c, 0x22, 0x72, 0x22, 0x3a, 0x7b, 0x22, 0x61, 0x22,
  0x3a, 0x30, 0x2c, 0x22, 0x6b, 0x22, 0x3a, 0x31, 0x32, 0x7d, 0x2c, 0x22,
  0x6e, 0x6d, 0x22, 0x3a, 0x22, 0x72, 0x63, 0x22, 0x7d, 0x2c, 0x7b, 0x22,
  0x74, 0x79, 0x22, 0x3a, 0x22, 0x66, 0x6c, 0x22, 0x2c, 0x22, 0x63, 0x22,
  0x3a, 0x7b, 0x22, 0x61, 0x22, 0x3a, 0x30, 0x2c, 0x22, 0x6b, 0x22, 0x3a,
  0x5b, 0x30, 0x2e, 0x37, 0x36, 0x31, 0x2c, 0x30, 0x2e, 0x33, 0x31, 0x2c,
  0x30, 0x2e, 0x30, 0x33, 0x31, 0x2c, 0x31, 0x5d, 0x7d, 0x2c, 0x22, 0x6f,
  0x22, 0x3a, 0x7b, 0x22, 0x61, 0x22, 0x3a, 0x30, 0x2c, 0x22, 0x6b, 0x22,
  0x3a, 0x36, 0x30, 0x7d, 0x2c, 0x22, 0x72, 0x22, 0x3a, 0x31, 0x2c, 0x22,
  0x6e, 0x6d, 0x22, 0x3a, 0x22, 0x66, 0x6c, 0x22, 0x7d, 0x2c, 0x7b, 0x22,
  0x74, 0x79, 0x22, 0x3a, 0x22, 0x72, 0x63, 0x22, 0x2c, 0x22, 0x64, 0x22,
  0x3a, 0x31, 0x2c, 0x22, 0x73, 0x22, 0x3a, 0x7b, 0x22, 0x61, 0x22, 0x3a,
  0x30, 0x2c, 0x22, 0x6b, 0x22, 0x3a, 0x5b, 0x31, 0x33, 0x38, 0x2c, 0x31,
  0x31, 0x38, 0x5d, 0x7d, 0x2c, 0x22, 0x70, 0x22, 0x3a, 0x7b, 0x22, 0x61,
  0x22, 0x3a, 0x30, 0x2c, 0x22, 0x6b, 0x22, 0x3a, 0x5b, 0x30, 0x2c, 0x30,
  0x5d, 0x7d, 0x2c, 0x22, 0x72, 0x22, 0x3a, 0x7b, 0x22, 0x61, 0x22, 0x3a,
  0x30, 0x2c, 0x22, 0x6b, 0x22, 0x3a, 0x33, 0x36, 0x7d, 0x2c, 0x22, 0x6e,
  0x6d, 0x22, 0x3a, 0x22, 0x72, 0x63, 0x22, 0x7d, 0x2c, 0x7b, 0x22, 0x74,
  0x79, 0x22, 0x3a, 0x22, 0x66, 0x6c, 0x22, 0x2c, 0x22, 0x63, 0x22, 0x3a,
  0x7b, 0x22, 0x61, 0x22, 0x3a, 0x30, 0x2c, 0x22, 0x6b, 0x22, 0x3a, 0x5b,
  0x31, 0x2c, 0x30, 0x2e, 0x34, 0x32, 0x2c, 0x30, 0x2e, 0x31, 0x30, 0x32,
  0x2c, 0x31, 0x5d, 0x7d, 0x2c, 0x22, 0x6f, 0x22, 0x3a, 0x7b, 0x22, 0x61,
  0x22, 0x3a, 0x30, 0x2c, 0x22, 0x6b, 0x22, 0x3a, 0x31, 0x30, 0x30, 0x7d,
  0x2c, 0x22, 0x72, 0x22, 0x3a, 0x31, 0x2c, 0x22, 0x6e, 0x6d, 0x22, 0x3a,
  0x22, 0x66, 0x6c, 0x22, 0x7d, 0x2c, 0x7b, 0x22, 0x74, 0x79, 0x22, 0x3a,
  0x22, 0x73, 0x74, 0x22, 0x2c, 0x22, 0x63, 0x22, 0x3a, 0x7b, 0x22, 0x61,
  0x22, 0x3a, 0x30, 0x2c, 0x22, 0x6b, 0x22, 0x3a, 0x5b, 0x30, 0x2e, 0x30,
  0x33, 0x39, 0x2c, 0x30, 0x2e, 0x30, 0x33, 0x39, 0x2c, 0x30, 0x2e, 0x30,
  0x33, 0x39, 0x2c, 0x31, 0x5d, 0x7d, 0x2c, 0x22, 0x6f, 0x22, 0x3a, 0x7b,
  0x22, 0x61, 0x22, 0x3a, 0x30, 0x2c, 0x22, 0x6b, 0x22, 0x3a, 0x31, 0x30,
  0x30, 0x7d, 0x2c, 0x22, 0x77, 0x22, 0x3a, 0x34, 0x2c, 0x22, 0x6c, 0x63,
  0x22, 0x3a, 0x32, 0x2c, 0x22, 0x6c, 0x6a, 0x22, 0x3a, 0x32, 0x2c, 0x22,
  0x6e, 0x6d, 0x22, 0x3a, 0x22, 0x73, 0x74, 0x22, 0x7d, 0x2c, 0x7b, 0x22,
  0x74, 0x79, 0x22, 0x3a, 0x22, 0x72, 0x63, 0x22, 0x2c, 0x22, 0x64, 0x22,
  0x3a, 0x31, 0x2c, 0x22, 0x73, 0x22, 0x3a, 0x7b, 0x22, 0x61, 0x22, 0x3a,
  0x30, 0x2c, 0x22, 0x6b, 0x22, 0x3a, 0x5b, 0x31, 0x30, 0x38, 0x2c, 0x31,
  0x30, 0x5d, 0x7d, 0x2c, 0x22, 0x70, 0x22, 0x3a, 0x7b, 0x22, 0x61, 0x22,
  0x3a, 0x30, 0x2c, 0x22, 0x6b, 0x22, 0x3a, 0x5b, 0x30, 0x2c, 0x2d, 0x34,
  0x33, 0x5d, 0x7d, 0x2c, 0x22, 0x72, 0x22, 0x3a, 0x7b, 0x22, 0x61, 0x22,
  0x3a, 0x30, 0x2c, 0x22, 0x6b, 0x22, 0x3a, 0x36, 0x7d, 0x2c, 0x22, 0x6e,
  0x6d, 0x22, 0x3a, 0x22, 0x72, 0x63, 0x22, 0x7d, 0x2c, 0x7b, 0x22, 0x74,
  0x79, 0x22, 0x3a, 0x22, 0x66, 0x6c, 0x22, 0x2c, 0x22, 0x63, 0x22, 0x3a,
  0x7b, 0x22, 0x61, 0x22, 0x3a, 0x30, 0x2c, 0x22, 0x6b, 0x22, 0x3a, 0x5b,
  0x31, 0x2c, 0x31, 0x2c, 0x31, 0x2c, 0x31, 0x5d, 0x7d, 0x2c, 0x22, 0x6f,
  0x22, 0x3a, 0x7b, 0x22, 0x61, 0x22, 0x3a, 0x30, 0x2c, 0x22, 0x6b, 0x22,
  0x3a, 0x31, 0x38, 0x7d, 0x2c, 0x22, 0x72, 0x22, 0x3a, 0x31, 0x2c, 0x22,
  0x6e, 0x6d, 0x22, 0x3a, 0x22, 0x66, 0x6c, 0x22, 0x7d, 0x2c, 0x7b, 0x22,
  0x74, 0x79, 0x22, 0x3a, 0x22, 0x74, 0x72, 0x22, 0x2c, 0x22, 0x70, 0x22,
  0x3a, 0x7b, 0x22, 0x61, 0x22, 0x3a, 0x30, 0x2c, 0x22, 0x6b, 0x22, 0x3a,
  0x5b, 0x30, 0x2c, 0x30, 0x5d, 0x7d, 0x2c, 0x22, 0x61, 0x22, 0x3a, 0x7b,
  0x22, 0x61, 0x22, 0x3a, 0x30, 0x2c, 0x22, 0x6b, 0x22, 0x3a, 0x5b, 0x30,
  0x2c, 0x30, 0x5d, 0x7d, 0x2c, 0x22, 0x73, 0x22, 0x3a, 0x7b, 0x22, 0x61,
  0x22, 0x3a, 0x30, 0x2c, 0x22, 0x6b, 0x22, 0x3a, 0x5b, 0x31, 0x30, 0x30,
  0x2c, 0x31, 0x30, 0x30, 0x5d, 0x7d, 0x2c, 0x22, 0x72, 0x22, 0x3a, 0x7b,
  0x22, 0x61, 0x22, 0x3a, 0x30, 0x2c, 0x22, 0x6b, 0x22, 0x3a, 0x30, 0x7d,
  0x2c, 0x22, 0x6f, 0x22, 0x3a, 0x7b, 0x22, 0x61, 0x22, 0x3a, 0x30, 0x2c,
  0x22, 0x6b, 0x22, 0x3a, 0x31, 0x30, 0x30, 0x7d, 0x7d, 0x5d, 0x7d, 0x2c,
  0x7b, 0x22, 0x74, 0x79, 0x22, 0x3a, 0x22, 0x67, 0x72, 0x22, 0x2c, 0x22,
  0x6e, 0x6d, 0x22, 0x3a, 0x22, 0x76, 0x69, 0x73, 0x6f, 0x72, 0x22, 0x2c,
  0x22, 0x69, 0x74, 0x22, 0x3a, 0x5b, 0x7b, 0x22, 0x74, 0x79, 0x22, 0x3a,
  0x22, 0x72, 0x63, 0x22, 0x2c, 0x22, 0x64, 0x22, 0x3a, 0x31, 0x2c, 0x22,
  0x73, 0x22, 0x3a, 0x7b, 0x22, 0x61, 0x22, 0x3a, 0x30, 0x2c, 0x22, 0x6b,
  0x22, 0x3a, 0x5b, 0x31, 0x30, 0x34, 0x2c, 0x35, 0x32, 0x5d, 0x7d, 0x2c,
  0x22, 0x70, 0x22, 0x3a, 0x7b, 0x22, 0x61, 0x22, 0x3a, 0x30, 0x2c, 0x22,
  0x6b, 0x22, 0x3a, 0x5b, 0x30, 0x2c, 0x2d, 0x36, 0x5d, 0x7d, 0x2c, 0x22,
  0x72, 0x22, 0x3a, 0x7b, 0x22, 0x61, 0x22, 0x3a, 0x30, 0x2c, 0x22, 0x6b,
  0x22, 0x3a, 0x32, 0x34, 0x7d, 0x2c, 0x22, 0x6e, 0x6d, 0x22, 0x3a, 0x22,
  0x72, 0x63, 0x22, 0x7d, 0x2c, 0x7b, 0x22, 0x74, 0x79, 0x22, 0x3a, 0x22,
  0x66, 0x6c, 0x22, 0x2c, 0x22, 0x63, 0x22, 0x3a, 0x7b, 0x22, 0x61, 0x22,
  0x3a, 0x30, 0x2c, 0x22, 0x6b, 0x22, 0x3a, 0x5b, 0x30, 0x2e, 0x30, 0x33,
  0x39, 0x2c, 0x30, 0x2e, 0x30, 0x33, 0x39, 0x2c, 0x30, 0x2e, 0x30, 0x33,
  0x39, 0x2c, 0x31, 0x5d, 0x7d, 0x2c, 0x22, 0x6f, 0x22, 0x3a, 0x7b, 0x22,
  0x61, 0x22, 0x3a, 0x30, 0x2c, 0x22, 0x6b, 0x22, 0x3a, 0x31, 0x30, 0x30,
  0x7d, 0x2c, 0x22, 0x72, 0x22, 0x3a, 0x31, 0x2c, 0x22, 0x6e, 0x6d, 0x22,
  0x3a, 0x22, 0x66, 0x6c, 0x22, 0x7d, 0x2c, 0x7b, 0x22, 0x74, 0x79, 0x22,
  0x3a, 0x22, 0x74, 0x72, 0x22, 0x2c, 0x22, 0x70, 0x22, 0x3a, 0x7b, 0x22,
  0x61, 0x22, 0x3a, 0x30, 0x2c, 0x22, 0x6b, 0x22, 0x3a, 0x5b, 0x30, 0x2c,
  0x30, 0x5d, 0x7d, 0x2c, 0x22, 0x61, 0x22, 0x3a, 0x7b, 0x22, 0x61, 0x22,
  0x3a, 0x30, 0x2c, 0x22, 0x6b, 0x22, 0x3a, 0x5b, 0x30, 0x2c, 0x30, 0x5d,
  0x7d, 0x2c, 0x22, 0x73, 0x22, 0x3a, 0x7b, 0x22, 0x61, 0x22, 0x3a, 0x30,
  0x2c, 0x22, 0x6b, 0x22, 0x3a, 0x5b, 0x31, 0x30, 0x30, 0x2c, 0x31, 0x30,
  0x30, 0x5d, 0x7d, 0x2c, 0x22, 0x72, 0x22, 0x3a, 0x7b, 0x22, 0x61, 0x22,
  0x3a, 0x30, 0x2c, 0x22, 0x6b, 0x22, 0x3a, 0x30, 0x7d, 0x2c, 0x22, 0x6f,
  0x22, 0x3a, 0x7b, 0x22, 0x61, 0x22, 0x3a, 0x30, 0x2c, 0x22, 0x6b, 0x22,
  0x3a, 0x31, 0x30, 0x30, 0x7d, 0x7d, 0x5d, 0x7d, 0x2c, 0x7b, 0x22, 0x74,
  0x79, 0x22, 0x3a, 0x22, 0x67, 0x72, 0x22, 0x2c, 0x22, 0x6e, 0x6d, 0x22,
  0x3a, 0x22, 0x63, 0x68, 0x65, 0x65, 0x6b, 0x73, 0x22, 0x2c, 0x22, 0x69,
  0x74, 0x22, 0x3a, 0x5b, 0x7b, 0x22, 0x74, 0x79, 0x22, 0x3a, 0x22, 0x65,
  0x6c, 0x22, 0x2c, 0x22, 0x64, 0x22, 0x3a, 0x31, 0x2c, 0x22, 0x73, 0x22,
  0x3a, 0x7b, 0x22, 0x61, 0x22, 0x3a, 0x30, 0x2c, 0x22, 0x6b, 0x22, 0x3a,
  0x5b, 0x31, 0x34, 0x2c, 0x38, 0x5d, 0x7d, 0x2c, 0x22, 0x70, 0x22, 0x3a,
  0x7b, 0x22, 0x61, 0x22, 0x3a, 0x30, 0x2c, 0x22, 0x6b, 0x22, 0x3a, 0x5b,
  0x2d, 0x34, 0x34, 0x2c, 0x32, 0x32, 0x5d, 0x7d, 0x2c, 0x22, 0x6e, 0x6d,
  0x22, 0x3a, 0x22, 0x65, 0x6c, 0x22, 0x7d, 0x2c, 0x7b, 0x22, 0x74, 0x79,
  0x22, 0x3a, 0x22, 0x66, 0x6c, 0x22, 0x2c, 0x22, 0x63, 0x22, 0x3a, 0x7b,
  0x22, 0x61, 0x22, 0x3a, 0x30, 0x2c, 0x22, 0x6b, 0x22, 0x3a, 0x5b, 0x31,
  0x2c, 0x30, 0x2e, 0x33, 0x33, 0x33, 0x2c, 0x30, 0x2e, 0x34, 0x36, 0x37,
  0x2c, 0x31, 0x5d, 0x7d, 0x2c, 0x22, 0x6f, 0x22, 0x3a, 0x7b, 0x22, 0x61,
  0x22, 0x3a, 0x30, 0x2c, 0x22, 0x6b, 0x22, 0x3a, 0x35, 0x35, 0x7d, 0x2c,
  0x22, 0x72, 0x22, 0x3a, 0x31, 0x2c, 0x22, 0x6e, 0x6d, 0x22, 0x3a, 0x22,
  0x66, 0x6c, 0x22, 0x7d, 0x2c, 0x7b, 0x22, 0x74, 0x79, 0x22, 0x3a, 0x22,
  0x65, 0x6c, 0x22, 0x2c, 0x22, 0x64, 0x22, 0x3a, 0x31, 0x2c, 0x22, 0x73,
  0x22, 0x3a, 0x7b, 0x22, 0x61, 0x22, 0x3a, 0x30, 0x2c, 0x22, 0x6b, 0x22,
  0x3a, 0x5b, 0x31, 0x34, 0x2c, 0x38, 0x5d, 0x7d, 0x2c, 0x22, 0x70, 0x22,
  0x3a, 0x7b, 0x22, 0x61, 0x22, 0x3a, 0x30, 0x2c, 0x22, 0x6b, 0x22, 0x3a,
  0x5b, 0x34, 0x34, 0x2c, 0x32, 0x32, 0x5d, 0x7d, 0x2c, 0x22, 0x6e, 0x6d,
  0x22, 0x3a, 0x22, 0x65, 0x6c, 0x22, 0x7d, 0x2c, 0x7b, 0x22, 0x74, 0x79,
  0x22, 0x3a, 0x22, 0x66, 0x6c, 0x22, 0x2c, 0x22, 0x63, 0x22, 0x3a, 0x7b,
  0x22, 0x61, 0x22, 0x3a, 0x30, 0x2c, 0x22, 0x6b, 0x22, 0x3a, 0x5b, 0x31,
  0x2c, 0x30, 0x2e, 0x33, 0x33, 0x33, 0x2c, 0x30, 0x2e, 0x34, 0x36, 0x37,
  0x2c, 0x31, 0x5d, 0x7d, 0x2c, 0x22, 0x6f, 0x22, 0x3a, 0x7b, 0x22, 0x61,
  0x22, 0x3a, 0x30, 0x2c, 0x22, 0x6b, 0x22, 0x3a, 0x35, 0x35, 0x7d, 0x2c,
  0x22, 0x72, 0x22, 0x3a, 0x31, 0x2c, 0x22, 0x6e, 0x6d, 0x22, 0x3a, 0x22,
  0x66, 0x6c, 0x22, 0x7d, 0x2c, 0x7b, 0x22, 0x74, 0x79, 0x22, 0x3a, 0x22,
  0x74, 0x72, 0x22, 0x2c, 0x22, 0x70, 0x22, 0x3a, 0x7b, 0x22, 0x61, 0x22,
  0x3a, 0x30, 0x2c, 0x22, 0x6b, 0x22, 0x3a, 0x5b, 0x30, 0x2c, 0x30, 0x5d,
  0x7d, 0x2c, 0x22, 0x61, 0x22, 0x3a, 0x7b, 0x22, 0x61, 0x22, 0x3a, 0x30,
  0x2c, 0x22, 0x6b, 0x22, 0x3a, 0x5b, 0x30, 0x2c, 0x30, 0x5d, 0x7d, 0x2c,
  0x22, 0x73, 0x22, 0x3a, 0x7b, 0x22, 0x61, 0x22, 0x3a, 0x30, 0x2c, 0x22,
  0x6b, 0x22, 0x3a, 0x5b, 0x31, 0x30, 0x30, 0x2c, 0x31, 0x30, 0x30, 0x5d,
  0x7d, 0x2c, 0x22, 0x72, 0x22, 0x3a, 0x7b, 0x22, 0x61, 0x22, 0x3a, 0x30,
  0x2c, 0x22, 0x6b, 0x22, 0x3a, 0x30, 0x7d, 0x2c, 0x22, 0x6f, 0x22, 0x3a,
  0x7b, 0x22, 0x61, 0x22, 0x3a, 0x30, 0x2c, 0x22, 0x6b, 0x22, 0x3a, 0x31,
  0x30, 0x30, 0x7d, 0x7d, 0x5d, 0x7d, 0x2c, 0x7b, 0x22, 0x74, 0x79, 0x22,
  0x3a, 0x22, 0x67, 0x72, 0x22, 0x2c, 0x22, 0x6e, 0x6d, 0x22, 0x3a, 0x22,
  0x6d, 0x6f, 0x75, 0x74, 0x68, 0x22, 0x2c, 0x22, 0x69, 0x74, 0x22, 0x3a,
  0x5b, 0x7b, 0x22, 0x74, 0x79, 0x22, 0x3a, 0x22, 0x65, 0x6c, 0x22, 0x2c,
  0x22, 0x64, 0x22, 0x3a, 0x31, 0x2c, 0x22, 0x73, 0x22, 0x3a, 0x7b, 0x22,
  0x61, 0x22, 0x3a, 0x30, 0x2c, 0x22, 0x6b, 0x22, 0x3a, 0x5b, 0x31, 0x32,
  0x2c, 0x31, 0x34, 0x5d, 0x7d, 0x2c, 0x22, 0x70, 0x22, 0x3a, 0x7b, 0x22,
  0x61, 0x22, 0x3a, 0x30, 0x2c, 0x22, 0x6b, 0x22, 0x3a, 0x5b, 0x30, 0x2c,
  0x30, 0x5d, 0x7d, 0x2c, 0x22, 0x6e, 0x6d, 0x22, 0x3a, 0x22, 0x65, 0x6c,
  0x22, 0x7d, 0x2c, 0x7b, 0x22, 0x74, 0x79, 0x22, 0x3a, 0x22, 0x66, 0x6c,
  0x22, 0x2c, 0x22, 0x63, 0x22, 0x3a, 0x7b, 0x22, 0x61, 0x22, 0x3a, 0x30,
  0x2c, 0x22, 0x6b, 0x22, 0x3a, 0x5b, 0x31, 0x2c, 0x31, 0x2c, 0x31, 0x2c,
  0x31, 0x5d, 0x7d, 0x2c, 0x22, 0x6f, 0x22, 0x3a, 0x7b, 0x22, 0x61, 0x22,
  0x3a, 0x30, 0x2c, 0x22, 0x6b, 0x22, 0x3a, 0x31, 0x30, 0x30, 0x7d, 0x2c,
  0x22, 0x72, 0x22, 0x3a, 0x31, 0x2c, 0x22, 0x6e, 0x6d, 0x22, 0x3a, 0x22,
  0x66, 0x6c, 0x22, 0x7d, 0x2c, 0x7b, 0x22, 0x74, 0x79, 0x22, 0x3a, 0x22,
  0x65, 0x6c, 0x22, 0x2c, 0x22, 0x64, 0x22, 0x3a, 0x31, 0x2c, 0x22, 0x73,
  0x22, 0x3a, 0x7b, 0x22, 0x61, 0x22, 0x3a, 0x30, 0x2c, 0x22, 0x6b, 0x22,
  0x3a, 0x5b, 0x38, 0x2c, 0x31, 0x30, 0x5d, 0x7d, 0x2c, 0x22, 0x70, 0x22,
  0x3a, 0x7b, 0x22, 0x61, 0x22, 0x3a, 0x30, 0x2c, 0x22, 0x6b, 0x22, 0x3a,
  0x5b, 0x30, 0x2c, 0x31, 0x5d, 0x7d, 0x2c, 0x22, 0x6e, 0x6d, 0x22, 0x3a,
  0x22, 0x65, 0x6c, 0x22, 0x7d, 0x2c, 0x7b, 0x22, 0x74, 0x79, 0x22, 0x3a,
  0x22, 0x66, 0x6c, 0x22, 0x2c, 0x22, 0x63, 0x22, 0x3a, 0x7b, 0x22, 0x61,
  0x22, 0x3a, 0x30, 0x2c, 0x22, 0x6b, 0x22, 0x3a, 0x5b, 0x30, 0x2e, 0x30,
  0x33, 0x39, 0x2c, 0x30, 0x2e, 0x30, 0x33, 0x39, 0x2c, 0x30, 0x2e, 0x30,
  0x33, 0x39, 0x2c, 0x31, 0x5d, 0x7d, 0x2c, 0x22, 0x6f, 0x22, 0x3a, 0x7b,
  0x22, 0x61, 0x22, 0x3a, 0x30, 0x2c, 0x22, 0x6b, 0x22, 0x3a, 0x31, 0x30,
  0x30, 0x7d, 0x2c, 0x22, 0x72, 0x22, 0x3a, 0x31, 0x2c, 0x22, 0x6e, 0x6d,
  0x22, 0x3a, 0x22, 0x66, 0x6c, 0x22, 0x7d, 0x2c, 0x7b, 0x22, 0x74, 0x79,
  0x22, 0x3a, 0x22, 0x74, 0x72, 0x22, 0x2c, 0x22, 0x70, 0x22, 0x3a, 0x7b,
  0x22, 0x61, 0x22, 0x3a, 0x30, 0x2c, 0x22, 0x6b, 0x22, 0x3a, 0x5b, 0x30,
  0x2c, 0x32, 0x30, 0x5d, 0x7d, 0x2c, 0x22, 0x61, 0x22, 0x3a, 0x7b, 0x22,
  0x61, 0x22, 0x3a, 0x30, 0x2c, 0x22, 0x6b, 0x22, 0x3a, 0x5b, 0x30, 0x2c,
  0x30, 0x5d, 0x7d, 0x2c, 0x22, 0x73, 0x22, 0x3a, 0x7b, 0x22, 0x61, 0x22,
  0x3a, 0x30, 0x2c, 0x22, 0x6b, 0x22, 0x3a, 0x5b, 0x31, 0x30, 0x30, 0x2c,
  0x31, 0x30, 0x30, 0x5d, 0x7d, 0x2c, 0x22, 0x72, 0x22, 0x3a, 0x7b, 0x22,
  0x61, 0x22, 0x3a, 0x30, 0x2c, 0x22, 0x6b, 0x22, 0x3a, 0x30, 0x7d, 0x2c,
  0x22, 0x6f, 0x22, 0x3a, 0x7b, 0x22, 0x61, 0x22, 0x3a, 0x30, 0x2c, 0x22,
  0x6b, 0x22, 0x3a, 0x31, 0x30, 0x30, 0x7d, 0x7d, 0x5d, 0x7d, 0x2c, 0x7b,
  0x22, 0x74, 0x79, 0x22, 0x3a, 0x22, 0x67, 0x72, 0x22, 0x2c, 0x22, 0x6e,
  0x6d, 0x22, 0x3a, 0x22, 0x63, 0x68, 0x65, 0x73, 0x74, 0x22, 0x2c, 0x22,
  0x69, 0x74, 0x22, 0x3a, 0x5b, 0x7b, 0x22, 0x74, 0x79, 0x22, 0x3a, 0x22,
  0x72, 0x63, 0x22, 0x2c, 0x22, 0x64, 0x22, 0x3a, 0x31, 0x2c, 0x22, 0x73,
  0x22, 0x3a, 0x7b, 0x22, 0x61, 0x22, 0x3a, 0x30, 0x2c, 0x22, 0x6b, 0x22,
  0x3a, 0x5b, 0x33, 0x34, 0x2c, 0x31, 0x30, 0x5d, 0x7d, 0x2c, 0x22, 0x70,
  0x22, 0x3a, 0x7b, 0x22, 0x61, 0x22, 0x3a, 0x30, 0x2c, 0x22, 0x6b, 0x22,
  0x3a, 0x5b, 0x30, 0x2c, 0x30, 0x5d, 0x7d, 0x2c, 0x22, 0x72, 0x22, 0x3a,
  0x7b, 0x22, 0x61, 0x22, 0x3a, 0x30, 0x2c, 0x22, 0x6b, 0x22, 0x3a, 0x35,
  0x7d, 0x2c, 0x22, 0x6e, 0x6d, 0x22, 0x3a, 0x22, 0x72, 0x63, 0x22, 0x7d,
  0x2c, 0x7b, 0x22, 0x74, 0x79, 0x22, 0x3a, 0x22, 0x66, 0x6c, 0x22, 0x2c,
  0x22, 0x63, 0x22, 0x3a, 0x7b, 0x22, 0x61, 0x22, 0x3a, 0x30, 0x2c, 0x22,
  0x6b, 0x22, 0x3a, 0x5b, 0x30, 0x2e, 0x30, 0x39, 0x38, 0x2c, 0x30, 0x2e,
  0x39, 0x31, 0x34, 0x2c, 0x31, 0x2c, 0x31, 0x5d, 0x7d, 0x2c, 0x22, 0x6f,
  0x22, 0x3a, 0x7b, 0x22, 0x61, 0x22, 0x3a, 0x30, 0x2c, 0x22, 0x6b, 0x22,
  0x3a, 0x31, 0x30, 0x30, 0x7d, 0x2c, 0x22, 0x72, 0x22, 0x3a, 0x31, 0x2c,
  0x22, 0x6e, 0x6d, 0x22, 0x3a, 0x22, 0x66, 0x6c, 0x22, 0x7d, 0x2c, 0x7b,
  0x22, 0x74, 0x79, 0x22, 0x3a, 0x22, 0x72, 0x63, 0x22, 0x2c, 0x22, 0x64,
  0x22, 0x3a, 0x31, 0x2c, 0x22, 0x73, 0x22, 0x3a, 0x7b, 0x22, 0x61, 0x22,
  0x3a, 0x30, 0x2c, 0x22, 0x6b, 0x22, 0x3a, 0x5b, 0x33, 0x30, 0x2c, 0x34,
  0x5d, 0x7d, 0x2c, 0x22, 0x70, 0x22, 0x3a, 0x7b, 0x22, 0x61, 0x22, 0x3a,
  0x30, 0x2c, 0x22, 0x6b, 0x22, 0x3a, 0x5b, 0x30, 0x2c, 0x2d, 0x32, 0x5d,
  0x7d, 0x2c, 0x22, 0x72, 0x22, 0x3a, 0x7b, 0x22, 0x61, 0x22, 0x3a, 0x30,
  0x2c, 0x22, 0x6b, 0x22, 0x3a, 0x32, 0x7d, 0x2c, 0x22, 0x6e, 0x6d, 0x22,
  0x3a, 0x22, 0x72, 0x63, 0x22, 0x7d, 0x2c, 0x7b, 0x22, 0x74, 0x79, 0x22,
  0x3a, 0x22, 0x66, 0x6c, 0x22, 0x2c, 0x22, 0x63, 0x22, 0x3a, 0x7b, 0x22,
  0x61, 0x22, 0x3a, 0x30, 0x2c, 0x22, 0x6b, 0x22, 0x3a, 0x5b, 0x31, 0x2c,
  0x31, 0x2c, 0x31, 0x2c, 0x31, 0x5d, 0x7d, 0x2c, 0x22, 0x6f, 0x22, 0x3a,
  0x7b, 0x22, 0x61, 0x22, 0x3a, 0x30, 0x2c, 0x22, 0x6b, 0x22, 0x3a, 0x36,
  0x30, 0x7d, 0x2c, 0x22, 0x72, 0x22, 0x3a, 0x31, 0x2c, 0x22, 0x6e, 0x6d,
  0x22, 0x3a, 0x22, 0x66, 0x6c, 0x22, 0x7d, 0x2c, 0x7b, 0x22, 0x74, 0x79,
  0x22, 0x3a, 0x22, 0x74, 0x72, 0x22, 0x2c, 0x22, 0x70, 0x22, 0x3a, 0x7b,
  0x22, 0x61, 0x22, 0x3a, 0x30, 0x2c, 0x22, 0x6b, 0x22, 0x3a, 0x5b, 0x30,
  0x2c, 0x34, 0x39, 0x5d, 0x7d, 0x2c, 0x22, 0x61, 0x22, 0x3a, 0x7b, 0x22,
  0x61, 0x22, 0x3a, 0x30, 0x2c, 0x22, 0x6b, 0x22, 0x3a, 0x5b, 0x30, 0x2c,
  0x30, 0x5d, 0x7d, 0x2c, 0x22, 0x73, 0x22, 0x3a, 0x7b, 0x22, 0x61, 0x22,
  0x3a, 0x30, 0x2c, 0x22, 0x6b, 0x22, 0x3a, 0x5b, 0x31, 0x30, 0x30, 0x2c,
  0x31, 0x30, 0x30, 0x5d, 0x7d, 0x2c, 0x22, 0x72, 0x22, 0x3a, 0x7b, 0x22,
  0x61, 0x22, 0x3a, 0x30, 0x2c, 0x22, 0x6b, 0x22, 0x3a, 0x30, 0x7d, 0x2c,
  0x22, 0x6f, 0x22, 0x3a, 0x7b, 0x22, 0x61, 0x22, 0x3a, 0x30, 0x2c, 0x22,
  0x6b, 0x22, 0x3a, 0x31, 0x30, 0x30, 0x7d, 0x7d, 0x5d, 0x7d, 0x5d, 0x2c,
  0x22, 0x69, 0x70, 0x22, 0x3a, 0x30, 0x2c, 0x22, 0x6f, 0x70, 0x22, 0x3a,
  0x36, 0x30, 0x2c, 0x22, 0x73, 0x74, 0x22, 0x3a, 0x30, 0x7d, 0x2c, 0x7b,
  0x22, 0x74, 0x79, 0x22, 0x3a, 0x34, 0x2c, 0x22, 0x6e, 0x6d, 0x22, 0x3a,
  0x22, 0x65, 0x79, 0x65, 0x73, 0x22, 0x2c, 0x22, 0x73, 0x72, 0x22, 0x3a,
  0x31, 0x2c, 0x22, 0x6b, 0x73, 0x22, 0x3a, 0x7b, 0x22, 0x70, 0x22, 0x3a,
  0x7b, 0x22, 0x61, 0x22, 0x3a, 0x31, 0x2c, 0x22, 0x6b, 0x22, 0x3a, 0x5b,
  0x7b, 0x22, 0x74, 0x22, 0x3a, 0x30, 0x2c, 0x22, 0x73, 0x22, 0x3a, 0x5b,
  0x39, 0x38, 0x2c, 0x31, 0x30, 0x30, 0x2c, 0x30, 0x5d, 0x7d, 0x2c, 0x7b,
  0x22, 0x74, 0x22, 0x3a, 0x33, 0x30, 0x2c, 0x22, 0x73, 0x22, 0x3a, 0x5b,
  0x31, 0x30, 0x32, 0x2c, 0x31, 0x30, 0x30, 0x2c, 0x30, 0x5d, 0x7d, 0x2c,
  0x7b, 0x22, 0x74, 0x22, 0x3a, 0x36, 0x30, 0x2c, 0x22, 0x73, 0x22, 0x3a,
  0x5b, 0x39, 0x38, 0x2c, 0x31, 0x30, 0x30, 0x2c, 0x30, 0x5d, 0x7d, 0x5d,
  0x7d, 0x2c, 0x22, 0x61, 0x22, 0x3a, 0x7b, 0x22, 0x61, 0x22, 0x3a, 0x30,
  0x2c, 0x22, 0x6b, 0x22, 0x3a, 0x5b, 0x30, 0x2c, 0x30, 0x2c, 0x30, 0x5d,
  0x7d, 0x2c, 0x22, 0x73, 0x22, 0x3a, 0x7b, 0x22, 0x61, 0x22, 0x3a, 0x30,
  0x2c, 0x22, 0x6b, 0x22, 0x3a, 0x5b, 0x31, 0x30, 0x30, 0x2c, 0x31, 0x30,
  0x30, 0x5d, 0x7d, 0x2c, 0x22, 0x72, 0x22, 0x3a, 0x7b, 0x22, 0x61, 0x22,
  0x3a, 0x30, 0x2c, 0x22, 0x6b, 0x22, 0x3a, 0x30, 0x7d, 0x2c, 0x22, 0x6f,
  0x22, 0x3a, 0x7b, 0x22, 0x61, 0x22, 0x3a, 0x30, 0x2c, 0x22, 0x6b, 0x22,
  0x3a, 0x31, 0x30, 0x30, 0x7d, 0x7d, 0x2c, 0x22, 0x61, 0x6f, 0x22, 0x3a,
  0x30, 0x2c, 0x22, 0x73, 0x68, 0x61, 0x70, 0x65, 0x73, 0x22, 0x3a, 0x5b,
  0x7b, 0x22, 0x74, 0x79, 0x22, 0x3a, 0x22, 0x67, 0x72, 0x22, 0x2c, 0x22,
  0x6e, 0x6d, 0x22, 0x3a, 0x22, 0x65, 0x79, 0x65, 0x2d, 0x31, 0x22, 0x2c,
  0x22, 0x69, 0x74, 0x22, 0x3a, 0x5b, 0x7b, 0x22, 0x74, 0x79, 0x22, 0x3a,
  0x22, 0x65, 0x6c, 0x22, 0x2c, 0x22, 0x64, 0x22, 0x3a, 0x31, 0x2c, 0x22,
  0x73, 0x22, 0x3a, 0x7b, 0x22, 0x61, 0x22, 0x3a, 0x30, 0x2c, 0x22, 0x6b,
  0x22, 0x3a, 0x5b, 0x32, 0x32, 0x2c, 0x32, 0x36, 0x5d, 0x7d, 0x2c, 0x22,
  0x70, 0x22, 0x3a, 0x7b, 0x22, 0x61, 0x22, 0x3a, 0x30, 0x2c, 0x22, 0x6b,
  0x22, 0x3a, 0x5b, 0x30, 0x2c, 0x30, 0x5d, 0x7d, 0x2c, 0x22, 0x6e, 0x6d,
  0x22, 0x3a, 0x22, 0x65, 0x6c, 0x22, 0x7d, 0x2c, 0x7b, 0x22, 0x74, 0x79,
  0x22, 0x3a, 0x22, 0x66, 0x6c, 0x22, 0x2c, 0x22, 0x63, 0x22, 0x3a, 0x7b,
  0x22, 0x61, 0x22, 0x3a, 0x30, 0x2c, 0x22, 0x6b, 0x22, 0x3a, 0x5b, 0x31,
  0x2c, 0x31, 0x2c, 0x31, 0x2c, 0x31, 0x5d, 0x7d, 0x2c, 0x22, 0x6f, 0x22,
  0x3a, 0x7b, 0x22, 0x61, 0x22, 0x3a, 0x30, 0x2c, 0x22, 0x6b, 0x22, 0x3a,
  0x31, 0x30, 0x30, 0x7d, 0x2c, 0x22, 0x72, 0x22, 0x3a, 0x31, 0x2c, 0x22,
  0x6e, 0x6d, 0x22, 0x3a, 0x22, 0x66, 0x6c, 0x22, 0x7d, 0x2c, 0x7b, 0x22,
  0x74, 0x79, 0x22, 0x3a, 0x22, 0x65, 0x6c, 0x22, 0x2c, 0x22, 0x64, 0x22,
  0x3a, 0x31, 0x2c, 0x22, 0x73, 0x22, 0x3a, 0x7b, 0x22, 0x61, 0x22, 0x3a,
  0x30, 0x2c, 0x22, 0x6b, 0x22, 0x3a, 0x5b, 0x31, 0x31, 0x2c, 0x31, 0x33,
  0x5d, 0x7d, 0x2c, 0x22, 0x70, 0x22, 0x3a, 0x7b, 0x22, 0x61, 0x22, 0x3a,
  0x30, 0x2c, 0x22, 0x6b, 0x22, 0x3a, 0x5b, 0x30, 0x2c, 0x32, 0x5d, 0x7d,
  0x2c, 0x22, 0x6e, 0x6d, 0x22, 0x3a, 0x22, 0x65, 0x6c, 0x22, 0x7d, 0x2c,
  0x7b, 0x22, 0x74, 0x79, 0x22, 0x3a, 0x22, 0x66, 0x6c, 0x22, 0x2c, 0x22,
  0x63, 0x22, 0x3a, 0x7b, 0x22, 0x61, 0x22, 0x3a, 0x30, 0x2c, 0x22, 0x6b,
  0x22, 0x3a, 0x5b, 0x30, 0x2e, 0x30, 0x33, 0x39, 0x2c, 0x30, 0x2e, 0x30,
  0x33, 0x39, 0x2c, 0x30, 0x2e, 0x30, 0x33, 0x39, 0x2c, 0x31, 0x5d, 0x7d,
  0x2c, 0x22, 0x6f, 0x22, 0x3a, 0x7b, 0x22, 0x61, 0x22, 0x3a, 0x30, 0x2c,
  0x22, 0x6b, 0x22, 0x3a, 0x31, 0x30, 0x30, 0x7d, 0x2c, 0x22, 0x72, 0x22,
  0x3a, 0x31, 0x2c, 0x22, 0x6e, 0x6d, 0x22, 0x3a, 0x22, 0x66, 0x6c, 0x22,
  0x7d, 0x2c, 0x7b, 0x22, 0x74, 0x79, 0x22, 0x3a, 0x22, 0x65, 0x6c, 0x22,
  0x2c, 0x22, 0x64, 0x22, 0x3a, 0x31, 0x2c, 0x22, 0x73, 0x22, 0x3a, 0x7b,
  0x22, 0x61, 0x22, 0x3a, 0x30, 0x2c, 0x22, 0x6b, 0x22, 0x3a, 0x5b, 0x35,
  0x2c, 0x35, 0x5d, 0x7d, 0x2c, 0x22, 0x70, 0x22, 0x3a, 0x7b, 0x22, 0x61,
  0x22, 0x3a, 0x30, 0x2c, 0x22, 0x6b, 0x22, 0x3a, 0x5b, 0x33, 0x2c, 0x2d,
  0x33, 0x5d, 0x7d, 0x2c, 0x22, 0x6e, 0x6d, 0x22, 0x3a, 0x22, 0x65, 0x6c,
  0x22, 0x7d, 0x2c, 0x7b, 0x22, 0x74, 0x79, 0x22, 0x3a, 0x22, 0x66, 0x6c,
  0x22, 0x2c, 0x22, 0x63, 0x22, 0x3a, 0x7b, 0x22, 0x61, 0x22, 0x3a, 0x30,
  0x2c, 0x22, 0x6b, 0x22, 0x3a, 0x5b, 0x31, 0x2c, 0x31, 0x2c, 0x31, 0x2c,
  0x31, 0x5d, 0x7d, 0x2c, 0x22, 0x6f, 0x22, 0x3a, 0x7b, 0x22, 0x61, 0x22,
  0x3a, 0x30, 0x2c, 0x22, 0x6b, 0x22, 0x3a, 0x31, 0x30, 0x30, 0x7d, 0x2c,
  0x22, 0x72, 0x22, 0x3a, 0x31, 0x2c, 0x22, 0x6e, 0x6d, 0x22, 0x3a, 0x22,
  0x66, 0x6c, 0x22, 0x7d, 0x2c, 0x7b, 0x22, 0x74, 0x79, 0x22, 0x3a, 0x22,
  0x74, 0x72, 0x22, 0x2c, 0x22, 0x70, 0x22, 0x3a, 0x7b, 0x22, 0x61, 0x22,
  0x3a, 0x30, 0x2c, 0x22, 0x6b, 0x22, 0x3a, 0x5b, 0x2d, 0x32, 0x32, 0x2c,
  0x2d, 0x36, 0x5d, 0x7d, 0x2c, 0x22, 0x61, 0x22, 0x3a, 0x7b, 0x22, 0x61,
  0x22, 0x3a, 0x30, 0x2c, 0x22, 0x6b, 0x22, 0x3a, 0x5b, 0x30, 0x2c, 0x30,
  0x5d, 0x7d, 0x2c, 0x22, 0x73, 0x22, 0x3a, 0x7b, 0x22, 0x61, 0x22, 0x3a,
  0x30, 0x2c, 0x22, 0x6b, 0x22, 0x3a, 0x5b, 0x31, 0x30, 0x30, 0x2c, 0x31,
  0x30, 0x30, 0x5d, 0x7d, 0x2c, 0x22, 0x72, 0x22, 0x3a, 0x7b, 0x22, 0x61,
  0x22, 0x3a, 0x30, 0x2c, 0x22, 0x6b, 0x22, 0x3a, 0x30, 0x7d, 0x2c, 0x22,
  0x6f, 0x22, 0x3a, 0x7b, 0x22, 0x61, 0x22, 0x3a, 0x30, 0x2c, 0x22, 0x6b,
  0x22, 0x3a, 0x31, 0x30, 0x30, 0x7d, 0x7d, 0x5d, 0x7d, 0x2c, 0x7b, 0x22,
  0x74, 0x79, 0x22, 0x3a, 0x22, 0x67, 0x72, 0x22, 0x2c, 0x22, 0x6e, 0x6d,
  0x22, 0x3a, 0x22, 0x65, 0x79, 0x65, 0x31, 0x22, 0x2c, 0x22, 0x69, 0x74,
  0x22, 0x3a, 0x5b, 0x7b, 0x22, 0x74, 0x79, 0x22, 0x3a, 0x22, 0x65, 0x6c,
  0x22, 0x2c, 0x22, 0x64, 0x22, 0x3a, 0x31, 0x2c, 0x22, 0x73, 0x22, 0x3a,
  0x7b, 0x22, 0x61, 0x22, 0x3a, 0x30, 0x2c, 0x22, 0x6b, 0x22, 0x3a, 0x5b,
  0x32, 0x32, 0x2c, 0x32, 0x36, 0x5d, 0x7d, 0x2c, 0x22, 0x70, 0x22, 0x3a,
  0x7b, 0x22, 0x61, 0x22, 0x3a, 0x30, 0x2c, 0x22, 0x6b, 0x22, 0x3a, 0x5b,
  0x30, 0x2c, 0x30, 0x5d, 0x7d, 0x2c, 0x22, 0x6e, 0x6d, 0x22, 0x3a, 0x22,
  0x65, 0x6c, 0x22, 0x7d, 0x2c, 0x7b, 0x22, 0x74, 0x79, 0x22, 0x3a, 0x22,
  0x66, 0x6c, 0x22, 0x2c, 0x22, 0x63, 0x22, 0x3a, 0x7b, 0x22, 0x61, 0x22,
  0x3a, 0x30, 0x2c, 0x22, 0x6b, 0x22, 0x3a, 0x5b, 0x31, 0x2c, 0x31, 0x2c,
  0x31, 0x2c, 0x31, 0x5d, 0x7d, 0x2c, 0x22, 0x6f, 0x22, 0x3a, 0x7b, 0x22,
  0x61, 0x22, 0x3a, 0x30, 0x2c, 0x22, 0x6b, 0x22, 0x3a, 0x31, 0x30, 0x30,
  0x7d, 0x2c, 0x22, 0x72, 0x22, 0x3a, 0x31, 0x2c, 0x22, 0x6e, 0x6d, 0x22,
  0x3a, 0x22, 0x66, 0x6c, 0x22, 0x7d, 0x2c, 0x7b, 0x22, 0x74, 0x79, 0x22,
  0x3a, 0x22, 0x65, 0x6c, 0x22, 0x2c, 0x22, 0x64, 0x22, 0x3a, 0x31, 0x2c,
  0x22, 0x73, 0x22, 0x3a, 0x7b, 0x22, 0x61, 0x22, 0x3a, 0x30, 0x2c, 0x22,
  0x6b, 0x22, 0x3a, 0x5b, 0x31, 0x31, 0x2c, 0x31, 0x33, 0x5d, 0x7d, 0x2c,
  0x22, 0x70, 0x22, 0x3a, 0x7b, 0x22, 0x61, 0x22, 0x3a, 0x30, 0x2c, 0x22,
  0x6b, 0x22, 0x3a, 0x5b, 0x30, 0x2c, 0x32, 0x5d, 0x7d, 0x2c, 0x22, 0x6e,
  0x6d, 0x22, 0x3a, 0x22, 0x65, 0x6c, 0x22, 0x7d, 0x2c, 0x7b, 0x22, 0x74,
  0x79, 0x22, 0x3a, 0x22, 0x66, 0x6c, 0x22, 0x2c, 0x22, 0x63, 0x22, 0x3a,
  0x7b, 0x22, 0x61, 0x22, 0x3a, 0x30, 0x2c, 0x22, 0x6b, 0x22, 0x3a, 0x5b,
  0x30, 0x2e, 0x30, 0x33, 0x39, 0x2c, 0x30, 0x2e, 0x30, 0x33, 0x39, 0x2c,
  0x30, 0x2e, 0x30, 0x33, 0x39, 0x2c, 0x31, 0x5d, 0x7d, 0x2c, 0x22, 0x6f,
  0x22, 0x3a, 0x7b, 0x22, 0x61, 0x22, 0x3a, 0x30, 0x2c, 0x22, 0x6b, 0x22,
  0x3a, 0x31, 0x30, 0x30, 0x7d, 0x2c, 0x22, 0x72, 0x22, 0x3a, 0x31, 0x2c,
  0x22, 0x6e, 0x6d, 0x22, 0x3a, 0x22, 0x66, 0x6c, 0x22, 0x7d, 0x2c, 0x7b,
  0x22, 0x74, 0x79, 0x22, 0x3a, 0x22, 0x65, 0x6c, 0x22, 0x2c, 0x22, 0x64,
  0x22, 0x3a, 0x31, 0x2c, 0x22, 0x73, 0x22, 0x3a, 0x7b, 0x22, 0x61, 0x22,
  0x3a, 0x30, 0x2c, 0x22, 0x6b, 0x22, 0x3a, 0x5b, 0x35, 0x2c, 0x35, 0x5d,
  0x7d, 0x2c, 0x22, 0x70, 0x22, 0x3a, 0x7b, 0x22, 0x61, 0x22, 0x3a, 0x30,
  0x2c, 0x22, 0x6b, 0x22, 0x3a, 0x5b, 0x33, 0x2c, 0x2d, 0x33, 0x5d, 0x7d,
  0x2c, 0x22, 0x6e, 0x6d, 0x22, 0x3a, 0x22, 0x65, 0x6c, 0x22, 0x7d, 0x2c,
  0x7b, 0x22, 0x74, 0x79, 0x22, 0x3a, 0x22, 0x66, 0x6c, 0x22, 0x2c, 0x22,
  0x63, 0x22, 0x3a, 0x7b, 0x22, 0x61, 0x22, 0x3a, 0x30, 0x2c, 0x22, 0x6b,
  0x22, 0x3a, 0x5b, 0x31, 0x2c, 0x31, 0x2c, 0x31, 0x2c, 0x31, 0x5d, 0x7d,
  0x2c, 0x22, 0x6f, 0x22, 0x3a, 0x7b, 0x22, 0x61, 0x22, 0x3a, 0x30, 0x2c,
  0x22, 0x6b, 0x22, 0x3a, 0x31, 0x30, 0x30, 0x7d, 0x2c, 0x22, 0x72, 0x22,
  0x3a, 0x31, 0x2c, 0x22, 0x6e, 0x6d, 0x22, 0x3a, 0x22, 0x66, 0x6c, 0x22,
  0x7d, 0x2c, 0x7b, 0x22, 0x74, 0x79, 0x22, 0x3a, 0x22, 0x74, 0x72, 0x22,
  0x2c, 0x22, 0x70, 0x22, 0x3a, 0x7b, 0x22, 0x61, 0x22, 0x3a, 0x30, 0x2c,
  0x22, 0x6b, 0x22, 0x3a, 0x5b, 0x32, 0x32, 0x2c, 0x2d, 0x36, 0x5d, 0x7d,
  0x2c, 0x22, 0x61, 0x22, 0x3a, 0x7b, 0x22, 0x61, 0x22, 0x3a, 0x30, 0x2c,
  0x22, 0x6b, 0x22, 0x3a, 0x5b, 0x30, 0x2c, 0x30, 0x5d, 0x7d, 0x2c, 0x22,
  0x73, 0x22, 0x3a, 0x7b, 0x22, 0x61, 0x22, 0x3a, 0x30, 0x2c, 0x22, 0x6b,
  0x22, 0x3a, 0x5b, 0x31, 0x30, 0x30, 0x2c, 0x31, 0x30, 0x30, 0x5d, 0x7d,
  0x2c, 0x22, 0x72, 0x22, 0x3a, 0x7b, 0x22, 0x61, 0x22, 0x3a, 0x30, 0x2c,
  0x22, 0x6b, 0x22, 0x3a, 0x30, 0x7d, 0x2c, 0x22, 0x6f, 0x22, 0x3a, 0x7b,
  0x22, 0x61, 0x22, 0x3a, 0x30, 0x2c, 0x22, 0x6b, 0x22, 0x3a, 0x31, 0x30,
  0x30, 0x7d, 0x7d, 0x5d, 0x7d, 0x5d, 0x2c, 0x22, 0x69, 0x70, 0x22, 0x3a,
  0x30, 0x2c, 0x22, 0x6f, 0x70, 0x22, 0x3a, 0x36, 0x30, 0x2c, 0x22, 0x73,
  0x74, 0x22, 0x3a, 0x30, 0x7d, 0x2c, 0x7b, 0x22, 0x74, 0x79, 0x22, 0x3a,
  0x34, 0x2c, 0x22, 0x6e, 0x6d, 0x22, 0x3a, 0x22, 0x67, 0x65, 0x61, 0x72,
  0x22, 0x2c, 0x22, 0x73, 0x72, 0x22, 0x3a, 0x31, 0x2c, 0x22, 0x6b, 0x73,
  0x22, 0x3a, 0x7b, 0x22, 0x70, 0x22, 0x3a, 0x7b, 0x22, 0x61, 0x22, 0x3a,
  0x30, 0x2c, 0x22, 0x6b, 0x22, 0x3a, 0x5b, 0x31, 0x36, 0x32, 0x2c, 0x33,
  0x32, 0x2c, 0x30, 0x5d, 0x7d, 0x2c, 0x22, 0x61, 0x22, 0x3a, 0x7b, 0x22,
  0x61, 0x22, 0x3a, 0x30, 0x2c, 0x22, 0x6b, 0x22, 0x3a, 0x5b, 0x30, 0x2c,
  0x30, 0x2c, 0x30, 0x5d, 0x7d, 0x2c, 0x22, 0x73, 0x22, 0x3a, 0x7b, 0x22,
  0x61, 0x22, 0x3a, 0x31, 0x2c, 0x22, 0x6b, 0x22, 0x3a, 0x5b, 0x7b, 0x22,
  0x74, 0x22, 0x3a, 0x30, 0x2c, 0x22, 0x73, 0x22, 0x3a, 0x5b, 0x36, 0x35,
  0x2c, 0x36, 0x35, 0x5d, 0x7d, 0x2c, 0x7b, 0x22, 0x74, 0x22, 0x3a, 0x33,
  0x30, 0x2c, 0x22, 0x73, 0x22, 0x3a, 0x5b, 0x37, 0x38, 0x2c, 0x37, 0x38,
  0x5d, 0x7d, 0x2c, 0x7b, 0x22, 0x74, 0x22, 0x3a, 0x36, 0x30, 0x2c, 0x22,
  0x73, 0x22, 0x3a, 0x5b, 0x36, 0x35, 0x2c, 0x36, 0x35, 0x5d, 0x7d, 0x5d,
  0x7d, 0x2c, 0x22, 0x72, 0x22, 0x3a, 0x7b, 0x22, 0x61, 0x22, 0x3a, 0x31,
  0x2c, 0x22, 0x6b, 0x22, 0x3a, 0x5b, 0x7b, 0x22, 0x74, 0x22, 0x3a, 0x30,
  0x2c, 0x22, 0x73, 0x22, 0x3a, 0x5b, 0x30, 0x5d, 0x7d, 0x2c, 0x7b, 0x22,
  0x74, 0x22, 0x3a, 0x36, 0x30, 0x2c, 0x22, 0x73, 0x22, 0x3a, 0x5b, 0x33,
  0x36, 0x30, 0x5d, 0x7d, 0x5d, 0x7d, 0x2c, 0x22, 0x6f, 0x22, 0x3a, 0x7b,
  0x22, 0x61, 0x22, 0x3a, 0x30, 0x2c, 0x22, 0x6b, 0x22, 0x3a, 0x31, 0x30,
  0x30, 0x7d, 0x7d, 0x2c, 0x22, 0x61, 0x6f, 0x22, 0x3a, 0x30, 0x2c, 0x22,
  0x73, 0x68, 0x61, 0x70, 0x65, 0x73, 0x22, 0x3a, 0x5b, 0x7b, 0x22, 0x74,
  0x79, 0x22, 0x3a, 0x22, 0x67, 0x72, 0x22, 0x2c, 0x22, 0x6e, 0x6d, 0x22,
  0x3a, 0x22, 0x67, 0x65, 0x61, 0x72, 0x22, 0x2c, 0x22, 0x69, 0x74, 0x22,
  0x3a, 0x5b, 0x7b, 0x22, 0x74, 0x79, 0x22, 0x3a, 0x22, 0x67, 0x72, 0x22,
  0x2c, 0x22, 0x6e, 0x6d, 0x22, 0x3a, 0x22, 0x74, 0x30, 0x22, 0x2c, 0x22,
  0x69, 0x74, 0x22, 0x3a, 0x5b, 0x7b, 0x22, 0x74, 0x79, 0x22, 0x3a, 0x22,
  0x72, 0x63, 0x22, 0x2c, 0x22, 0x64, 0x22, 0x3a, 0x31, 0x2c, 0x22, 0x73,
  0x22, 0x3a, 0x7b, 0x22, 0x61, 0x22, 0x3a, 0x30, 0x2c, 0x22, 0x6b, 0x22,
  0x3a, 0x5b, 0x36, 0x2c, 0x31, 0x38, 0x5d, 0x7d, 0x2c, 0x22, 0x70, 0x22,
  0x3a, 0x7b, 0x22, 0x61, 0x22, 0x3a, 0x30, 0x2c, 0x22, 0x6b, 0x22, 0x3a,
  0x5b, 0x30, 0x2c, 0x30, 0x5d, 0x7d, 0x2c, 0x22, 0x72, 0x22, 0x3a, 0x7b,
  0x22, 0x61, 0x22, 0x3a, 0x30, 0x2c, 0x22, 0x6b, 0x22, 0x3a, 0x32, 0x7d,
  0x2c, 0x22, 0x6e, 0x6d, 0x22, 0x3a, 0x22, 0x72, 0x63, 0x22, 0x7d, 0x2c,
  0x7b, 0x22, 0x74, 0x79, 0x22, 0x3a, 0x22, 0x66, 0x6c, 0x22, 0x2c, 0x22,
  0x63, 0x22, 0x3a, 0x7b, 0x22, 0x61, 0x22, 0x3a, 0x30, 0x2c, 0x22, 0x6b,
  0x22, 0x3a, 0x5b, 0x30, 0x2e, 0x30, 0x39, 0x38, 0x2c, 0x30, 0x2e, 0x39,
  0x31, 0x34, 0x2c, 0x31, 0x2c, 0x31, 0x5d, 0x7d, 0x2c, 0x22, 0x6f, 0x22,
  0x3a, 0x7b, 0x22, 0x61, 0x22, 0x3a, 0x30, 0x2c, 0x22, 0x6b, 0x22, 0x3a,
  0x31, 0x30, 0x30, 0x7d, 0x2c, 0x22, 0x72, 0x22, 0x3a, 0x31, 0x2c, 0x22,
  0x6e, 0x6d, 0x22, 0x3a, 0x22, 0x66, 0x6c, 0x22, 0x7d, 0x2c, 0x7b, 0x22,
  0x74, 0x79, 0x22, 0x3a, 0x22, 0x74, 0x72, 0x22, 0x2c, 0x22, 0x70, 0x22,
  0x3a, 0x7b, 0x22, 0x61, 0x22, 0x3a, 0x30, 0x2c, 0x22, 0x6b, 0x22, 0x3a,
  0x5b, 0x30, 0x2c, 0x30, 0x5d, 0x7d, 0x2c, 0x22, 0x61, 0x22, 0x3a, 0x7b,
  0x22, 0x61, 0x22, 0x3a, 0x30, 0x2c, 0x22, 0x6b, 0x22, 0x3a, 0x5b, 0x30,
  0x2c, 0x30, 0x5d, 0x7d, 0x2c, 0x22, 0x73, 0x22, 0x3a, 0x7b, 0x22, 0x61,
  0x22, 0x3a, 0x30, 0x2c, 0x22, 0x6b, 0x22, 0x3a, 0x5b, 0x31, 0x30, 0x30,
  0x2c, 0x31, 0x30, 0x30, 0x5d, 0x7d, 0x2c, 0x22, 0x72, 0x22, 0x3a, 0x7b,
  0x22, 0x61, 0x22, 0x3a, 0x30, 0x2c, 0x22, 0x6b, 0x22, 0x3a, 0x30, 0x7d,
  0x2c, 0x22, 0x6f, 0x22, 0x3a, 0x7b, 0x22, 0x61, 0x22, 0x3a, 0x30, 0x2c,
  0x22, 0x6b, 0x22, 0x3a, 0x31, 0x30, 0x30, 0x7d, 0x7d, 0x5d, 0x7d, 0x2c,
  0x7b, 0x22, 0x74, 0x79, 0x22, 0x3a, 0x22, 0x67, 0x72, 0x22, 0x2c, 0x22,
  0x6e, 0x6d, 0x22, 0x3a, 0x22, 0x74, 0x31, 0x22, 0x2c, 0x22, 0x69, 0x74,
  0x22, 0x3a, 0x5b, 0x7b, 0x22, 0x74, 0x79, 0x22, 0x3a, 0x22, 0x72, 0x63,
  0x22, 0x2c, 0x22, 0x64, 0x22, 0x3a, 0x31, 0x2c, 0x22, 0x73, 0x22, 0x3a,
  0x7b, 0x22, 0x61, 0x22, 0x3a, 0x30, 0x2c, 0x22, 0x6b, 0x22, 0x3a, 0x5b,
  0x36, 0x2c, 0x31, 0x38, 0x5d, 0x7d, 0x2c, 0x22, 0x70, 0x22, 0x3a, 0x7b,
  0x22, 0x61, 0x22, 0x3a, 0x30, 0x2c, 0x22, 0x6b, 0x22, 0x3a, 0x5b, 0x30,
  0x2c, 0x30, 0x5d, 0x7d, 0x2c, 0x22, 0x72, 0x22, 0x3a, 0x7b, 0x22, 0x61,
  0x22, 0x3a, 0x30, 0x2c, 0x22, 0x6b, 0x22, 0x3a, 0x32, 0x7d, 0x2c, 0x22,
  0x6e, 0x6d, 0x22, 0x3a, 0x22, 0x72, 0x63, 0x22, 0x7d, 0x2c, 0x7b, 0x22,
  0x74, 0x79, 0x22, 0x3a, 0x22, 0x66, 0x6c, 0x22, 0x2c, 0x22, 0x63, 0x22,
  0x3a, 0x7b, 0x22, 0x61, 0x22, 0x3a, 0x30, 0x2c, 0x22, 0x6b, 0x22, 0x3a,
  0x5b, 0x30, 0x2e, 0x30, 0x39, 0x38, 0x2c, 0x30, 0x2e, 0x39, 0x31, 0x34,
  0x2c, 0x31, 0x2c, 0x31, 0x5d, 0x7d, 0x2c, 0x22, 0x6f, 0x22, 0x3a, 0x7b,
  0x22, 0x61, 0x22, 0x3a, 0x30, 0x2c, 0x22, 0x6b, 0x22, 0x3a, 0x31, 0x30,
  0x30, 0x7d, 0x2c, 0x22, 0x72, 0x22, 0x3a, 0x31, 0x2c, 0x22, 0x6e, 0x6d,
  0x22, 0x3a, 0x22, 0x66, 0x6c, 0x22, 0x7d, 0x2c, 0x7b, 0x22, 0x74, 0x79,
  0x22, 0x3a, 0x22, 0x74, 0x72, 0x22, 0x2c, 0x22, 0x70, 0x22, 0x3a, 0x7b,
  0x22, 0x61, 0x22, 0x3a, 0x30, 0x2c, 0x22, 0x6b, 0x22, 0x3a, 0x5b, 0x30,
  0x2c, 0x30, 0x5d, 0x7d, 0x2c, 0x22, 0x61, 0x22, 0x3a, 0x7b, 0x22, 0x61,
  0x22, 0x3a, 0x30, 0x2c, 0x22, 0x6b, 0x22, 0x3a, 0x5b, 0x30, 0x2c, 0x30,
  0x5d, 0x7d, 0x2c, 0x22, 0x73, 0x22, 0x3a, 0x7b, 0x22, 0x61, 0x22, 0x3a,
  0x30, 0x2c, 0x22, 0x6b, 0x22, 0x3a, 0x5b, 0x31, 0x30, 0x30, 0x2c, 0x31,
  0x30, 0x30, 0x5d, 0x7d, 0x2c, 0x22, 0x72, 0x22, 0x3a, 0x7b, 0x22, 0x61,
  0x22, 0x3a, 0x30, 0x2c, 0x22, 0x6b, 0x22, 0x3a, 0x33, 0x30, 0x7d, 0x2c,
  0x22, 0x6f, 0x22, 0x3a, 0x7b, 0x22, 0x61, 0x22, 0x3a, 0x30, 0x2c, 0x22,
  0x6b, 0x22, 0x3a, 0x31, 0x30, 0x30, 0x7d, 0x7d, 0x5d, 0x7d, 0x2c, 0x7b,
  0x22, 0x74, 0x79, 0x22, 0x3a, 0x22, 0x67, 0x72, 0x22, 0x2c, 0x22, 0x6e,
  0x6d, 0x22, 0x3a, 0x22, 0x74, 0x32, 0x22, 0x2c, 0x22, 0x69, 0x74, 0x22,
  0x3a, 0x5b, 0x7b, 0x22, 0x74, 0x79, 0x22, 0x3a, 0x22, 0x72, 0x63, 0x22,
  0x2c, 0x22, 0x64, 0x22, 0x3a, 0x31, 0x2c, 0x22, 0x73, 0x22, 0x3a, 0x7b,
  0x22, 0x61, 0x22, 0x3a, 0x30, 0x2c, 0x22, 0x6b, 0x22, 0x3a, 0x5b, 0x36,
  0x2c, 0x31, 0x38, 0x5d, 0x7d, 0x2c, 0x22, 0x70, 0x22, 0x3a, 0x7b, 0x22,
  0x61, 0x22, 0x3a, 0x30, 0x2c, 0x22, 0x6b, 0x22, 0x3a, 0x5b, 0x30, 0x2c,
  0x30, 0x5d, 0x7d, 0x2c, 0x22, 0x72, 0x22, 0x3a, 0x7b, 0x22, 0x61, 0x22,
  0x3a, 0x30, 0x2c, 0x22, 0x6b, 0x22, 0x3a, 0x32, 0x7d, 0x2c, 0x22, 0x6e,
  0x6d, 0x22, 0x3a, 0x22, 0x72, 0x63, 0x22, 0x7d, 0x2c, 0x7b, 0x22, 0x74,
  0x79, 0x22, 0x3a, 0x22, 0x66, 0x6c, 0x22, 0x2c, 0x22, 0x63, 0x22, 0x3a,
  0x7b, 0x22, 0x61, 0x22, 0x3a, 0x30, 0x2c, 0x22, 0x6b, 0x22, 0x3a, 0x5b,
  0x30, 0x2e, 0x30, 0x39, 0x38, 0x2c, 0x30, 0x2e, 0x39, 0x31, 0x34, 0x2c,
  0x31, 0x2c, 0x31, 0x5d, 0x7d, 0x2c, 0x22, 0x6f, 0x22, 0x3a, 0x7b, 0x22,
  0x61, 0x22, 0x3a, 0x30, 0x2c, 0x22, 0x6b, 0x22, 0x3a, 0x31, 0x30, 0x30,
  0x7d, 0x2c, 0x22, 0x72, 0x22, 0x3a, 0x31, 0x2c, 0x22, 0x6e, 0x6d, 0x22,
  0x3a, 0x22, 0x66, 0x6c, 0x22, 0x7d, 0x2c, 0x7b, 0x22, 0x74, 0x79, 0x22,
  0x3a, 0x22, 0x74, 0x72, 0x22, 0x2c, 0x22, 0x70, 0x22, 0x3a, 0x7b, 0x22,
  0x61, 0x22, 0x3a, 0x30, 0x2c, 0x22, 0x6b, 0x22, 0x3a, 0x5b, 0x30, 0x2c,
  0x30, 0x5d, 0x7d, 0x2c, 0x22, 0x61, 0x22, 0x3a, 0x7b, 0x22, 0x61, 0x22,
  0x3a, 0x30, 0x2c, 0x22, 0x6b, 0x22, 0x3a, 0x5b, 0x30, 0x2c, 0x30, 0x5d,
  0x7d, 0x2c, 0x22, 0x73, 0x22, 0x3a, 0x7b, 0x22, 0x61, 0x22, 0x3a, 0x30,
  0x2c, 0x22, 0x6b, 0x22, 0x3a, 0x5b, 0x31, 0x30, 0x30, 0x2c, 0x31, 0x30,
  0x30, 0x5d, 0x7d, 0x2c, 0x22, 0x72, 0x22, 0x3a, 0x7b, 0x22, 0x61, 0x22,
  0x3a, 0x30, 0x2c, 0x22, 0x6b, 0x22, 0x3a, 0x36, 0x30, 0x7d, 0x2c, 0x22,
  0x6f, 0x22, 0x3a, 0x7b, 0x22, 0x61, 0x22, 0x3a, 0x30, 0x2c, 0x22, 0x6b,
  0x22, 0x3a, 0x31, 0x30, 0x30, 0x7d, 0x7d, 0x5d, 0x7d, 0x2c, 0x7b, 0x22,
  0x74, 0x79, 0x22, 0x3a, 0x22, 0x67, 0x72, 0x22, 0x2c, 0x22, 0x6e, 0x6d,
  0x22, 0x3a, 0x22, 0x74, 0x33, 0x22, 0x2c, 0x22, 0x69, 0x74, 0x22, 0x3a,
  0x5b, 0x7b, 0x22, 0x74, 0x79, 0x22, 0x3a, 0x22, 0x72, 0x63, 0x22, 0x2c,
  0x22, 0x64, 0x22, 0x3a, 0x31, 0x2c, 0x22, 0x73, 0x22, 0x3a, 0x7b, 0x22,
  0x61, 0x22, 0x3a, 0x30, 0x2c, 0x22, 0x6b, 0x22, 0x3a, 0x5b, 0x36, 0x2c,
  0x31, 0x38, 0x5d, 0x7d, 0x2c, 0x22, 0x70, 0x22, 0x3a, 0x7b, 0x22, 0x61,
  0x22, 0x3a, 0x30, 0x2c, 0x22, 0x6b, 0x22, 0x3a, 0x5b, 0x30, 0x2c, 0x30,
  0x5d, 0x7d, 0x2c, 0x22, 0x72, 0x22, 0x3a, 0x7b, 0x22, 0x61, 0x22, 0x3a,
  0x30, 0x2c, 0x22, 0x6b, 0x22, 0x3a, 0x32, 0x7d, 0x2c, 0x22, 0x6e, 0x6d,
  0x22, 0x3a, 0x22, 0x72, 0x63, 0x22, 0x7d, 0x2c, 0x7b, 0x22, 0x74, 0x79,
  0x22, 0x3a, 0x22, 0x66, 0x6c, 0x22, 0x2c, 0x22, 0x63, 0x22, 0x3a, 0x7b,
  0x22, 0x61, 0x22, 0x3a, 0x30, 0x2c, 0x22, 0x6b, 0x22, 0x3a, 0x5b, 0x30,
  0x2e, 0x30, 0x39, 0x38, 0x2c, 0x30, 0x2e, 0x39, 0x31, 0x34, 0x2c, 0x31,
  0x2c, 0x31, 0x5d, 0x7d, 0x2c, 0x22, 0x6f, 0x22, 0x3a, 0x7b, 0x22, 0x61,
  0x22, 0x3a, 0x30, 0x2c, 0x22, 0x6b, 0x22, 0x3a, 0x31, 0x30, 0x30, 0x7d,
  0x2c, 0x22, 0x72, 0x22, 0x3a, 0x31, 0x2c, 0x22, 0x6e, 0x6d, 0x22, 0x3a,
  0x22, 0x66, 0x6c, 0x22, 0x7d, 0x2c, 0x7b, 0x22, 0x74, 0x79, 0x22, 0x3a,
  0x22, 0x74, 0x72, 0x22, 0x2c, 0x22, 0x70, 0x22, 0x3a, 0x7b, 0x22, 0x61,
  0x22, 0x3a, 0x30, 0x2c, 0x22, 0x6b, 0x22, 0x3a, 0x5b, 0x30, 0x2c, 0x30,
  0x5d, 0x7d, 0x2c, 0x22, 0x61, 0x22, 0x3a, 0x7b, 0x22, 0x61, 0x22, 0x3a,
  0x30, 0x2c, 0x22, 0x6b, 0x22, 0x3a, 0x5b, 0x30, 0x2c, 0x30, 0x5d, 0x7d,
  0x2c, 0x22, 0x73, 0x22, 0x3a, 0x7b, 0x22, 0x61, 0x22, 0x3a, 0x30, 0x2c,
  0x22, 0x6b, 0x22, 0x3a, 0x5b, 0x31, 0x30, 0x30, 0x2c, 0x31, 0x30, 0x30,
  0x5d, 0x7d, 0x2c, 0x22, 0x72, 0x22, 0x3a, 0x7b, 0x22, 0x61, 0x22, 0x3a,
  0x30, 0x2c, 0x22, 0x6b, 0x22, 0x3a, 0x39, 0x30, 0x7d, 0x2c, 0x22, 0x6f,
  0x22, 0x3a, 0x7b, 0x22, 0x61, 0x22, 0x3a, 0x30, 0x2c, 0x22, 0x6b, 0x22,
  0x3a, 0x31, 0x30, 0x30, 0x7d, 0x7d, 0x5d, 0x7d, 0x2c, 0x7b, 0x22, 0x74,
  0x79, 0x22, 0x3a, 0x22, 0x67, 0x72, 0x22, 0x2c, 0x22, 0x6e, 0x6d, 0x22,
  0x3a, 0x22, 0x74, 0x34, 0x22, 0x2c, 0x22, 0x69, 0x74, 0x22, 0x3a, 0x5b,
  0x7b, 0x22, 0x74, 0x79, 0x22, 0x3a, 0x22, 0x72, 0x63, 0x22, 0x2c, 0x22,
  0x64, 0x22, 0x3a, 0x31, 0x2c, 0x22, 0x73, 0x22, 0x3a, 0x7b, 0x22, 0x61,
  0x22, 0x3a, 0x30, 0x2c, 0x22, 0x6b, 0x22, 0x3a, 0x5b, 0x36, 0x2c, 0x31,
  0x38, 0x5d, 0x7d, 0x2c, 0x22, 0x70, 0x22, 0x3a, 0x7b, 0x22, 0x61, 0x22,
  0x3a, 0x30, 0x2c, 0x22, 0x6b, 0x22, 0x3a, 0x5b, 0x30, 0x2c, 0x30, 0x5d,
  0x7d, 0x2c, 0x22, 0x72, 0x22, 0x3a, 0x7b, 0x22, 0x61, 0x22, 0x3a, 0x30,
  0x2c, 0x22, 0x6b, 0x22, 0x3a, 0x32, 0x7d, 0x2c, 0x22, 0x6e, 0x6d, 0x22,
  0x3a, 0x22, 0x72, 0x63, 0x22, 0x7d, 0x2c, 0x7b, 0x22, 0x74, 0x79, 0x22,
  0x3a, 0x22, 0x66, 0x6c, 0x22, 0x2c, 0x22, 0x63, 0x22, 0x3a, 0x7b, 0x22,
  0x61, 0x22, 0x3a, 0x30, 0x2c, 0x22, 0x6b, 0x22, 0x3a, 0x5b, 0x30, 0x2e,
  0x30, 0x39, 0x38, 0x2c, 0x30, 0x2e, 0x39, 0x31, 0x34, 0x2c, 0x31, 0x2c,
  0x31, 0x5d, 0x7d, 0x2c, 0x22, 0x6f, 0x22, 0x3a, 0x7b, 0x22, 0x61, 0x22,
  0x3a, 0x30, 0x2c, 0x22, 0x6b, 0x22, 0x3a, 0x31, 0x30, 0x30, 0x7d, 0x2c,
  0x22, 0x72, 0x22, 0x3a, 0x31, 0x2c, 0x22, 0x6e, 0x6d, 0x22, 0x3a, 0x22,
  0x66, 0x6c, 0x22, 0x7d, 0x2c, 0x7b, 0x22, 0x74, 0x79, 0x22, 0x3a, 0x22,
  0x74, 0x72, 0x22, 0x2c, 0x22, 0x70, 0x22, 0x3a, 0x7b, 0x22, 0x61, 0x22,
  0x3a, 0x30, 0x2c, 0x22, 0x6b, 0x22, 0x3a, 0x5b, 0x30, 0x2c, 0x30, 0x5d,
  0x7d, 0x2c, 0x22, 0x61, 0x22, 0x3a, 0x7b, 0x22, 0x61, 0x22, 0x3a, 0x30,
  0x2c, 0x22, 0x6b, 0x22, 0x3a, 0x5b, 0x30, 0x2c, 0x30, 0x5d, 0x7d, 0x2c,
  0x22, 0x73, 0x22, 0x3a, 0x7b, 0x22, 0x61, 0x22, 0x3a, 0x30, 0x2c, 0x22,
  0x6b, 0x22, 0x3a, 0x5b, 0x31, 0x30, 0x30, 0x2c, 0x31, 0x30, 0x30, 0x5d,
  0x7d, 0x2c, 0x22, 0x72, 0x22, 0x3a, 0x7b, 0x22, 0x61, 0x22, 0x3a, 0x30,
  0x2c, 0x22, 0x6b, 0x22, 0x3a, 0x31, 0x32, 0x30, 0x7d, 0x2c, 0x22, 0x6f,
  0x22, 0x3a, 0x7b, 0x22, 0x61, 0x22, 0x3a, 0x30, 0x2c, 0x22, 0x6b, 0x22,
  0x3a, 0x31, 0x30, 0x30, 0x7d, 0x7d, 0x5d, 0x7d, 0x2c, 0x7b, 0x22, 0x74,
  0x79, 0x22, 0x3a, 0x22, 0x67, 0x72, 0x22, 0x2c, 0x22, 0x6e, 0x6d, 0x22,
  0x3a, 0x22, 0x74, 0x35, 0x22, 0x2c, 0x22, 0x69, 0x74, 0x22, 0x3a, 0x5b,
  0x7b, 0x22, 0x74, 0x79, 0x22, 0x3a, 0x22, 0x72, 0x63, 0x22, 0x2c, 0x22,
  0x64, 0x22, 0x3a, 0x31, 0x2c, 0x22, 0x73, 0x22, 0x3a, 0x7b, 0x22, 0x61,
  0x22, 0x3a, 0x30, 0x2c, 0x22, 0x6b, 0x22, 0x3a, 0x5b, 0x36, 0x2c, 0x31,
  0x38, 0x5d, 0x7d, 0x2c, 0x22, 0x70, 0x22, 0x3a, 0x7b, 0x22, 0x61, 0x22,
  0x3a, 0x30, 0x2c, 0x22, 0x6b, 0x22, 0x3a, 0x5b, 0x30, 0x2c, 0x30, 0x5d,
  0x7d, 0x2c, 0x22, 0x72, 0x22, 0x3a, 0x7b, 0x22, 0x61, 0x22, 0x3a, 0x30,
  0x2c, 0x22, 0x6b, 0x22, 0x3a, 0x32, 0x7d, 0x2c, 0x22, 0x6e, 0x6d, 0x22,
  0x3a, 0x22, 0x72, 0x63, 0x22, 0x7d, 0x2c, 0x7b, 0x22, 0x74, 0x79, 0x22,
  0x3a, 0x22, 0x66, 0x6c, 0x22, 0x2c, 0x22, 0x63, 0x22, 0x3a, 0x7b, 0x22,
  0x61, 0x22, 0x3a, 0x30, 0x2c, 0x22, 0x6b, 0x22, 0x3a, 0x5b, 0x30, 0x2e,
  0x30, 0x39, 0x38, 0x2c, 0x30, 0x2e, 0x39, 0x31, 0x34, 0x2c, 0x31, 0x2c,
  0x31, 0x5d, 0x7d, 0x2c, 0x22, 0x6f, 0x22, 0x3a, 0x7b, 0x22, 0x61, 0x22,
  0x3a, 0x30, 0x2c, 0x22, 0x6b, 0x22, 0x3a, 0x31, 0x30, 0x30, 0x7d, 0x2c,
  0x22, 0x72, 0x22, 0x3a, 0x31, 0x2c, 0x22, 0x6e, 0x6d, 0x22, 0x3a, 0x22,
  0x66, 0x6c, 0x22, 0x7d, 0x2c, 0x7b, 0x22, 0x74, 0x79, 0x22, 0x3a, 0x22,
  0x74, 0x72, 0x22, 0x2c, 0x22, 0x70, 0x22, 0x3a, 0x7b, 0x22, 0x61, 0x22,
  0x3a, 0x30, 0x2c, 0x22, 0x6b, 0x22, 0x3a, 0x5b, 0x30, 0x2c, 0x30, 0x5d,
  0x7d, 0x2c, 0x22, 0x61, 0x22, 0x3a, 0x7b, 0x22, 0x61, 0x22, 0x3a, 0x30,
  0x2c, 0x22, 0x6b, 0x22, 0x3a, 0x5b, 0x30, 0x2c, 0x30, 0x5d, 0x7d, 0x2c,
  0x22, 0x73, 0x22, 0x3a, 0x7b, 0x22, 0x61, 0x22, 0x3a, 0x30, 0x2c, 0x22,
  0x6b, 0x22, 0x3a, 0x5b, 0x31, 0x30, 0x30, 0x2c, 0x31, 0x30, 0x30, 0x5d,
  0x7d, 0x2c, 0x22, 0x72, 0x22, 0x3a, 0x7b, 0x22, 0x61, 0x22, 0x3a, 0x30,
  0x2c, 0x22, 0x6b, 0x22, 0x3a, 0x31, 0x35, 0x30, 0x7d, 0x2c, 0x22, 0x6f,
  0x22, 0x3a, 0x7b, 0x22, 0x61, 0x22, 0x3a, 0x30, 0x2c, 0x22, 0x6b, 0x22,
  0x3a, 0x31, 0x30, 0x30, 0x7d, 0x7d, 0x5d, 0x7d, 0x2c, 0x7b, 0x22, 0x74,
  0x79, 0x22, 0x3a, 0x22, 0x65, 0x6c, 0x22, 0x2c, 0x22, 0x64, 0x22, 0x3a,
  0x31, 0x2c, 0x22, 0x73, 0x22, 0x3a, 0x7b, 0x22, 0x61, 0x22, 0x3a, 0x30,
  0x2c, 0x22, 0x6b, 0x22, 0x3a, 0x5b, 0x31, 0x38, 0x2c, 0x31, 0x38, 0x5d,
  0x7d, 0x2c, 0x22, 0x70, 0x22, 0x3a, 0x7b, 0x22, 0x61, 0x22, 0x3a, 0x30,
  0x2c, 0x22, 0x6b, 0x22, 0x3a, 0x5b, 0x30, 0x2c, 0x30, 0x5d, 0x7d, 0x2c,
  0x22, 0x6e, 0x6d, 0x22, 0x3a, 0x22, 0x65, 0x6c, 0x22, 0x7d, 0x2c, 0x7b,
  0x22, 0x74, 0x79, 0x22, 0x3a, 0x22, 0x66, 0x6c, 0x22, 0x2c, 0x22, 0x63,
  0x22, 0x3a, 0x7b, 0x22, 0x61, 0x22, 0x3a, 0x30, 0x2c, 0x22, 0x6b, 0x22,
  0x3a, 0x5b, 0x30, 0x2e, 0x30, 0x39, 0x38, 0x2c, 0x30, 0x2e, 0x39, 0x31,
  0x34, 0x2c, 0x31, 0x2c, 0x31, 0x5d, 0x7d, 0x2c, 0x22, 0x6f, 0x22, 0x3a,
  0x7b, 0x22, 0x61, 0x22, 0x3a, 0x30, 0x2c, 0x22, 0x6b, 0x22, 0x3a, 0x31,
  0x30, 0x30, 0x7d, 0x2c, 0x22, 0x72, 0x22, 0x3a, 0x31, 0x2c, 0x22, 0x6e,
  0x6d, 0x22, 0x3a, 0x22, 0x66, 0x6c, 0x22, 0x7d, 0x2c, 0x7b, 0x22, 0x74,
  0x79, 0x22, 0x3a, 0x22, 0x65, 0x6c, 0x22, 0x2c, 0x22, 0x64, 0x22, 0x3a,
  0x31, 0x2c, 0x22, 0x73, 0x22, 0x3a, 0x7b, 0x22, 0x61, 0x22, 0x3a, 0x30,
  0x2c, 0x22, 0x6b, 0x22, 0x3a, 0x5b, 0x38, 0x2c, 0x38, 0x5d, 0x7d, 0x2c,
  0x22, 0x70, 0x22, 0x3a, 0x7b, 0x22, 0x61, 0x22, 0x3a, 0x30, 0x2c, 0x22,
  0x6b, 0x22, 0x3a, 0x5b, 0x30, 0x2c, 0x30, 0x5d, 0x7d, 0x2c, 0x22, 0x6e,
  0x6d, 0x22, 0x3a, 0x22, 0x65, 0x6c, 0x22, 0x7d, 0x2c, 0x7b, 0x22, 0x74,
  0x79, 0x22, 0x3a, 0x22, 0x66, 0x6c, 0x22, 0x2c, 0x22, 0x63, 0x22, 0x3a,
  0x7b, 0x22, 0x61, 0x22, 0x3a, 0x30, 0x2c, 0x22, 0x6b, 0x22, 0x3a, 0x5b,
  0x30, 0x2e, 0x30, 0x33, 0x39, 0x2c, 0x30, 0x2e, 0x30, 0x33, 0x39, 0x2c,
  0x30, 0x2e, 0x30, 0x33, 0x39, 0x2c, 0x31, 0x5d, 0x7d, 0x2c, 0x22, 0x6f,
  0x22, 0x3a, 0x7b, 0x22, 0x61, 0x22, 0x3a, 0x30, 0x2c, 0x22, 0x6b, 0x22,
  0x3a, 0x31, 0x30, 0x30, 0x7d, 0x2c, 0x22, 0x72, 0x22, 0x3a, 0x31, 0x2c,
  0x22, 0x6e, 0x6d, 0x22, 0x3a, 0x22, 0x66, 0x6c, 0x22, 0x7d, 0x2c, 0x7b,
  0x22, 0x74, 0x79, 0x22, 0x3a, 0x22, 0x74, 0x72, 0x22, 0x2c, 0x22, 0x70,
  0x22, 0x3a, 0x7b, 0x22, 0x61, 0x22, 0x3a, 0x30, 0x2c, 0x22, 0x6b, 0x22,
  0x3a, 0x5b, 0x30, 0x2c, 0x30, 0x5d, 0x7d, 0x2c, 0x22, 0x61, 0x22, 0x3a,
  0x7b, 0x22, 0x61, 0x22, 0x3a, 0x30, 0x2c, 0x22, 0x6b, 0x22, 0x3a, 0x5b,
  0x30, 0x2c, 0x30, 0x5d, 0x7d, 0x2c, 0x22, 0x73, 0x22, 0x3a, 0x7b, 0x22,
  0x61, 0x22, 0x3a, 0x30, 0x2c, 0x22, 0x6b, 0x22, 0x3a, 0x5b, 0x31, 0x30,
  0x30, 0x2c, 0x31, 0x30, 0x30, 0x5d, 0x7d, 0x2c, 0x22, 0x72, 0x22, 0x3a,
  0x7b, 0x22, 0x61, 0x22, 0x3a, 0x30, 0x2c, 0x22, 0x6b, 0x22, 0x3a, 0x30,
  0x7d, 0x2c, 0x22, 0x6f, 0x22, 0x3a, 0x7b, 0x22, 0x61, 0x22, 0x3a, 0x30,
  0x2c, 0x22, 0x6b, 0x22, 0x3a, 0x31, 0x30, 0x30, 0x7d, 0x7d, 0x5d, 0x7d,
  0x5d, 0x2c, 0x22, 0x69, 0x70, 0x22, 0x3a, 0x30, 0x2c, 0x22, 0x6f, 0x70,
  0x22, 0x3a, 0x36, 0x30, 0x2c, 0x22, 0x73, 0x74, 0x22, 0x3a, 0x30, 0x7d,
  0x5d, 0x7d
};
const size_t default_busy_json_len = 7658;

const uint8_t default_attention_json[] = {
  0x7b, 0x22, 0x76, 0x22, 0x3a, 0x22, 0x35, 0x2e, 0x37, 0x2e, 0x33, 0x22,
  0x2c, 0x22, 0x6e, 0x6d, 0x22, 0x3a, 0x22, 0x61, 0x74, 0x74, 0x65, 0x6e,
  0x74, 0x69, 0x6f, 0x6e, 0x22, 0x2c, 0x22, 0x66, 0x72, 0x22, 0x3a, 0x33,
  0x30, 0x2c, 0x22, 0x69, 0x70, 0x22, 0x3a, 0x30, 0x2c, 0x22, 0x6f, 0x70,
  0x22, 0x3a, 0x32, 0x37, 0x2c, 0x22, 0x77, 0x22, 0x3a, 0x32, 0x30, 0x30,
  0x2c, 0x22, 0x68, 0x22, 0x3a, 0x32, 0x30, 0x30, 0x2c, 0x22, 0x64, 0x64,
  0x64, 0x22, 0x3a, 0x30, 0x2c, 0x22, 0x61, 0x73, 0x73, 0x65, 0x74, 0x73,
  0x22, 0x3a, 0x5b, 0x5d, 0x2c, 0x22, 0x6c, 0x61, 0x79, 0x65, 0x72, 0x73,
  0x22, 0x3a, 0x5b, 0x7b, 0x22, 0x74, 0x79, 0x22, 0x3a, 0x34, 0x2c, 0x22,
  0x6e, 0x6d, 0x22, 0x3a, 0x22, 0x70, 0x75, 0x70, 0x70, 0x65, 0x74, 0x22,
  0x2c, 0x22, 0x73, 0x72, 0x22, 0x3a, 0x31, 0x2c, 0x22, 0x6b, 0x73, 0x22,
  0x3a, 0x7b, 0x22, 0x70, 0x22, 0x3a, 0x7b, 0x22, 0x61, 0x22, 0x3a, 0x31,
  0x2c, 0x22, 0x6b, 0x22, 0x3a, 0x5b, 0x7b, 0x22, 0x74, 0x22, 0x3a, 0x30,
  0x2c, 0x22, 0x73, 0x22, 0x3a, 0x5b, 0x31, 0x30, 0x30, 0x2c, 0x31, 0x30,
  0x30, 0x2c, 0x30, 0x5d, 0x7d, 0x2c, 0x7b, 0x22, 0x74, 0x22, 0x3a, 0x36,
  0x2c, 0x22, 0x73, 0x22, 0x3a, 0x5b, 0x31, 0x30, 0x30, 0x2c, 0x38, 0x36,
  0x2c, 0x30, 0x5d, 0x7d, 0x2c, 0x7b, 0x22, 0x74, 0x22, 0x3a, 0x31, 0x33,
  0x2c, 0x22, 0x73, 0x22, 0x3a, 0x5b, 0x31, 0x30, 0x30, 0x2c, 0x31, 0x30,
  0x30, 0x2c, 0x30, 0x5d, 0x7d, 0x2c, 0x7b, 0x22, 0x74, 0x22, 0x3a, 0x32,
  0x30, 0x2c, 0x22, 0x73, 0x22, 0x3a, 0x5b, 0x31, 0x30, 0x30, 0x2c, 0x39,
  0x30, 0x2c, 0x30, 0x5d, 0x7d, 0x2c, 0x7b, 0x22, 0x74, 0x22, 0x3a, 0x32,
  0x37, 0x2c, 0x22, 0x73, 0x22, 0x3a, 0x5b, 0x31, 0x30, 0x30, 0x2c, 0x31,
  0x30, 0x30, 0x2c, 0x30, 0x5d, 0x7d, 0x5d, 0x7d, 0x2c, 0x22, 0x61, 0x22,
  0x3a, 0x7b, 0x22, 0x61, 0x22, 0x3a, 0x30, 0x2c, 0x22, 0x6b, 0x22, 0x3a,
  0x5b, 0x30, 0x2c, 0x30, 0x2c, 0x30, 0x5d, 0x7d, 0x2c, 0x22, 0x73, 0x22,
  0x3a, 0x7b, 0x22, 0x61, 0x22, 0x3a, 0x31, 0x2c, 0x22, 0x6b, 0x22, 0x3a,
  0x5b, 0x7b, 0x22, 0x74, 0x22, 0x3a, 0x30, 0x2c, 0x22, 0x73, 0x22, 0x3a,
  0x5b, 0x31, 0x30, 0x32, 0x2c, 0x39, 0x32, 0x5d, 0x7d, 0x2c, 0x7b, 0x22,
  0x74, 0x22, 0x3a, 0x36, 0x2c, 0x22, 0x73, 0x22, 0x3a, 0x5b, 0x39, 0x35,
  0x2c, 0x31, 0x30, 0x38, 0x5d, 0x7d, 0x2c, 0x7b, 0x22, 0x74, 0x22, 0x3a,
  0x31, 0x33, 0x2c, 0x22, 0x73, 0x22, 0x3a, 0x5b, 0x31, 0x30, 0x32, 0x2c,
  0x39, 0x32, 0x5d, 0x7d, 0x2c, 0x7b, 0x22, 0x74, 0x22, 0x3a, 0x32, 0x30,
  0x2c, 0x22, 0x73, 0x22, 0x3a, 0x5b, 0x39, 0x37, 0x2c, 0x31, 0x30, 0x36,
  0x5d, 0x7d, 0x2c, 0x7b, 0x22, 0x74, 0x22, 0x3a, 0x32, 0x37, 0x2c, 0x22,
  0x73, 0x22, 0x3a, 0x5b, 0x31, 0x30, 0x32, 0x2c, 0x39, 0x32, 0x5d, 0x7d,
  0x5d, 0x7d, 0x2c, 0x22, 0x72, 0x22, 0x3a, 0x7b, 0x22, 0x61, 0x22, 0x3a,
  0x30, 0x2c, 0x22, 0x6b, 0x22, 0x3a, 0x30, 0x7d, 0x2c, 0x22, 0x6f, 0x22,
  0x3a, 0x7b, 0x22, 0x61, 0x22, 0x3a, 0x30, 0x2c, 0x22, 0x6b, 0x22, 0x3a,
  0x31, 0x30, 0x30, 0x7d, 0x7d, 0x2c, 0x22, 0x61, 0x6f, 0x22, 0x3a, 0x30,
  0x2c, 0x22, 0x73, 0x68, 0x61, 0x70, 0x65, 0x73, 0x22, 0x3a, 0x5b, 0x7b,
  0x22, 0x74, 0x79, 0x22, 0x3a, 0x22, 0x67, 0x72, 0x22, 0x2c, 0x22, 0x6e,
  0x6d, 0x22, 0x3a, 0x22, 0x61, 0x6e, 0x74, 0x65, 0x6e, 0x6e, 0x61, 0x22,
  0x2c, 0x22, 0x69, 0x74, 0x22, 0x3a, 0x5b, 0x7b, 0x22, 0x74, 0x79, 0x22,
  0x3a, 0x22, 0x72, 0x63, 0x22, 0x2c, 0x22, 0x64, 0x22, 0x3a, 0x31, 0x2c,
  0x22, 0x73, 0x22, 0x3a, 0x7b, 0x22, 0x61, 0x22, 0x3a, 0x30, 0x2c, 0x22,
  0x6b, 0x22, 0x3a, 0x5b, 0x34, 0x2c, 0x32, 0x32, 0x5d, 0x7d, 0x2c, 0x22,
  0x70, 0x22, 0x3a, 0x7b, 0x22, 0x61, 0x22, 0x3a, 0x30, 0x2c, 0x22, 0x6b,
  0x22, 0x3a, 0x5b, 0x30, 0x2c, 0x34, 0x5d, 0x7d, 0x2c, 0x22, 0x72, 0x22,
  0x3a, 0x7b, 0x22, 0x61, 0x22, 0x3a, 0x30, 0x2c, 0x22, 0x6b, 0x22, 0x3a,
  0x32, 0x7d, 0x2c, 0x22, 0x6e, 0x6d, 0x22, 0x3a, 0x22, 0x72, 0x63, 0x22,
  0x7d, 0x2c, 0x7b, 0x22, 0x74, 0x79, 0x22, 0x3a, 0x22, 0x66, 0x6c, 0x22,
  0x2c, 0x22, 0x63, 0x22, 0x3a, 0x7b, 0x22, 0x61, 0x22, 0x3a, 0x30, 0x2c,
  0x22, 0x6b, 0x22, 0x3a, 0x5b, 0x30, 0x2e, 0x30, 0x33, 0x39, 0x2c, 0x30,
  0x2e, 0x30, 0x33, 0x39, 0x2c, 0x30, 0x2e, 0x30, 0x33, 0x39, 0x2c, 0x31,
  0x5d, 0x7d, 0x2c, 0x22, 0x6f, 0x22, 0x3a, 0x7b, 0x22, 0x61, 0x22, 0x3a,
  0x30, 0x2c, 0x22, 0x6b, 0x22, 0x3a, 0x31, 0x30, 0x30, 0x7d, 0x2c, 0x22,
  0x72, 0x22, 0x3a, 0x31, 0x2c, 0x22, 0x6e, 0x6d, 0x22, 0x3a, 0x22, 0x66,
  0x6c, 0x22, 0x7d, 0x2c, 0x7b, 0x22, 0x74, 0x79, 0x22, 0x3a, 0x22, 0x65,
  0x6c, 0x22, 0x2c, 0x22, 0x64, 0x22, 0x3a, 0x31, 0x2c, 0x22, 0x73, 0x22,
  0x3a, 0x7b, 0x22, 0x61, 0x22, 0x3a, 0x30, 0x2c, 0x22, 0x6b, 0x22, 0x3a,
  0x5b, 0x31, 0x36, 0x2c, 0x31, 0x36, 0x5d, 0x7d, 0x2c, 0x22, 0x70, 0x22,
  0x3a, 0x7b, 0x22, 0x61, 0x22, 0x3a, 0x30, 0x2c, 0x22, 0x6b, 0x22, 0x3a,
  0x5b, 0x30, 0x2c, 0x2d, 0x31, 0x30, 0x5d, 0x7d, 0x2c, 0x22, 0x6e, 0x6d,
  0x22, 0x3a, 0x22, 0x65, 0x6c, 0x22, 0x7d, 0x2c, 0x7b, 0x22, 0x74, 0x79,
  0x22, 0x3a, 0x22, 0x66, 0x6c, 0x22, 0x2c, 0x22, 0x63, 0x22, 0x3a, 0x7b,
  0x22, 0x61, 0x22, 0x3a, 0x30, 0x2c, 0x22, 0x6b, 0x22, 0x3a, 0x5b, 0x30,
  0x2c, 0x30, 0x2e, 0x38, 0x39, 0x38, 0x2c, 0x30, 0x2e, 0x36, 0x32, 0x37,
  0x2c, 0x31, 0x5d, 0x7d, 0x2c, 0x22, 0x6f, 0x22, 0x3a, 0x7b, 0x22, 0x61,
  0x22, 0x3a, 0x30, 0x2c, 0x22, 0x6b, 0x22, 0x3a, 0x31, 0x30, 0x30, 0x7d,
  0x2c, 0x22, 0x72, 0x22, 0x3a, 0x31, 0x2c, 0x22, 0x6e, 0x6d, 0x22, 0x3a,
  0x22, 0x66, 0x6c, 0x22, 0x7d, 0x2c, 0x7b, 0x22, 0x74, 0x79, 0x22, 0x3a,
  0x22, 0x65, 0x6c, 0x22, 0x2c, 0x22, 0x64, 0x22, 0x3a, 0x31, 0x2c, 0x22,
  0x73, 0x22, 0x3a, 0x7b, 0x22, 0x61, 0x22, 0x3a, 0x30, 0x2c, 0x22, 0x6b,
  0x22, 0x3a, 0x5b, 0x36, 0x2c, 0x36, 0x5d, 0x7d, 0x2c, 0x22, 0x70, 0x22,
  0x3a, 0x7b, 0x22, 0x61, 0x22, 0x3a, 0x30, 0x2c, 0x22, 0x6b, 0x22, 0x3a,
  0x5b, 0x2d, 0x33, 0x2c, 0x2d, 0x31, 0x33, 0x5d, 0x7d, 0x2c, 0x22, 0x6e,
  0x6d, 0x22, 0x3a, 0x22, 0x65, 0x6c, 0x22, 0x7d, 0x2c, 0x7b, 0x22, 0x74,
  0x79, 0x22, 0x3a, 0x22, 0x66, 0x6c, 0x22, 0x2c, 0x22, 0x63, 0x22, 0x3a,
  0x7b, 0x22, 0x61, 0x22, 0x3a, 0x30, 0x2c, 0x22, 0x6b, 0x22, 0x3a, 0x5b,
  0x31, 0x2c, 0x31, 0x2c, 0x31, 0x2c, 0x31, 0x5d, 0x7d, 0x2c, 0x22, 0x6f,
  0x22, 0x3a, 0x7b, 0x22, 0x61, 0x22, 0x3a, 0x30, 0x2c, 0x22, 0x6b, 0x22,
  0x3a, 0x38, 0x30, 0x7d, 0x2c, 0x22, 0x72, 0x22, 0x3a, 0x31, 0x2c, 0x22,
  0x6e, 0x6d, 0x22, 0x3a, 0x22, 0x66, 0x6c, 0x22, 0x7d, 0x2c, 0x7b, 0x22,
  0x74, 0x79, 0x22, 0x3a, 0x22, 0x74, 0x72, 0x22, 0x2c, 0x22, 0x70, 0x22,
  0x3a, 0x7b, 0x22, 0x61, 0x22, 0x3a, 0x30, 0x2c, 0x22, 0x6b, 0x22, 0x3a,
  0x5b, 0x30, 0x2c, 0x2d, 0x37, 0x38, 0x5d, 0x7d, 0x2c, 0x22, 0x61, 0x22,
  0x3a, 0x7b, 0x22, 0x61, 0x22, 0x3a, 0x30, 0x2c, 0x22, 0x6b, 0x22, 0x3a,
  0x5b, 0x30, 0x2c, 0x30, 0x5d, 0x7d, 0x2c, 0x22, 0x73, 0x22, 0x3a, 0x7b,
  0x22, 0x61, 0x22, 0x3a, 0x30, 0x2c, 0x22, 0x6b, 0x22, 0x3a, 0x5b, 0x31,
  0x30, 0x30, 0x2c, 0x31, 0x30, 0x30, 0x5d, 0x7d, 0x2c, 0x22, 0x72, 0x22,
  0x3a, 0x7b, 0x22, 0x61, 0x22, 0x3a, 0x30, 0x2c, 0x22, 0x6b, 0x22, 0x3a,
  0x30, 0x7d, 0x2c, 0x22, 0x6f, 0x22, 0x3a, 0x7b, 0x22, 0x61, 0x22, 0x3a,
  0x30, 0x2c, 0x22, 0x6b, 0x22, 0x3a, 0x31, 0x30, 0x30, 0x7d, 0x7d, 0x5d,
  0x7d, 0x2c, 0x7b, 0x22, 0x74, 0x79, 0x22, 0x3a, 0x22, 0x67, 0x72, 0x22,
  0x2c, 0x22, 0x6e, 0x6d, 0x22, 0x3a, 0x22, 0x62, 0x6f, 0x64, 0x79, 0x22,
  0x2c, 0x22, 0x69, 0x74, 0x22, 0x3a, 0x5b, 0x7b, 0x22, 0x74, 0x79, 0x22,
  0x3a, 0x22, 0x72, 0x63, 0x22, 0x2c, 0x22, 0x64, 0x22, 0x3a, 0x31, 0x2c,
  0x22, 0x73, 0x22, 0x3a, 0x7b, 0x22, 0x61, 0x22, 0x3a, 0x30, 0x2c, 0x22,
  0x6b, 0x22, 0x3a, 0x5b, 0x31, 0x31, 0x38, 0x2c, 0x31, 0x38, 0x5d, 0x7d,
  0x2c, 0x22, 0x70, 0x22, 0x3a, 0x7b, 0x22, 0x61, 0x22, 0x3a, 0x30, 0x2c,
  0x22, 0x6b, 0x22, 0x3a, 0x5b, 0x30, 0x2c, 0x34, 0x35, 0x5d, 0x7d, 0x2c,
  0x22, 0x72, 0x22, 0x3a, 0x7b, 0x22, 0x61, 0x22, 0x3a, 0x30, 0x2c, 0x22,
  0x6b, 0x22, 0x3a, 0x31, 0x32, 0x7d, 0x2c, 0x22, 0x6e, 0x6d, 0x22, 0x3a,
  0x22, 0x72, 0x63, 0x22, 0x7d, 0x2c, 0x7b, 0x22, 0x74, 0x79, 0x22, 0x3a,
  0x22, 0x66, 0x6c, 0x22, 0x2c, 0x22, 0x63, 0x22, 0x3a, 0x7b, 0x22, 0x61,
  0x22, 0x3a, 0x30, 0x2c, 0x22, 0x6b, 0x22, 0x3a, 0x5b, 0x30, 0x2e, 0x37,
  0x36, 0x31, 0x2c, 0x30, 0x2e, 0x33, 0x31, 0x2c, 0x30, 0x2e, 0x30, 0x33,
  0x31, 0x2c, 0x31, 0x5d, 0x7d, 0x2c, 0x22, 0x6f, 0x22, 0x3a, 0x7b, 0x22,
  0x61, 0x22, 0x3a, 0x30, 0x2c, 0x22, 0x6b, 0x22, 0x3a, 0x36, 0x30, 0x7d,
  0x2c, 0x22, 0x72, 0x22, 0x3a, 0x31, 0x2c, 0x22, 0x6e, 0x6d, 0x22, 0x3a,
  0x22, 0x66, 0x6c, 0x22, 0x7d, 0x2c, 0x7b, 0x22, 0x74, 0x79, 0x22, 0x3a,
  0x22, 0x72, 0x63, 0x22, 0x2c, 0x22, 0x64, 0x22, 0x3a, 0x31, 0x2c, 0x22,
  0x73, 0x22, 0x3a, 0x7b, 0x22, 0x61, 0x22, 0x3a, 0x30, 0x2c, 0x22, 0x6b,
  0x22, 0x3a, 0x5b, 0x31, 0x33, 0x38, 0x2c, 0x31, 0x31, 0x38, 0x5d, 0x7d,
  0x2c, 0x22, 0x70, 0x22, 0x3a, 0x7b, 0x22, 0x61, 0x22, 0x3a, 0x30, 0x2c,
  0x22, 0x6b, 0x22, 0x3a, 0x5b, 0x30, 0x2c, 0x30, 0x5d, 0x7d, 0x2c, 0x22,
  0x72, 0x22, 0x3a, 0x7b, 0x22, 0x61, 0x22, 0x3a, 0x30, 0x2c, 0x22, 0x6b,
  0x22, 0x3a, 0x33, 0x36, 0x7d, 0x2c, 0x22, 0x6e, 0x6d, 0x22, 0x3a, 0x22,
  0x72, 0x63, 0x22, 0x7d, 0x2c, 0x7b, 0x22, 0x74, 0x79, 0x22, 0x3a, 0x22,
  0x66, 0x6c, 0x22, 0x2c, 0x22, 0x63, 0x22, 0x3a, 0x7b, 0x22, 0x61, 0x22,
  0x3a, 0x30, 0x2c, 0x22, 0x6b, 0x22, 0x3a, 0x5b, 0x31, 0x2c, 0x30, 0x2e,
  0x34, 0x32, 0x2c, 0x30, 0x2e, 0x31, 0x30, 0x32, 0x2c, 0x31, 0x5d, 0x7d,
  0x2c, 0x22, 0x6f, 0x22, 0x3a, 0x7b, 0x22, 0x61, 0x22, 0x3a, 0x30, 0x2c,
  0x22, 0x6b, 0x22, 0x3a, 0x31, 0x30, 0x30, 0x7d, 0x2c, 0x22, 0x72, 0x22,
  0x3a, 0x31, 0x2c, 0x22, 0x6e, 0x6d, 0x22, 0x3a, 0x22, 0x66, 0x6c, 0x22,
  0x7d, 0x2c, 0x7b, 0x22, 0x74, 0x79, 0x22, 0x3a, 0x22, 0x73, 0x74, 0x22,
  0x2c, 0x22, 0x63, 0x22, 0x3a, 0x7b, 0x22, 0x61, 0x22, 0x3a, 0x30, 0x2c,
  0x22, 0x6b, 0x22, 0x3a, 0x5b, 0x30, 0x2e, 0x30, 0x33, 0x39, 0x2c, 0x30,
  0x2e, 0x30, 0x33, 0x39, 0x2c, 0x30, 0x2e, 0x30, 0x33, 0x39, 0x2c, 0x31,
  0x5d, 0x7d, 0x2c, 0x22, 0x6f, 0x22, 0x3a, 0x7b, 0x22, 0x61, 0x22, 0x3a,
  0x30, 0x2c, 0x22, 0x6b, 0x22, 0x3a, 0x31, 0x30, 0x30, 0x7d, 0x2c, 0x22,
  0x77, 0x22, 0x3a, 0x34, 0x2c, 0x22, 0x6c, 0x63, 0x22, 0x3a, 0x32, 0x2c,
  0x22, 0x6c, 0x6a, 0x22, 0x3a, 0x32, 0x2c, 0x22, 0x6e, 0x6d, 0x22, 0x3a,
  0x22, 0x73, 0x74, 0x22, 0x7d, 0x2c, 0x7b, 0x22, 0x74, 0x79, 0x22, 0x3a,
  0x22, 0x72, 0x63, 0x22, 0x2c, 0x22, 0x64, 0x22, 0x3a, 0x31, 0x2c, 0x22,
  0x73, 0x22, 0x3a, 0x7b, 0x22, 0x61, 0x22, 0x3a, 0x30, 0x2c, 0x22, 0x6b,
  0x22, 0x3a, 0x5b, 0x31, 0x30, 0x38, 0x2c, 0x31, 0x30, 0x5d, 0x7d, 0x2c,
  0x22, 0x70, 0x22, 0x3a, 0x7b, 0x22, 0x61, 0x22, 0x3a, 0x30, 0x2c, 0x22,
  0x6b, 0x22, 0x3a, 0x5b, 0x30, 0x2c, 0x2d, 0x34, 0x33, 0x5d, 0x7d, 0x2c,
  0x22, 0x72, 0x22, 0x3a, 0x7b, 0x22, 0x61, 0x22, 0x3a, 0x30, 0x2c, 0x22,
  0x6b, 0x22, 0x3a, 0x36, 0x7d, 0x2c, 0x22, 0x6e, 0x6d, 0x22, 0x3a, 0x22,
  0x72, 0x63, 0x22, 0x7d, 0x2c, 0x7b, 0x22, 0x74, 0x79, 0x22, 0x3a, 0x22,
  0x66, 0x6c, 0x22, 0x2c, 0x22, 0x63, 0x22, 0x3a, 0x7b, 0x22, 0x61, 0x22,
  0x3a, 0x30, 0x2c, 0x22, 0x6b, 0x22, 0x3a, 0x5b, 0x31, 0x2c, 0x31, 0x2c,
  0x31, 0x2c, 0x31, 0x5d, 0x7d, 0x2c, 0x22, 0x6f, 0x22, 0x3a, 0x7b, 0x22,
  0x61, 0x22, 0x3a, 0x30, 0x2c, 0x22, 0x6b, 0x22, 0x3a, 0x31, 0x38, 0x7d,
  0x2c, 0x22, 0x72, 0x22, 0x3a, 0x31, 0x2c, 0x22, 0x6e, 0x6d, 0x22, 0x3a,
  0x22, 0x66, 0x6c, 0x22, 0x7d, 0x2c, 0x7b, 0x22, 0x74, 0x79, 0x22, 0x3a,
  0x22, 0x74, 0x72, 0x22, 0x2c, 0x22, 0x70, 0x22, 0x3a, 0x7b, 0x22, 0x61,
  0x22, 0x3a, 0x30, 0x2c, 0x22, 0x6b, 0x22, 0x3a, 0x5b, 0x30, 0x2c, 0x30,
  0x5d, 0x7d, 0x2c, 0x22, 0x61, 0x22, 0x3a, 0x7b, 0x22, 0x61, 0x22, 0x3a,
  0x30, 0x2c, 0x22, 0x6b, 0x22, 0x3a, 0x5b, 0x30, 0x2c, 0x30, 0x5d, 0x7d,
  0x2c, 0x22, 0x73, 0x22, 0x3a, 0x7b, 0x22, 0x61, 0x22, 0x3a, 0x30, 0x2c,
  0x22, 0x6b, 0x22, 0x3a, 0x5b, 0x31, 0x30, 0x30, 0x2c, 0x31, 0x30, 0x30,
  0x5d, 0x7d, 0x2c, 0x22, 0x72, 0x22, 0x3a, 0x7b, 0x22, 0x61, 0x22, 0x3a,
  0x30, 0x2c, 0x22, 0x6b, 0x22, 0x3a, 0x30, 0x7d, 0x2c, 0x22, 0x6f, 0x22,
  0x3a, 0x7b, 0x22, 0x61, 0x22, 0x3a, 0x30, 0x2c, 0x22, 0x6b, 0x22, 0x3a,
  0x31, 0x30, 0x30, 0x7d, 0x7d, 0x5d, 0x7d, 0x2c, 0x7b, 0x22, 0x74, 0x79,
  0x22, 0x3a, 0x22, 0x67, 0x72, 0x22, 0x2c, 0x22, 0x6e, 0x6d, 0x22, 0x3a,
  0x22, 0x76, 0x69, 0x73, 0x6f, 0x72, 0x22, 0x2c, 0x22, 0x69, 0x74, 0x22,
  0x3a, 0x5b, 0x7b, 0x22, 0x74, 0x79, 0x22, 0x3a, 0x22, 0x72, 0x63, 0x22,
  0x2c, 0x22, 0x64, 0x22, 0x3a, 0x31, 0x2c, 0x22, 0x73, 0x22, 0x3a, 0x7b,
  0x22, 0x61, 0x22, 0x3a, 0x30, 0x2c, 0x22, 0x6b, 0x22, 0x3a, 0x5b, 0x31,
  0x30, 0x34, 0x2c, 0x35, 0x32, 0x5d, 0x7d, 0x2c, 0x22, 0x70, 0x22, 0x3a,
  0x7b, 0x22, 0x61, 0x22, 0x3a, 0x30, 0x2c, 0x22, 0x6b, 0x22, 0x3a, 0x5b,
  0x30, 0x2c, 0x2d, 0x36, 0x5d, 0x7d, 0x2c, 0x22, 0x72, 0x22, 0x3a, 0x7b,
  0x22, 0x61, 0x22, 0x3a, 0x30, 0x2c, 0x22, 0x6b, 0x22, 0x3a, 0x32, 0x34,
  0x7d, 0x2c, 0x22, 0x6e, 0x6d, 0x22, 0x3a, 0x22, 0x72, 0x63, 0x22, 0x7d,
  0x2c, 0x7b, 0x22, 0x74, 0x79, 0x22, 0x3a, 0x22, 0x66, 0x6c, 0x22, 0x2c,
  0x22, 0x63, 0x22, 0x3a, 0x7b, 0x22, 0x61, 0x22, 0x3a, 0x30, 0x2c, 0x22,
  0x6b, 0x22, 0x3a, 0x5b, 0x30, 0x2e, 0x30, 0x33, 0x39, 0x2c, 0x30, 0x2e,
  0x30, 0x33, 0x39, 0x2c, 0x30, 0x2e, 0x30, 0x33, 0x39, 0x2c, 0x31, 0x5d,
  0x7d, 0x2c, 0x22, 0x6f, 0x22, 0x3a, 0x7b, 0x22, 0x61, 0x22, 0x3a, 0x30,
  0x2c, 0x22, 0x6b, 0x22, 0x3a, 0x31, 0x30, 0x30, 0x7d, 0x2c, 0x22, 0x72,
  0x22, 0x3a, 0x31, 0x2c, 0x22, 0x6e, 0x6d, 0x22, 0x3a, 0x22, 0x66, 0x6c,
  0x22, 0x7d, 0x2c, 0x7b, 0x22, 0x74, 0x79, 0x22, 0x3a, 0x22, 0x74, 0x72,
  0x22, 0x2c, 0x22, 0x70, 0x22, 0x3a, 0x7b, 0x22, 0x61, 0x22, 0x3a, 0x30,
  0x2c, 0x22, 0x6b, 0x22, 0x3a, 0x5b, 0x30, 0x2c, 0x30, 0x5d, 0x7d, 0x2c,
  0x22, 0x61, 0x22, 0x3a, 0x7b, 0x22, 0x61, 0x22, 0x3a, 0x30, 0x2c, 0x22,
  0x6b, 0x22, 0x3a, 0x5b, 0x30, 0x2c, 0x30, 0x5d, 0x7d, 0x2c, 0x22, 0x73,
  0x22, 0x3a, 0x7b, 0x22, 0x61, 0x22, 0x3a, 0x30, 0x2c, 0x22, 0x6b, 0x22,
  0x3a, 0x5b, 0x31, 0x30, 0x30, 0x2c, 0x31, 0x30, 0x30, 0x5d, 0x7d, 0x2c,
  0x22, 0x72, 0x22, 0x3a, 0x7b, 0x22, 0x61, 0x22, 0x3a, 0x30, 0x2c, 0x22,
  0x6b, 0x22, 0x3a, 0x30, 0x7d, 0x2c, 0x22, 0x6f, 0x22, 0x3a, 0x7b, 0x22,
  0x61, 0x22, 0x3a, 0x30, 0x2c, 0x22, 0x6b, 0x22, 0x3a, 0x31, 0x30, 0x30,
  0x7d, 0x7d, 0x5d, 0x7d, 0x2c, 0x7b, 0x22, 0x74, 0x79, 0x22, 0x3a, 0x22,
  0x67, 0x72, 0x22, 0x2c, 0x22, 0x6e, 0x6d, 0x22, 0x3a, 0x22, 0x63, 0x68,
  0x65, 0x65, 0x6b, 0x73, 0x22, 0x2c, 0x22, 0x69, 0x74, 0x22, 0x3a, 0x5b,
  0x7b, 0x22, 0x74, 0x79, 0x22, 0x3a, 0x22, 0x65, 0x6c, 0x22, 0x2c, 0x22,
  0x64, 0x22, 0x3a, 0x31, 0x2c, 0x22, 0x73, 0x22, 0x3a, 0x7b, 0x22, 0x61,
  0x22, 0x3a, 0x30, 0x2c, 0x22, 0x6b, 0x22, 0x3a, 0x5b, 0x31, 0x34, 0x2c,
  0x38, 0x5d, 0x7d, 0x2c, 0x22, 0x70, 0x22, 0x3a, 0x7b, 0x22, 0x61, 0x22,
  0x3a, 0x30, 0x2c, 0x22, 0x6b, 0x22, 0x3a, 0x5b, 0x2d, 0x34, 0x34, 0x2c,
  0x32, 0x32, 0x5d, 0x7d, 0x2c, 0x22, 0x6e, 0x6d, 0x22, 0x3a, 0x22, 0x65,
  0x6c, 0x22, 0x7d, 0x2c, 0x7b, 0x22, 0x74, 0x79, 0x22, 0x3a, 0x22, 0x66,
  0x6c, 0x22, 0x2c, 0x22, 0x63, 0x22, 0x3a, 0x7b, 0x22, 0x61, 0x22, 0x3a,
  0x30, 0x2c, 0x22, 0x6b, 0x22, 0x3a, 0x5b, 0x31, 0x2c, 0x30, 0x2e, 0x33,
  0x33, 0x33, 0x2c, 0x30, 0x2e, 0x34, 0x36, 0x37, 0x2c, 0x31, 0x5d, 0x7d,
  0x2c, 0x22, 0x6f, 0x22, 0x3a, 0x7b, 0x22, 0x61, 0x22, 0x3a, 0x30, 0x2c,
  0x22, 0x6b, 0x22, 0x3a, 0x35, 0x35, 0x7d, 0x2c, 0x22, 0x72, 0x22, 0x3a,
  0x31, 0x2c, 0x22, 0x6e, 0x6d, 0x22, 0x3a, 0x22, 0x66, 0x6c, 0x22, 0x7d,
  0x2c, 0x7b, 0x22, 0x74, 0x79, 0x22, 0x3a, 0x22, 0x65, 0x6c, 0x22, 0x2c,
  0x22, 0x64, 0x22, 0x3a, 0x31, 0x2c, 0x22, 0x73, 0x22, 0x3a, 0x7b, 0x22,
  0x61, 0x22, 0x3a, 0x30, 0x2c, 0x22, 0x6b, 0x22, 0x3a, 0x5b, 0x31, 0x34,
  0x2c, 0x38, 0x5d, 0x7d, 0x2c, 0x22, 0x70, 0x22, 0x3a, 0x7b, 0x22, 0x61,
  0x22, 0x3a, 0x30, 0x2c, 0x22, 0x6b, 0x22, 0x3a, 0x5b, 0x34, 0x34, 0x2c,
  0x32, 0x32, 0x5d, 0x7d, 0x2c, 0x22, 0x6e, 0x6d, 0x22, 0x3a, 0x22, 0x65,
  0x6c, 0x22, 0x7d, 0x2c, 0x7b, 0x22, 0x74, 0x79, 0x22, 0x3a, 0x22, 0x66,
  0x6c, 0x22, 0x2c, 0x22, 0x63, 0x22, 0x3a, 0x7b, 0x22, 0x61, 0x22, 0x3a,
  0x30, 0x2c, 0x22, 0x6b, 0x22, 0x3a, 0x5b, 0x31, 0x2c, 0x30, 0x2e, 0x33,
  0x33, 0x33, 0x2c, 0x30, 0x2e, 0x34, 0x36, 0x37, 0x2c, 0x31, 0x5d, 0x7d,
  0x2c, 0x22, 0x6f, 0x22, 0x3a, 0x7b, 0x22, 0x61, 0x22, 0x3a, 0x30, 0x2c,
  0x22, 0x6b, 0x22, 0x3a, 0x35, 0x35, 0x7d, 0x2c, 0x22, 0x72, 0x22, 0x3a,
  0x31, 0x2c, 0x22, 0x6e, 0x6d, 0x22, 0x3a, 0x22, 0x66, 0x6c, 0x22, 0x7d,
  0x2c, 0x7b, 0x22, 0x74, 0x79, 0x22, 0x3a, 0x22, 0x74, 0x72, 0x22, 0x2c,
  0x22, 0x70, 0x22, 0x3a, 0x7b, 0x22, 0x61, 0x22, 0x3a, 0x30, 0x2c, 0x22,
  0x6b, 0x22, 0x3a, 0x5b, 0x30, 0x2c, 0x30, 0x5d, 0x7d, 0x2c, 0x22, 0x61,
  0x22, 0x3a, 0x7b, 0x22, 0x61, 0x22, 0x3a, 0x30, 0x2c, 0x22, 0x6b, 0x22,
  0x3a, 0x5b, 0x30, 0x2c, 0x30, 0x5d, 0x7d, 0x2c, 0x22, 0x73, 0x22, 0x3a,
  0x7b, 0x22, 0x61, 0x22, 0x3a, 0x30, 0x2c, 0x22, 0x6b, 0x22, 0x3a, 0x5b,
  0x31, 0x30, 0x30, 0x2c, 0x31, 0x30, 0x30, 0x5d, 0x7d, 0x2c, 0x22, 0x72,
  0x22, 0x3a, 0x7b, 0x22, 0x61, 0x22, 0x3a, 0x30, 0x2c, 0x22, 0x6b, 0x22,
  0x3a, 0x30, 0x7d, 0x2c, 0x22, 0x6f, 0x22, 0x3a, 0x7b, 0x22, 0x61, 0x22,
  0x3a, 0x30, 0x2c, 0x22, 0x6b, 0x22, 0x3a, 0x31, 0x30, 0x30, 0x7d, 0x7d,
  0x5d, 0x7d, 0x2c, 0x7b, 0x22, 0x74, 0x79, 0x22, 0x3a, 0x22, 0x67, 0x72,
  0x22, 0x2c, 0x22, 0x6e, 0x6d, 0x22, 0x3a, 0x22, 0x65, 0x79, 0x65, 0x57,
  0x2d, 0x31, 0x22, 0x2c, 0x22, 0x69, 0x74, 0x22, 0x3a, 0x5b, 0x7b, 0x22,
  0x74, 0x79, 0x22, 0x3a, 0x22, 0x65, 0x6c, 0x22, 0x2c, 0x22, 0x64, 0x22,
  0x3a, 0x31, 0x2c, 0x22, 0x73, 0x22, 0x3a, 0x7b, 0x22, 0x61, 0x22, 0x3a,
  0x30, 0x2c, 0x22, 0x6b, 0x22, 0x3a, 0x5b, 0x32, 0x38, 0x2c, 0x33, 0x30,
  0x5d, 0x7d, 0x2c, 0x22, 0x70, 0x22, 0x3a, 0x7b, 0x22, 0x61, 0x22, 0x3a,
  0x30, 0x2c, 0x22, 0x6b, 0x22, 0x3a, 0x5b, 0x30, 0x2c, 0x30, 0x5d, 0x7d,
  0x2c, 0x22, 0x6e, 0x6d, 0x22, 0x3a, 0x22, 0x65, 0x6c, 0x22, 0x7d, 0x2c,
  0x7b, 0x22, 0x74, 0x79, 0x22, 0x3a, 0x22, 0x66, 0x6c, 0x22, 0x2c, 0x22,
  0x63, 0x22, 0x3a, 0x7b, 0x22, 0x61, 0x22, 0x3a, 0x30, 0x2c, 0x22, 0x6b,
  0x22, 0x3a, 0x5b, 0x31, 0x2c, 0x31, 0x2c, 0x31, 0x2c, 0x31, 0x5d, 0x7d,
  0x2c, 0x22, 0x6f, 0x22, 0x3a, 0x7b, 0x22, 0x61, 0x22, 0x3a, 0x30, 0x2c,
  0x22, 0x6b, 0x22, 0x3a, 0x31, 0x30, 0x30, 0x7d, 0x2c, 0x22, 0x72, 0x22,
  0x3a, 0x31, 0x2c, 0x22, 0x6e, 0x6d, 0x22, 0x3a, 0x22, 0x66, 0x6c, 0x22,
  0x7d, 0x2c, 0x7b, 0x22, 0x74, 0x79, 0x22, 0x3a, 0x22, 0x65, 0x6c, 0x22,
  0x2c, 0x22, 0x64, 0x22, 0x3a, 0x31, 0x2c, 0x22, 0x73, 0x22, 0x3a, 0x7b,
  0x22, 0x61, 0x22, 0x3a, 0x30, 0x2c, 0x22, 0x6b, 0x22, 0x3a, 0x5b, 0x31,
  0x36, 0x2c, 0x31, 0x37, 0x5d, 0x7d, 0x2c, 0x22, 0x70, 0x22, 0x3a, 0x7b,
  0x22, 0x61, 0x22, 0x3a, 0x30, 0x2c, 0x22, 0x6b, 0x22, 0x3a, 0x5b, 0x30,
  0x2c, 0x33, 0x5d, 0x7d, 0x2c, 0x22, 0x6e, 0x6d, 0x22, 0x3a, 0x22, 0x65,
  0x6c, 0x22, 0x7d, 0x2c, 0x7b, 0x22, 0x74, 0x79, 0x22, 0x3a, 0x22, 0x66,
  0x6c, 0x22, 0x2c, 0x22, 0x63, 0x22, 0x3a, 0x7b, 0x22, 0x61, 0x22, 0x3a,
  0x30, 0x2c, 0x22, 0x6b, 0x22, 0x3a, 0x5b, 0x30, 0x2e, 0x30, 0x33, 0x39,
  0x2c, 0x30, 0x2e, 0x30, 0x33, 0x39, 0x2c, 0x30, 0x2e, 0x30, 0x33, 0x39,
  0x2c, 0x31, 0x5d, 0x7d, 0x2c, 0x22, 0x6f, 0x22, 0x3a, 0x7b, 0x22, 0x61,
  0x22, 0x3a, 0x30, 0x2c, 0x22, 0x6b, 0x22, 0x3a, 0x31, 0x30, 0x30, 0x7d,
  0x2c, 0x22, 0x72, 0x22, 0x3a, 0x31, 0x2c, 0x22, 0x6e, 0x6d, 0x22, 0x3a,
  0x22, 0x66, 0x6c, 0x22, 0x7d, 0x2c, 0x7b, 0x22, 0x74, 0x79, 0x22, 0x3a,
  0x22, 0x65, 0x6c, 0x22, 0x2c, 0x22, 0x64, 0x22, 0x3a, 0x31, 0x2c, 0x22,
  0x73, 0x22, 0x3a, 0x7b, 0x22, 0x61, 0x22, 0x3a, 0x30, 0x2c, 0x22, 0x6b,
  0x22, 0x3a, 0x5b, 0x36, 0x2c, 0x36, 0x5d, 0x7d, 0x2c, 0x22, 0x70, 0x22,
  0x3a, 0x7b, 0x22, 0x61, 0x22, 0x3a, 0x30, 0x2c, 0x22, 0x6b, 0x22, 0x3a,
  0x5b, 0x34, 0x2c, 0x2d, 0x34, 0x5d, 0x7d, 0x2c, 0x22, 0x6e, 0x6d, 0x22,
  0x3a, 0x22, 0x65, 0x6c, 0x22, 0x7d, 0x2c, 0x7b, 0x22, 0x74, 0x79, 0x22,
  0x3a, 0x22, 0x66, 0x6c, 0x22, 0x2c, 0x22, 0x63, 0x22, 0x3a, 0x7b, 0x22,
  0x61, 0x22, 0x3a, 0x30, 0x2c, 0x22, 0x6b, 0x22, 0x3a, 0x5b, 0x31, 0x2c,
  0x31, 0x2c, 0x31, 0x2c, 0x31, 0x5d, 0x7d, 0x2c, 0x22, 0x6f, 0x22, 0x3a,
  0x7b, 0x22, 0x61, 0x22, 0x3a, 0x30, 0x2c, 0x22, 0x6b, 0x22, 0x3a, 0x31,
  0x30, 0x30, 0x7d, 0x2c, 0x22, 0x72, 0x22, 0x3a, 0x31, 0x2c, 0x22, 0x6e,
  0x6d, 0x22, 0x3a, 0x22, 0x66, 0x6c, 0x22, 0x7d, 0x2c, 0x7b, 0x22, 0x74,
  0x79, 0x22, 0x3a, 0x22, 0x74, 0x72, 0x22, 0x2c, 0x22, 0x70, 0x22, 0x3a,
  0x7b, 0x22, 0x61, 0x22, 0x3a, 0x30, 0x2c, 0x22, 0x6b, 0x22, 0x3a, 0x5b,
  0x2d, 0x32, 0x32, 0x2c, 0x2d, 0x36, 0x5d, 0x7d, 0x2c, 0x22, 0x61, 0x22,
  0x3a, 0x7b, 0x22, 0x61, 0x22, 0x3a, 0x30, 0x2c, 0x22, 0x6b, 0x22, 0x3a,
  0x5b, 0x30, 0x2c, 0x30, 0x5d, 0x7d, 0x2c, 0x22, 0x73, 0x22, 0x3a, 0x7b,
  0x22, 0x61, 0x22, 0x3a, 0x30, 0x2c, 0x22, 0x6b, 0x22, 0x3a, 0x5b, 0x31,
  0x30, 0x30, 0x2c, 0x31, 0x30, 0x30, 0x5d, 0x7d, 0x2c, 0x22, 0x72, 0x22,
  0x3a, 0x7b, 0x22, 0x61, 0x22, 0x3a, 0x30, 0x2c, 0x22, 0x6b, 0x22, 0x3a,
  0x30, 0x7d, 0x2c, 0x22, 0x6f, 0x22, 0x3a, 0x7b, 0x22, 0x61, 0x22, 0x3a,
  0x30, 0x2c, 0x22, 0x6b, 0x22, 0x3a, 0x31, 0x30, 0x30, 0x7d, 0x7d, 0x5d,
  0x7d, 0x2c, 0x7b, 0x22, 0x74, 0x79, 0x22, 0x3a, 0x22, 0x67, 0x72, 0x22,
  0x2c, 0x22, 0x6e, 0x6d, 0x22, 0x3a, 0x22, 0x65, 0x79, 0x65, 0x57, 0x31,
  0x22, 0x2c, 0x22, 0x69, 0x74, 0x22, 0x3a, 0x5b, 0x7b, 0x22, 0x74, 0x79,
  0x22, 0x3a, 0x22, 0x65, 0x6c, 0x22, 0x2c, 0x22, 0x64, 0x22, 0x3a, 0x31,
  0x2c, 0x22, 0x73, 0x22, 0x3a, 0x7b, 0x22, 0x61, 0x22, 0x3a, 0x30, 0x2c,
  0x22, 0x6b, 0x22, 0x3a, 0x5b, 0x32, 0x38, 0x2c, 0x33, 0x30, 0x5d, 0x7d,
  0x2c, 0x22, 0x70, 0x22, 0x3a, 0x7b, 0x22, 0x61, 0x22, 0x3a, 0x30, 0x2c,
  0x22, 0x6b, 0x22, 0x3a, 0x5b, 0x30, 0x2c, 0x30, 0x5d, 0x7d, 0x2c, 0x22,
  0x6e, 0x6d, 0x22, 0x3a, 0x22, 0x65, 0x6c, 0x22, 0x7d, 0x2c, 0x7b, 0x22,
  0x74, 0x79, 0x22, 0x3a, 0x22, 0x66, 0x6c, 0x22, 0x2c, 0x22, 0x63, 0x22,
  0x3a, 0x7b, 0x22, 0x61, 0x22, 0x3a, 0x30, 0x2c, 0x22, 0x6b, 0x22, 0x3a,
  0x5b, 0x31, 0x2c, 0x31, 0x2c, 0x31, 0x2c, 0x31, 0x5d, 0x7d, 0x2c, 0x22,
  0x6f, 0x22, 0x3a, 0x7b, 0x22, 0x61, 0x22, 0x3a, 0x30, 0x2c, 0x22, 0x6b,
  0x22, 0x3a, 0x31, 0x30, 0x30, 0x7d, 0x2c, 0x22, 0x72, 0x22, 0x3a, 0x31,
  0x2c, 0x22, 0x6e, 0x6d, 0x22, 0x3a, 0x22, 0x66, 0x6c, 0x22, 0x7d, 0x2c,
  0x7b, 0x22, 0x74, 0x79, 0x22, 0x3a, 0x22, 0x65, 0x6c, 0x22, 0x2c, 0x22,
  0x64, 0x22, 0x3a, 0x31, 0x2c, 0x22, 0x73, 0x22, 0x3a, 0x7b, 0x22, 0x61,
  0x22, 0x3a, 0x30, 0x2c, 0x22, 0x6b, 0x22, 0x3a, 0x5b, 0x31, 0x36, 0x2c,
  0x31, 0x37, 0x5d, 0x7d, 0x2c, 0x22, 0x70, 0x22, 0x3a, 0x7b, 0x22, 0x61,
  0x22, 0x3a, 0x30, 0x2c, 0x22, 0x6b, 0x22, 0x3a, 0x5b, 0x30, 0x2c, 0x33,
  0x5d, 0x7d, 0x2c, 0x22, 0x6e, 0x6d, 0x22, 0x3a, 0x22, 0x65, 0x6c, 0x22,
  0x7d, 0x2c, 0x7b, 0x22, 0x74, 0x79, 0x22, 0x3a, 0x22, 0x66, 0x6c, 0x22,
  0x2c, 0x22, 0x63, 0x22, 0x3a, 0x7b, 0x22, 0x61, 0x22, 0x3a, 0x30, 0x2c,
  0x22, 0x6b, 0x22, 0x3a, 0x5b, 0x30, 0x2e, 0x30, 0x33, 0x39, 0x2c, 0x30,
  0x2e, 0x30, 0x33, 0x39, 0x2c, 0x30, 0x2e, 0x30, 0x33, 0x39, 0x2c, 0x31,
  0x5d, 0x7d, 0x2c, 0x22, 0x6f, 0x22, 0x3a, 0x7b, 0x22, 0x61, 0x22, 0x3a,
  0x30, 0x2c, 0x22, 0x6b, 0x22, 0x3a, 0x31, 0x30, 0x30, 0x7d, 0x2c, 0x22,
  0x72, 0x22, 0x3a, 0x31, 0x2c, 0x22, 0x6e, 0x6d, 0x22, 0x3a, 0x22, 0x66,
  0x6c, 0x22, 0x7d, 0x2c, 0x7b, 0x22, 0x74, 0x79, 0x22, 0x3a, 0x22, 0x65,
  0x6c, 0x22, 0x2c, 0x22, 0x64, 0x22, 0x3a, 0x31, 0x2c, 0x22, 0x73, 0x22,
  0x3a, 0x7b, 0x22, 0x61, 0x22, 0x3a, 0x30, 0x2c, 0x22, 0x6b, 0x22, 0x3a,
  0x5b, 0x36, 0x2c, 0x36, 0x5d, 0x7d, 0x2c, 0x22, 0x70, 0x22, 0x3a, 0x7b,
  0x22, 0x61, 0x22, 0x3a, 0x30, 0x2c, 0x22, 0x6b, 0x22, 0x3a, 0x5b, 0x34,
  0x2c, 0x2d, 0x34, 0x5d, 0x7d, 0x2c, 0x22, 0x6e, 0x6d, 0x22, 0x3a, 0x22,
  0x65, 0x6c, 0x22, 0x7d, 0x2c, 0x7b, 0x22, 0x74, 0x79, 0x22, 0x3a, 0x22,
  0x66, 0x6c, 0x22, 0x2c, 0x22, 0x63, 0x22, 0x3a, 0x7b, 0x22, 0x61, 0x22,
  0x3a, 0x30, 0x2c, 0x22, 0x6b, 0x22, 0x3a, 0x5b, 0x31, 0x2c, 0x31, 0x2c,
  0x31, 0x2c, 0x31, 0x5d, 0x7d, 0x2c, 0x22, 0x6f, 0x22, 0x3a, 0x7b, 0x22,
  0x61, 0x22, 0x3a, 0x30, 0x2c, 0x22, 0x6b, 0x22, 0x3a, 0x31, 0x30, 0x30,
  0x7d, 0x2c, 0x22, 0x72, 0x22, 0x3a, 0x31, 0x2c, 0x22, 0x6e, 0x6d, 0x22,
  0x3a, 0x22, 0x66, 0x6c, 0x22, 0x7d, 0x2c, 0x7b, 0x22, 0x74, 0x79, 0x22,
  0x3a, 0x22, 0x74, 0x72, 0x22, 0x2c, 0x22, 0x70, 0x22, 0x3a, 0x7b, 0x22,
  0x61, 0x22, 0x3a, 0x30, 0x2c, 0x22, 0x6b, 0x22, 0x3a, 0x5b, 0x32, 0x32,
  0x2c, 0x2d, 0x36, 0x5d, 0x7d, 0x2c, 0x22, 0x61, 0x22, 0x3a, 0x7b, 0x22,
  0x61, 0x22, 0x3a, 0x30, 0x2c, 0x22, 0x6b, 0x22, 0x3a, 0x5b, 0x30, 0x2c,
  0x30, 0x5d, 0x7d, 0x2c, 0x22, 0x73, 0x22, 0x3a, 0x7b, 0x22, 0x61, 0x22,
  0x3a, 0x30, 0x2c, 0x22, 0x6b, 0x22, 0x3a, 0x5b, 0x31, 0x30, 0x30, 0x2c,
  0x31, 0x30, 0x30, 0x5d, 0x7d, 0x2c, 0x22, 0x72, 0x22, 0x3a, 0x7b, 0x22,
  0x61, 0x22, 0x3a, 0x30, 0x2c, 0x22, 0x6b, 0x22, 0x3a, 0x30, 0x7d, 0x2c,
  0x22, 0x6f, 0x22, 0x3a, 0x7b, 0x22, 0x61, 0x22, 0x3a, 0x30, 0x2c, 0x22,
  0x6b, 0x22, 0x3a, 0x31, 0x30, 0x30, 0x7d, 0x7d, 0x5d, 0x7d, 0x2c, 0x7b,
  0x22, 0x74, 0x79, 0x22, 0x3a, 0x22, 0x67, 0x72, 0x22, 0x2c, 0x22, 0x6e,
  0x6d, 0x22, 0x3a, 0x22, 0x6d, 0x6f, 0x75, 0x74, 0x68, 0x22, 0x2c, 0x22,
  0x69, 0x74, 0x22, 0x3a, 0x5b, 0x7b, 0x22, 0x74, 0x79, 0x22, 0x3a, 0x22,
  0x65, 0x6c, 0x22, 0x2c, 0x22, 0x64, 0x22, 0x3a, 0x31, 0x2c, 0x22, 0x73,
  0x22, 0x3a, 0x7b, 0x22, 0x61, 0x22, 0x3a, 0x30, 0x2c, 0x22, 0x6b, 0x22,
  0x3a, 0x5b, 0x31, 0x32, 0x2c, 0x31, 0x34, 0x5d, 0x7d, 0x2c, 0x22, 0x70,
  0x22, 0x3a, 0x7b, 0x22, 0x61, 0x22, 0x3a, 0x30, 0x2c, 0x22, 0x6b, 0x22,
  0x3a, 0x5b, 0x30, 0x2c, 0x30, 0x5d, 0x7d, 0x2c, 0x22, 0x6e, 0x6d, 0x22,
  0x3a, 0x22, 0x65, 0x6c, 0x22, 0x7d, 0x2c, 0x7b, 0x22, 0x74, 0x79, 0x22,
  0x3a, 0x22, 0x66, 0x6c, 0x22, 0x2c, 0x22, 0x63, 0x22, 0x3a, 0x7b, 0x22,
  0x61, 0x22, 0x3a, 0x30, 0x2c, 0x22, 0x6b, 0x22, 0x3a, 0x5b, 0x31, 0x2c,
  0x31, 0x2c, 0x31, 0x2c, 0x31, 0x5d, 0x7d, 0x2c, 0x22, 0x6f, 0x22, 0x3a,
  0x7b, 0x22, 0x61, 0x22, 0x3a, 0x30, 0x2c, 0x22, 0x6b, 0x22, 0x3a, 0x31,
  0x30, 0x30, 0x7d, 0x2c, 0x22, 0x72, 0x22, 0x3a, 0x31, 0x2c, 0x22, 0x6e,
  0x6d, 0x22, 0x3a, 0x22, 0x66, 0x6c, 0x22, 0x7d, 0x2c, 0x7b, 0x22, 0x74,
  0x79, 0x22, 0x3a, 0x22, 0x65, 0x6c, 0x22, 0x2c, 0x22, 0x64, 0x22, 0x3a,
  0x31, 0x2c, 0x22, 0x73, 0x22, 0x3a, 0x7b, 0x22, 0x61, 0x22, 0x3a, 0x30,
  0x2c, 0x22, 0x6b, 0x22, 0x3a, 0x5b, 0x38, 0x2c, 0x31, 0x30, 0x5d, 0x7d,
  0x2c, 0x22, 0x70, 0x22, 0x3a, 0x7b, 0x22, 0x61, 0x22, 0x3a, 0x30, 0x2c,
  0x22, 0x6b, 0x22, 0x3a, 0x5b, 0x30, 0x2c, 0x31, 0x5d, 0x7d, 0x2c, 0x22,
  0x6e, 0x6d, 0x22, 0x3a, 0x22, 0x65, 0x6c, 0x22, 0x7d, 0x2c, 0x7b, 0x22,
  0x74, 0x79, 0x22, 0x3a, 0x22, 0x66, 0x6c, 0x22, 0x2c, 0x22, 0x63, 0x22,
  0x3a, 0x7b, 0x22, 0x61, 0x22, 0x3a, 0x30, 0x2c, 0x22, 0x6b, 0x22, 0x3a,
  0x5b, 0x30, 0x2e, 0x30, 0x33, 0x39, 0x2c, 0x30, 0x2e, 0x30, 0x33, 0x39,
  0x2c, 0x30, 0x2e, 0x30, 0x33, 0x39, 0x2c, 0x31, 0x5d, 0x7d, 0x2c, 0x22,
  0x6f, 0x22, 0x3a, 0x7b, 0x22, 0x61, 0x22, 0x3a, 0x30, 0x2c, 0x22, 0x6b,
  0x22, 0x3a, 0x31, 0x30, 0x30, 0x7d, 0x2c, 0x22, 0x72, 0x22, 0x3a, 0x31,
  0x2c, 0x22, 0x6e, 0x6d, 0x22, 0x3a, 0x22, 0x66, 0x6c, 0x22, 0x7d, 0x2c,
  0x7b, 0x22, 0x74, 0x79, 0x22, 0x3a, 0x22, 0x74, 0x72, 0x22, 0x2c, 0x22,
  0x70, 0x22, 0x3a, 0x7b, 0x22, 0x61, 0x22, 0x3a, 0x30, 0x2c, 0x22, 0x6b,
  0x22, 0x3a, 0x5b, 0x30, 0x2c, 0x32, 0x30, 0x5d, 0x7d, 0x2c, 0x22, 0x61,
  0x22, 0x3a, 0x7b, 0x22, 0x61, 0x22, 0x3a, 0x30, 0x2c, 0x22, 0x6b, 0x22,
  0x3a, 0x5b, 0x30, 0x2c, 0x30, 0x5d, 0x7d, 0x2c, 0x22, 0x73, 0x22, 0x3a,
  0x7b, 0x22, 0x61, 0x22, 0x3a, 0x30, 0x2c, 0x22, 0x6b, 0x22, 0x3a, 0x5b,
  0x31, 0x30, 0x30, 0x2c, 0x31, 0x30, 0x30, 0x5d, 0x7d, 0x2c, 0x22, 0x72,
  0x22, 0x3a, 0x7b, 0x22, 0x61, 0x22, 0x3a, 0x30, 0x2c, 0x22, 0x6b, 0x22,
  0x3a, 0x30, 0x7d, 0x2c, 0x22, 0x6f, 0x22, 0x3a, 0x7b, 0x22, 0x61, 0x22,
  0x3a, 0x30, 0x2c, 0x22, 0x6b, 0x22, 0x3a, 0x31, 0x30, 0x30, 0x7d, 0x7d,
  0x5d, 0x7d, 0x2c, 0x7b, 0x22, 0x74, 0x79, 0x22, 0x3a, 0x22, 0x67, 0x72,
  0x22, 0x2c, 0x22, 0x6e, 0x6d, 0x22, 0x3a, 0x22, 0x63, 0x68, 0x65, 0x73,
  0x74, 0x22, 0x2c, 0x22, 0x69, 0x74, 0x22, 0x3a, 0x5b, 0x7b, 0x22, 0x74,
  0x79, 0x22, 0x3a, 0x22, 0x72, 0x63, 0x22, 0x2c, 0x22, 0x64, 0x22, 0x3a,
  0x31, 0x2c, 0x22, 0x73, 0x22, 0x3a, 0x7b, 0x22, 0x61, 0x22, 0x3a, 0x30,
  0x2c, 0x22, 0x6b, 0x22, 0x3a, 0x5b, 0x33, 0x34, 0x2c, 0x31, 0x30, 0x5d,
  0x7d, 0x2c, 0x22, 0x70, 0x22, 0x3a, 0x7b, 0x22, 0x61, 0x22, 0x3a, 0x30,
  0x2c, 0x22, 0x6b, 0x22, 0x3a, 0x5b, 0x30, 0x2c, 0x30, 0x5d, 0x7d, 0x2c,
  0x22, 0x72, 0x22, 0x3a, 0x7b, 0x22, 0x61, 0x22, 0x3a, 0x30, 0x2c, 0x22,
  0x6b, 0x22, 0x3a, 0x35, 0x7d, 0x2c, 0x22, 0x6e, 0x6d, 0x22, 0x3a, 0x22,
  0x72, 0x63, 0x22, 0x7d, 0x2c, 0x7b, 0x22, 0x74, 0x79, 0x22, 0x3a, 0x22,
  0x66, 0x6c, 0x22, 0x2c, 0x22, 0x63, 0x22, 0x3a, 0x7b, 0x22, 0x61, 0x22,
  0x3a, 0x30, 0x2c, 0x22, 0x6b, 0x22, 0x3a, 0x5b, 0x30, 0x2e, 0x30, 0x39,
  0x38, 0x2c, 0x30, 0x2e, 0x39, 0x31, 0x34, 0x2c, 0x31, 0x2c, 0x31, 0x5d,
  0x7d, 0x2c, 0x22, 0x6f, 0x22, 0x3a, 0x7b, 0x22, 0x61, 0x22, 0x3a, 0x30,
  0x2c, 0x22, 0x6b, 0x22, 0x3a, 0x31, 0x30, 0x30, 0x7d, 0x2c, 0x22, 0x72,
  0x22, 0x3a, 0x31, 0x2c, 0x22, 0x6e, 0x6d, 0x22, 0x3a, 0x22, 0x66, 0x6c,
  0x22, 0x7d, 0x2c, 0x7b, 0x22, 0x74, 0x79, 0x22, 0x3a, 0x22, 0x72, 0x63,
  0x22, 0x2c, 0x22, 0x64, 0x22, 0x3a, 0x31, 0x2c, 0x22, 0x73, 0x22, 0x3a,
  0x7b, 0x22, 0x61, 0x22, 0x3a, 0x30, 0x2c, 0x22, 0x6b, 0x22, 0x3a, 0x5b,
  0x33, 0x30, 0x2c, 0x34, 0x5d, 0x7d, 0x2c, 0x22, 0x70, 0x22, 0x3a, 0x7b,
  0x22, 0x61, 0x22, 0x3a, 0x30, 0x2c, 0x22, 0x6b, 0x22, 0x3a, 0x5b, 0x30,
  0x2c, 0x2d, 0x32, 0x5d, 0x7d, 0x2c, 0x22, 0x72, 0x22, 0x3a, 0x7b, 0x22,
  0x61, 0x22, 0x3a, 0x30, 0x2c, 0x22, 0x6b, 0x22, 0x3a, 0x32, 0x7d, 0x2c,
  0x22, 0x6e, 0x6d, 0x22, 0x3a, 0x22, 0x72, 0x63, 0x22, 0x7d, 0x2c, 0x7b,
  0x22, 0x74, 0x79, 0x22, 0x3a, 0x22, 0x66, 0x6c, 0x22, 0x2c, 0x22, 0x63,
  0x22, 0x3a, 0x7b, 0x22, 0x61, 0x22, 0x3a, 0x30, 0x2c, 0x22, 0x6b, 0x22,
  0x3a, 0x5b, 0x31, 0x2c, 0x31, 0x2c, 0x31, 0x2c, 0x31, 0x5d, 0x7d, 0x2c,
  0x22, 0x6f, 0x22, 0x3a, 0x7b, 0x22, 0x61, 0x22, 0x3a, 0x30, 0x2c, 0x22,
  0x6b, 0x22, 0x3a, 0x36, 0x30, 0x7d, 0x2c, 0x22, 0x72, 0x22, 0x3a, 0x31,
  0x2c, 0x22, 0x6e, 0x6d, 0x22, 0x3a, 0x22, 0x66, 0x6c, 0x22, 0x7d, 0x2c,
  0x7b, 0x22, 0x74, 0x79, 0x22, 0x3a, 0x22, 0x74, 0x72, 0x22, 0x2c, 0x22,
  0x70, 0x22, 0x3a, 0x7b, 0x22, 0x61, 0x22, 0x3a, 0x30, 0x2c, 0x22, 0x6b,
  0x22, 0x3a, 0x5b, 0x30, 0x2c, 0x34, 0x39, 0x5d, 0x7d, 0x2c, 0x22, 0x61,
  0x22, 0x3a, 0x7b, 0x22, 0x61, 0x22, 0x3a, 0x30, 0x2c, 0x22, 0x6b, 0x22,
  0x3a, 0x5b, 0x30, 0x2c, 0x30, 0x5d, 0x7d, 0x2c, 0x22, 0x73, 0x22, 0x3a,
  0x7b, 0x22, 0x61, 0x22, 0x3a, 0x30, 0x2c, 0x22, 0x6b, 0x22, 0x3a, 0x5b,
  0x31, 0x30, 0x30, 0x2c, 0x31, 0x30, 0x30, 0x5d, 0x7d, 0x2c, 0x22, 0x72,
  0x22, 0x3a, 0x7b, 0x22, 0x61, 0x22, 0x3a, 0x30, 0x2c, 0x22, 0x6b, 0x22,
  0x3a, 0x30, 0x7d, 0x2c, 0x22, 0x6f, 0x22, 0x3a, 0x7b, 0x22, 0x61, 0x22,
  0x3a, 0x30, 0x2c, 0x22, 0x6b, 0x22, 0x3a, 0x31, 0x30, 0x30, 0x7d, 0x7d,
  0x5d, 0x7d, 0x5d, 0x2c, 0x22, 0x69, 0x70, 0x22, 0x3a, 0x30, 0x2c, 0x22,
  0x6f, 0x70, 0x22, 0x3a, 0x32, 0x37, 0x2c, 0x22, 0x73, 0x74, 0x22, 0x3a,
  0x30, 0x7d, 0x2c, 0x7b, 0x22, 0x74, 0x79, 0x22, 0x3a, 0x34, 0x2c, 0x22,
  0x6e, 0x6d, 0x22, 0x3a, 0x22, 0x62, 0x75, 0x62, 0x62, 0x6c, 0x65, 0x22,
  0x2c, 0x22, 0x73, 0x72, 0x22, 0x3a, 0x31, 0x2c, 0x22, 0x6b, 0x73, 0x22,
  0x3a, 0x7b, 0x22, 0x70, 0x22, 0x3a, 0x7b, 0x22, 0x61, 0x22, 0x3a, 0x30,
  0x2c, 0x22, 0x6b, 0x22, 0x3a, 0x5b, 0x31, 0x30, 0x30, 0x2c, 0x31, 0x30,
  0x30, 0x2c, 0x30, 0x5d, 0x7d, 0x2c, 0x22, 0x61, 0x22, 0x3a, 0x7b, 0x22,
  0x61, 0x22, 0x3a, 0x30, 0x2c, 0x22, 0x6b, 0x22, 0x3a, 0x5b, 0x30, 0x2c,
  0x30, 0x2c, 0x30, 0x5d, 0x7d, 0x2c, 0x22, 0x73, 0x22, 0x3a, 0x7b, 0x22,
  0x61, 0x22, 0x3a, 0x31, 0x2c, 0x22, 0x6b, 0x22, 0x3a, 0x5b, 0x7b, 0x22,
  0x74, 0x22, 0x3a, 0x30, 0x2c, 0x22, 0x73, 0x22, 0x3a, 0x5b, 0x30, 0x2c,
  0x30, 0x5d, 0x7d, 0x2c, 0x7b, 0x22, 0x74, 0x22, 0x3a, 0x33, 0x2c, 0x22,
  0x73, 0x22, 0x3a, 0x5b, 0x31, 0x32, 0x30, 0x2c, 0x31, 0x32, 0x30, 0x5d,
  0x7d, 0x2c, 0x7b, 0x22, 0x74, 0x22, 0x3a, 0x36, 0x2c, 0x22, 0x73, 0x22,
  0x3a, 0x5b, 0x31, 0x30, 0x30, 0x2c, 0x31, 0x30, 0x30, 0x5d, 0x7d, 0x2c,
  0x7b, 0x22, 0x74, 0x22, 0x3a, 0x32, 0x33, 0x2c, 0x22, 0x73, 0x22, 0x3a,
  0x5b, 0x31, 0x30, 0x30, 0x2c, 0x31, 0x30, 0x30, 0x5d, 0x7d, 0x2c, 0x7b,
  0x22, 0x74, 0x22, 0x3a, 0x32, 0x37, 0x2c, 0x22, 0x73, 0x22, 0x3a, 0x5b,
  0x39, 0x30, 0x2c, 0x39, 0x30, 0x5d, 0x7d, 0x5d, 0x7d, 0x2c, 0x22, 0x72,
  0x22, 0x3a, 0x7b, 0x22, 0x61, 0x22, 0x3a, 0x30, 0x2c, 0x22, 0x6b, 0x22,
  0x3a, 0x30, 0x7d, 0x2c, 0x22, 0x6f, 0x22, 0x3a, 0x7b, 0x22, 0x61, 0x22,
  0x3a, 0x31, 0x2c, 0x22, 0x6b, 0x22, 0x3a, 0x5b, 0x7b, 0x22, 0x74, 0x22,
  0x3a, 0x30, 0x2c, 0x22, 0x73, 0x22, 0x3a, 0x5b, 0x30, 0x5d, 0x7d, 0x2c,
  0x7b, 0x22, 0x74, 0x22, 0x3a, 0x33, 0x2c, 0x22, 0x73, 0x22, 0x3a, 0x5b,
  0x31, 0x30, 0x30, 0x5d, 0x7d, 0x2c, 0x7b, 0x22, 0x74, 0x22, 0x3a, 0x32,
  0x33, 0x2c, 0x22, 0x73, 0x22, 0x3a, 0x5b, 0x31, 0x30, 0x30, 0x5d, 0x7d,
  0x2c, 0x7b, 0x22, 0x74, 0x22, 0x3a, 0x32, 0x37, 0x2c, 0x22, 0x73, 0x22,
  0x3a, 0x5b, 0x30, 0x5d, 0x7d, 0x5d, 0x7d, 0x7d, 0x2c, 0x22, 0x61, 0x6f,
  0x22, 0x3a, 0x30, 0x2c, 0x22, 0x73, 0x68, 0x61, 0x70, 0x65, 0x73, 0x22,
  0x3a, 0x5b, 0x7b, 0x22, 0x74, 0x79, 0x22, 0x3a, 0x22, 0x67, 0x72, 0x22,
  0x2c, 0x22, 0x6e, 0x6d, 0x22, 0x3a, 0x22, 0x65, 0x78, 0x63, 0x6c, 0x22,
  0x2c, 0x22, 0x69, 0x74, 0x22, 0x3a, 0x5b, 0x7b, 0x22, 0x74, 0x79, 0x22,
  0x3a, 0x22, 0x65, 0x6c, 0x22, 0x2c, 0x22, 0x64, 0x22, 0x3a, 0x31, 0x2c,
  0x22, 0x73, 0x22, 0x3a, 0x7b, 0x22, 0x61, 0x22, 0x3a, 0x30, 0x2c, 0x22,
  0x6b, 0x22, 0x3a, 0x5b, 0x33, 0x30, 0x2c, 0x33, 0x30, 0x5d, 0x7d, 0x2c,
  0x22, 0x70, 0x22, 0x3a, 0x7b, 0x22, 0x61, 0x22, 0x3a, 0x30, 0x2c, 0x22,
  0x6b, 0x22, 0x3a, 0x5b, 0x30, 0x2c, 0x30, 0x5d, 0x7d, 0x2c, 0x22, 0x6e,
  0x6d, 0x22, 0x3a, 0x22, 0x65, 0x6c, 0x22, 0x7d, 0x2c, 0x7b, 0x22, 0x74,
  0x79, 0x22, 0x3a, 0x22, 0x66, 0x6c, 0x22, 0x2c, 0x22, 0x63, 0x22, 0x3a,
  0x7b, 0x22, 0x61, 0x22, 0x3a, 0x30, 0x2c, 0x22, 0x6b, 0x22, 0x3a, 0x5b,
  0x30, 0x2e, 0x30, 0x39, 0x38, 0x2c, 0x30, 0x2e, 0x39, 0x31, 0x34, 0x2c,
  0x31, 0x2c, 0x31, 0x5d, 0x7d, 0x2c, 0x22, 0x6f, 0x22, 0x3a, 0x7b, 0x22,
  0x61, 0x22, 0x3a, 0x30, 0x2c, 0x22, 0x6b, 0x22, 0x3a, 0x31, 0x30, 0x30,
  0x7d, 0x2c, 0x22, 0x72, 0x22, 0x3a, 0x31, 0x2c, 0x22, 0x6e, 0x6d, 0x22,
  0x3a, 0x22, 0x66, 0x6c, 0x22, 0x7d, 0x2c, 0x7b, 0x22, 0x74, 0x79, 0x22,
  0x3a, 0x22, 0x73, 0x74, 0x22, 0x2c, 0x22, 0x63, 0x22, 0x3a, 0x7b, 0x22,
  0x61, 0x22, 0x3a, 0x30, 0x2c, 0x22, 0x6b, 0x22, 0x3a, 0x5b, 0x30, 0x2e,
  0x30, 0x33, 0x39, 0x2c, 0x30, 0x2e, 0x30, 0x33, 0x39, 0x2c, 0x30, 0x2e,
  0x30, 0x33, 0x39, 0x2c, 0x31, 0x5d, 0x7d, 0x2c, 0x22, 0x6f, 0x22, 0x3a,
  0x7b, 0x22, 0x61, 0x22, 0x3a, 0x30, 0x2c, 0x22, 0x6b, 0x22, 0x3a, 0x31,
  0x30, 0x30, 0x7d, 0x2c, 0x22, 0x77, 0x22, 0x3a, 0x32, 0x2c, 0x22, 0x6c,
  0x63, 0x22, 0x3a, 0x32, 0x2c, 0x22, 0x6c, 0x6a, 0x22, 0x3a, 0x32, 0x2c,
  0x22, 0x6e, 0x6d, 0x22, 0x3a, 0x22, 0x73, 0x74, 0x22, 0x7d, 0x2c, 0x7b,
  0x22, 0x74, 0x79, 0x22, 0x3a, 0x22, 0x72, 0x63, 0x22, 0x2c, 0x22, 0x64,
  0x22, 0x3a, 0x31, 0x2c, 0x22, 0x73, 0x22, 0x3a, 0x7b, 0x22, 0x61, 0x22,
  0x3a, 0x30, 0x2c, 0x22, 0x6b, 0x22, 0x3a, 0x5b, 0x35, 0x2c, 0x31, 0x34,
  0x5d, 0x7d, 0x2c, 0x22, 0x70, 0x22, 0x3a, 0x7b, 0x22, 0x61, 0x22, 0x3a,
  0x30, 0x2c, 0x22, 0x6b, 0x22, 0x3a, 0x5b, 0x30, 0x2c, 0x2d, 0x34, 0x5d,
  0x7d, 0x2c, 0x22, 0x72, 0x22, 0x3a, 0x7b, 0x22, 0x61, 0x22, 0x3a, 0x30,
  0x2c, 0x22, 0x6b, 0x22, 0x3a, 0x32, 0x7d, 0x2c, 0x22, 0x6e, 0x6d, 0x22,
  0x3a, 0x22, 0x72, 0x63, 0x22, 0x7d, 0x2c, 0x7b, 0x22, 0x74, 0x79, 0x22,
  0x3a, 0x22, 0x66, 0x6c, 0x22, 0x2c, 0x22, 0x63, 0x22, 0x3a, 0x7b, 0x22,
  0x61, 0x22, 0x3a, 0x30, 0x2c, 0x22, 0x6b, 0x22, 0x3a, 0x5b, 0x30, 0x2e,
  0x30, 0x33, 0x39, 0x2c, 0x30, 0x2e, 0x30, 0x33, 0x39, 0x2c, 0x30, 0x2e,
  0x30, 0x33, 0x39, 0x2c, 0x31, 0x5d, 0x7d, 0x2c, 0x22, 0x6f, 0x22, 0x3a,
  0x7b, 0x22, 0x61, 0x22, 0x3a, 0x30, 0x2c, 0x22, 0x6b, 0x22, 0x3a, 0x31,
  0x30, 0x30, 0x7d, 0x2c, 0x22, 0x72, 0x22, 0x3a, 0x31, 0x2c, 0x22, 0x6e,
  0x6d, 0x22, 0x3a, 0x22, 0x66, 0x6c, 0x22, 0x7d, 0x2c, 0x7b, 0x22, 0x74,
  0x79, 0x22, 0x3a, 0x22, 0x65, 0x6c, 0x22, 0x2c, 0x22, 0x64, 0x22, 0x3a,
  0x31, 0x2c, 0x22, 0x73, 0x22, 0x3a, 0x7b, 0x22, 0x61, 0x22, 0x3a, 0x30,
  0x2c, 0x22, 0x6b, 0x22, 0x3a, 0x5b, 0x35, 0x2c, 0x35, 0x5d, 0x7d, 0x2c,
  0x22, 0x70, 0x22, 0x3a, 0x7b, 0x22, 0x61, 0x22, 0x3a, 0x30, 0x2c, 0x22,
  0x6b, 0x22, 0x3a, 0x5b, 0x30, 0x2c, 0x38, 0x5d, 0x7d, 0x2c, 0x22, 0x6e,
  0x6d, 0x22, 0x3a, 0x22, 0x65, 0x6c, 0x22, 0x7d, 0x2c, 0x7b, 0x22, 0x74,
  0x79, 0x22, 0x3a, 0x22, 0x66, 0x6c, 0x22, 0x2c, 0x22, 0x63, 0x22, 0x3a,
  0x7b, 0x22, 0x61, 0x22, 0x3a, 0x30, 0x2c, 0x22, 0x6b, 0x22, 0x3a, 0x5b,
  0x30, 0x2e, 0x30, 0x33, 0x39, 0x2c, 0x30, 0x2e, 0x30, 0x33, 0x39, 0x2c,
  0x30, 0x2e, 0x30, 0x33, 0x39, 0x2c, 0x31, 0x5d, 0x7d, 0x2c, 0x22, 0x6f,
  0x22, 0x3a, 0x7b, 0x22, 0x61, 0x22, 0x3a, 0x30, 0x2c, 0x22, 0x6b, 0x22,
  0x3a, 0x31, 0x30, 0x30, 0x7d, 0x2c, 0x22, 0x72, 0x22, 0x3a, 0x31, 0x2c,
  0x22, 0x6e, 0x6d, 0x22, 0x3a, 0x22, 0x66, 0x6c, 0x22, 0x7d, 0x2c, 0x7b,
  0x22, 0x74, 0x79, 0x22, 0x3a, 0x22, 0x74, 0x72, 0x22, 0x2c, 0x22, 0x70,
  0x22, 0x3a, 0x7b, 0x22, 0x61, 0x22, 0x3a, 0x30, 0x2c, 0x22, 0x6b, 0x22,
  0x3a, 0x5b, 0x36, 0x32, 0x2c, 0x2d, 0x36, 0x30, 0x5d, 0x7d, 0x2c, 0x22,
  0x61, 0x22, 0x3a, 0x7b, 0x22, 0x61, 0x22, 0x3a, 0x30, 0x2c, 0x22, 0x6b,
  0x22, 0x3a, 0x5b, 0x30, 0x2c, 0x30, 0x5d, 0x7d, 0x2c, 0x22, 0x73, 0x22,
  0x3a, 0x7b, 0x22, 0x61, 0x22, 0x3a, 0x30, 0x2c, 0x22, 0x6b, 0x22, 0x3a,
  0x5b, 0x31, 0x30, 0x30, 0x2c, 0x31, 0x30, 0x30, 0x5d, 0x7d, 0x2c, 0x22,
  0x72, 0x22, 0x3a, 0x7b, 0x22, 0x61, 0x22, 0x3a, 0x30, 0x2c, 0x22, 0x6b,
  0x22, 0x3a, 0x30, 0x7d, 0x2c, 0x22, 0x6f, 0x22, 0x3a, 0x7b, 0x22, 0x61,
  0x22, 0x3a, 0x30, 0x2c, 0x22, 0x6b, 0x22, 0x3a, 0x31, 0x30, 0x30, 0x7d,
  0x7d, 0x5d, 0x7d, 0x5d, 0x2c, 0x22, 0x69, 0x70, 0x22, 0x3a, 0x30, 0x2c,
  0x22, 0x6f, 0x70, 0x22, 0x3a, 0x32, 0x37, 0x2c, 0x22, 0x73, 0x74, 0x22,
  0x3a, 0x30, 0x7d, 0x5d, 0x7d
};
const size_t default_attention_json_len = 5993;

const uint8_t default_celebrate_json[] = {
  0x7b, 0x22, 0x76, 0x22, 0x3a, 0x22, 0x35, 0x2e, 0x37, 0x2e, 0x33, 0x22,
  0x2c, 0x22, 0x6e, 0x6d, 0x22, 0x3a, 0x22, 0x63, 0x65, 0x6c, 0x65, 0x62,
  0x72, 0x61, 0x74, 0x65, 0x22, 0x2c, 0x22, 0x66, 0x72, 0x22, 0x3a, 0x33,
  0x30, 0x2c, 0x22, 0x69, 0x70, 0x22, 0x3a, 0x30, 0x2c, 0x22, 0x6f, 0x70,
  0x22, 0x3a, 0x36, 0x30, 0x2c, 0x22, 0x77, 0x22, 0x3a, 0x32, 0x30, 0x30,
  0x2c, 0x22, 0x68, 0x22, 0x3a, 0x32, 0x30, 0x30, 0x2c, 0x22, 0x64, 0x64,
  0x64, 0x22, 0x3a, 0x30, 0x2c, 0x22, 0x61, 0x73, 0x73, 0x65, 0x74, 0x73,
  0x22, 0x3a, 0x5b, 0x5d, 0x2c, 0x22, 0x6c, 0x61, 0x79, 0x65, 0x72, 0x73,
  0x22, 0x3a, 0x5b, 0x7b, 0x22, 0x74, 0x79, 0x22, 0x3a, 0x34, 0x2c, 0x22,
  0x6e, 0x6d, 0x22, 0x3a, 0x22, 0x70, 0x75, 0x70, 0x70, 0x65, 0x74, 0x22,
  0x2c, 0x22, 0x73, 0x72, 0x22, 0x3a, 0x31, 0x2c, 0x22, 0x6b, 0x73, 0x22,
  0x3a, 0x7b, 0x22, 0x70, 0x22, 0x3a, 0x7b, 0x22, 0x61, 0x22, 0x3a, 0x31,
  0x2c, 0x22, 0x6b, 0x22, 0x3a, 0x5b, 0x7b, 0x22, 0x74, 0x22, 0x3a, 0x30,
  0x2c, 0x22, 0x73, 0x22, 0x3a, 0x5b, 0x31, 0x30, 0x30, 0x2c, 0x31, 0x30,
  0x30, 0x2c, 0x30, 0x5d, 0x7d, 0x2c, 0x7b, 0x22, 0x74, 0x22, 0x3a, 0x31,
  0x35, 0x2c, 0x22, 0x73, 0x22, 0x3a, 0x5b, 0x31, 0x30, 0x30, 0x2c, 0x39,
  0x32, 0x2c, 0x30, 0x5d, 0x7d, 0x2c, 0x7b, 0x22, 0x74, 0x22, 0x3a, 0x33,
  0x30, 0x2c, 0x22, 0x73, 0x22, 0x3a, 0x5b, 0x31, 0x30, 0x30, 0x2c, 0x31,
  0x30, 0x32, 0x2c, 0x30, 0x5d, 0x7d, 0x2c, 0x7b, 0x22, 0x74, 0x22, 0x3a,
  0x34, 0x35, 0x2c, 0x22, 0x73, 0x22, 0x3a, 0x5b, 0x31, 0x30, 0x30, 0x2c,
  0x39, 0x34, 0x2c, 0x30, 0x5d, 0x7d, 0x2c, 0x7b, 0x22, 0x74, 0x22, 0x3a,
  0x36, 0x30, 0x2c, 0x22, 0x73, 0x22, 0x3a, 0x5b, 0x31, 0x30, 0x30, 0x2c,
  0x31, 0x30, 0x30, 0x2c, 0x30, 0x5d, 0x7d, 0x5d, 0x7d, 0x2c, 0x22, 0x61,
  0x22, 0x3a, 0x7b, 0x22, 0x61, 0x22, 0x3a, 0x30, 0x2c, 0x22, 0x6b, 0x22,
  0x3a, 0x5b, 0x30, 0x2c, 0x30, 0x2c, 0x30, 0x5d, 0x7d, 0x2c, 0x22, 0x73,
  0x22, 0x3a, 0x7b, 0x22, 0x61, 0x22, 0x3a, 0x31, 0x2c, 0x22, 0x6b, 0x22,
  0x3a, 0x5b, 0x7b, 0x22, 0x74, 0x22, 0x3a, 0x30, 0x2c, 0x22, 0x73, 0x22,
  0x3a, 0x5b, 0x31, 0x30, 0x30, 0x2c, 0x31, 0x30, 0x30, 0x5d, 0x7d, 0x2c,
  0x7b, 0x22, 0x74, 0x22, 0x3a, 0x31, 0x35, 0x2c, 0x22, 0x73, 0x22, 0x3a,
  0x5b, 0x31, 0x31, 0x32, 0x2c, 0x38, 0x38, 0x5d, 0x7d, 0x2c, 0x7b, 0x22,
  0x74, 0x22, 0x3a, 0x33, 0x30, 0x2c, 0x22, 0x73, 0x22, 0x3a, 0x5b, 0x39,
  0x30, 0x2c, 0x31, 0x31, 0x34, 0x5d, 0x7d, 0x2c, 0x7b, 0x22, 0x74, 0x22,
  0x3a, 0x34, 0x35, 0x2c, 0x22, 0x73, 0x22, 0x3a, 0x5b, 0x31, 0x31, 0x30,
  0x2c, 0x39, 0x32, 0x5d, 0x7d, 0x2c, 0x7b, 0x22, 0x74, 0x22, 0x3a, 0x36,
  0x30, 0x2c, 0x22, 0x73, 0x22, 0x3a, 0x5b, 0x31, 0x30, 0x30, 0x2c, 0x31,
  0x30, 0x30, 0x5d, 0x7d, 0x5d, 0x7d, 0x2c, 0x22, 0x72, 0x22, 0x3a, 0x7b,
  0x22, 0x61, 0x22, 0x3a, 0x31, 0x2c, 0x22, 0x6b, 0x22, 0x3a, 0x5b, 0x7b,
  0x22, 0x74, 0x22, 0x3a, 0x30, 0x2c, 0x22, 0x73, 0x22, 0x3a, 0x5b, 0x30,
  0x5d, 0x7d, 0x2c, 0x7b, 0x22, 0x74, 0x22, 0x3a, 0x31, 0x35, 0x2c, 0x22,
  0x73, 0x22, 0x3a, 0x5b, 0x2d, 0x31, 0x32, 0x5d, 0x7d, 0x2c, 0x7b, 0x22,
  0x74, 0x22, 0x3a, 0x33, 0x30, 0x2c, 0x22, 0x73, 0x22, 0x3a, 0x5b, 0x31,
  0x32, 0x5d, 0x7d, 0x2c, 0x7b, 0x22, 0x74, 0x22, 0x3a, 0x34, 0x35, 0x2c,
  0x22, 0x73, 0x22, 0x3a, 0x5b, 0x2d, 0x38, 0x5d, 0x7d, 0x2c, 0x7b, 0x22,
  0x74, 0x22, 0x3a, 0x36, 0x30, 0x2c, 0x22, 0x73, 0x22, 0x3a, 0x5b, 0x30,
  0x5d, 0x7d, 0x5d, 0x7d, 0x2c, 0x22, 0x6f, 0x22, 0x3a, 0x7b, 0x22, 0x61,
  0x22, 0x3a, 0x30, 0x2c, 0x22, 0x6b, 0x22, 0x3a, 0x31, 0x30, 0x30, 0x7d,
  0x7d, 0x2c, 0x22, 0x61, 0x6f, 0x22, 0x3a, 0x30, 0x2c, 0x22, 0x73, 0x68,
  0x61, 0x70, 0x65, 0x73, 0x22, 0x3a, 0x5b, 0x7b, 0x22, 0x74, 0x79, 0x22,
  0x3a, 0x22, 0x67, 0x72, 0x22, 0x2c, 0x22, 0x6e, 0x6d, 0x22, 0x3a, 0x22,
  0x61, 0x6e, 0x74, 0x65, 0x6e, 0x6e, 0x61, 0x22, 0x2c, 0x22, 0x69, 0x74,
  0x22, 0x3a, 0x5b, 0x7b, 0x22, 0x74, 0x79, 0x22, 0x3a, 0x22, 0x72, 0x63,
  0x22, 0x2c, 0x22, 0x64, 0x22, 0x3a, 0x31, 0x2c, 0x22, 0x73, 0x22, 0x3a,
  0x7b, 0x22, 0x61, 0x22, 0x3a, 0x30, 0x2c, 0x22, 0x6b, 0x22, 0x3a, 0x5b,
  0x34, 0x2c, 0x32, 0x32, 0x5d, 0x7d, 0x2c, 0x22, 0x70, 0x22, 0x3a, 0x7b,
  0x22, 0x61, 0x22, 0x3a, 0x30, 0x2c, 0x22, 0x6b, 0x22, 0x3a, 0x5b, 0x30,
  0x2c, 0x34, 0x5d, 0x7d, 0x2c, 0x22, 0x72, 0x22, 0x3a, 0x7b, 0x22, 0x61,
  0x22, 0x3a, 0x30, 0x2c, 0x22, 0x6b, 0x22, 0x3a, 0x32, 0x7d, 0x2c, 0x22,
  0x6e, 0x6d, 0x22, 0x3a, 0x22, 0x72, 0x63, 0x22, 0x7d, 0x2c, 0x7b, 0x22,
  0x74, 0x79, 0x22, 0x3a, 0x22, 0x66, 0x6c, 0x22, 0x2c, 0x22, 0x63, 0x22,
  0x3a, 0x7b, 0x22, 0x61, 0x22, 0x3a, 0x30, 0x2c, 0x22, 0x6b, 0x22, 0x3a,
  0x5b, 0x30, 0x2e, 0x30, 0x33, 0x39, 0x2c, 0x30, 0x2e, 0x30, 0x33, 0x39,
  0x2c, 0x30, 0x2e, 0x30, 0x33, 0x39, 0x2c, 0x31, 0x5d, 0x7d, 0x2c, 0x22,
  0x6f, 0x22, 0x3a, 0x7b, 0x22, 0x61, 0x22, 0x3a, 0x30, 0x2c, 0x22, 0x6b,
  0x22, 0x3a, 0x31, 0x30, 0x30, 0x7d, 0x2c, 0x22, 0x72, 0x22, 0x3a, 0x31,
  0x2c, 0x22, 0x6e, 0x6d, 0x22, 0x3a, 0x22, 0x66, 0x6c, 0x22, 0x7d, 0x2c,
  0x7b, 0x22, 0x74, 0x79, 0x22, 0x3a, 0x22, 0x65, 0x6c, 0x22, 0x2c, 0x22,
  0x64, 0x22, 0x3a, 0x31, 0x2c, 0x22, 0x73, 0x22, 0x3a, 0x7b, 0x22, 0x61,
  0x22, 0x3a, 0x30, 0x2c, 0x22, 0x6b, 0x22, 0x3a, 0x5b, 0x31, 0x36, 0x2c,
  0x31, 0x36, 0x5d, 0x7d, 0x2c, 0x22, 0x70, 0x22, 0x3a, 0x7b, 0x22, 0x61,
  0x22, 0x3a, 0x30, 0x2c, 0x22, 0x6b, 0x22, 0x3a, 0x5b, 0x30, 0x2c, 0x2d,
  0x31, 0x30, 0x5d, 0x7d, 0x2c, 0x22, 0x6e, 0x6d, 0x22, 0x3a, 0x22, 0x65,
  0x6c, 0x22, 0x7d, 0x2c, 0x7b, 0x22, 0x74, 0x79, 0x22, 0x3a, 0x22, 0x66,
  0x6c, 0x22, 0x2c, 0x22, 0x63, 0x22, 0x3a, 0x7b, 0x22, 0x61, 0x22, 0x3a,
  0x30, 0x2c, 0x22, 0x6b, 0x22, 0x3a, 0x5b, 0x30, 0x2c, 0x30, 0x2e, 0x38,
  0x39, 0x38, 0x2c, 0x30, 0x2e, 0x36, 0x32, 0x37, 0x2c, 0x31, 0x5d, 0x7d,
  0x2c, 0x22, 0x6f, 0x22, 0x3a, 0x7b, 0x22, 0x61, 0x22, 0x3a, 0x30, 0x2c,
  0x22, 0x6b, 0x22, 0x3a, 0x31, 0x30, 0x30, 0x7d, 0x2c, 0x22, 0x72, 0x22,
  0x3a, 0x31, 0x2c, 0x22, 0x6e, 0x6d, 0x22, 0x3a, 0x22, 0x66, 0x6c, 0x22,
  0x7d, 0x2c, 0x7b, 0x22, 0x74, 0x79, 0x22, 0x3a, 0x22, 0x65, 0x6c, 0x22,
  0x2c, 0x22, 0x64, 0x22, 0x3a, 0x31, 0x2c, 0x22, 0x73, 0x22, 0x3a, 0x7b,
  0x22, 0x61, 0x22, 0x3a, 0x30, 0x2c, 0x22, 0x6b, 0x22, 0x3a, 0x5b, 0x36,
  0x2c, 0x36, 0x5d, 0x7d, 0x2c, 0x22, 0x70, 0x22, 0x3a, 0x7b, 0x22, 0x61,
  0x22, 0x3a, 0x30, 0x2c, 0x22, 0x6b, 0x22, 0x3a, 0x5b, 0x2d, 0x33, 0x2c,
  0x2d, 0x31, 0x33, 0x5d, 0x7d, 0x2c, 0x22, 0x6e, 0x6d, 0x22, 0x3a, 0x22,
  0x65, 0x6c, 0x22, 0x7d, 0x2c, 0x7b, 0x22, 0x74, 0x79, 0x22, 0x3a, 0x22,
  0x66, 0x6c, 0x22, 0x2c, 0x22, 0x63, 0x22, 0x3a, 0x7b, 0x22, 0x61, 0x22,
  0x3a, 0x30, 0x2c, 0x22, 0x6b, 0x22, 0x3a, 0x5b, 0x31, 0x2c, 0x31, 0x2c,
  0x31, 0x2c, 0x31, 0x5d, 0x7d, 0x2c, 0x22, 0x6f, 0x22, 0x3a, 0x7b, 0x22,
  0x61, 0x22, 0x3a, 0x30, 0x2c, 0x22, 0x6b, 0x22, 0x3a, 0x38, 0x30, 0x7d,
  0x2c, 0x22, 0x72, 0x22, 0x3a, 0x31, 0x2c, 0x22, 0x6e, 0x6d, 0x22, 0x3a,
  0x22, 0x66, 0x6c, 0x22, 0x7d, 0x2c, 0x7b, 0x22, 0x74, 0x79, 0x22, 0x3a,
  0x22, 0x74, 0x72, 0x22, 0x2c, 0x22, 0x70, 0x22, 0x3a, 0x7b, 0x22, 0x61,
  0x22, 0x3a, 0x30, 0x2c, 0x22, 0x6b, 0x22, 0x3a, 0x5b, 0x30, 0x2c, 0x2d,
  0x37, 0x38, 0x5d, 0x7d, 0x2c, 0x22, 0x61, 0x22, 0x3a, 0x7b, 0x22, 0x61,
  0x22, 0x3a, 0x30, 0x2c, 0x22, 0x6b, 0x22, 0x3a, 0x5b, 0x30, 0x2c, 0x30,
  0x5d, 0x7d, 0x2c, 0x22, 0x73, 0x22, 0x3a, 0x7b, 0x22, 0x61, 0x22, 0x3a,
  0x30, 0x2c, 0x22, 0x6b, 0x22, 0x3a, 0x5b, 0x31, 0x30, 0x30, 0x2c, 0x31,
  0x30, 0x30, 0x5d, 0x7d, 0x2c, 0x22, 0x72, 0x22, 0x3a, 0x7b, 0x22, 0x61,
  0x22, 0x3a, 0x30, 0x2c, 0x22, 0x6b, 0x22, 0x3a, 0x30, 0x7d, 0x2c, 0x22,
  0x6f, 0x22, 0x3a, 0x7b, 0x22, 0x61, 0x22, 0x3a, 0x30, 0x2c, 0x22, 0x6b,
  0x22, 0x3a, 0x31, 0x30, 0x30, 0x7d, 0x7d, 0x5d, 0x7d, 0x2c, 0x7b, 0x22,
  0x74, 0x79, 0x22, 0x3a, 0x22, 0x67, 0x72, 0x22, 0x2c, 0x22, 0x6e, 0x6d,
  0x22, 0x3a, 0x22, 0x62, 0x6f, 0x64, 0x79, 0x22, 0x2c, 0x22, 0x69, 0x74,
  0x22, 0x3a, 0x5b, 0x7b, 0x22, 0x74, 0x79, 0x22, 0x3a, 0x22, 0x72, 0x63,
  0x22, 0x2c, 0x22, 0x64, 0x22, 0x3a, 0x31, 0x2c, 0x22, 0x73, 0x22, 0x3a,
  0x7b, 0x22, 0x61, 0x22, 0x3a, 0x30, 0x2c, 0x22, 0x6b, 0x22, 0x3a, 0x5b,
  0x31, 0x31, 0x38, 0x2c, 0x31, 0x38, 0x5d, 0x7d, 0x2c, 0x22, 0x70, 0x22,
  0x3a, 0x7b, 0x22, 0x61, 0x22, 0x3a, 0x30, 0x2c, 0x22, 0x6b, 0x22, 0x3a,
  0x5b, 0x30, 0x2c, 0x34, 0x35, 0x5d, 0x7d, 0x2c, 0x22, 0x72, 0x22, 0x3a,
  0x7b, 0x22, 0x61, 0x22, 0x3a, 0x30, 0x2c, 0x22, 0x6b, 0x22, 0x3a, 0x31,
  0x32, 0x7d, 0x2c, 0x22, 0x6e, 0x6d, 0x22, 0x3a, 0x22, 0x72, 0x63, 0x22,
  0x7d, 0x2c, 0x7b, 0x22, 0x74, 0x79, 0x22, 0x3a, 0x22, 0x66, 0x6c, 0x22,
  0x2c, 0x22, 0x63, 0x22, 0x3a, 0x7b, 0x22, 0x61, 0x22, 0x3a, 0x30, 0x2c,
  0x22, 0x6b, 0x22, 0x3a, 0x5b, 0x30, 0x2e, 0x37, 0x36, 0x31, 0x2c, 0x30,
  0x2e, 0x33, 0x31, 0x2c, 0x30, 0x2e, 0x30, 0x33, 0x31, 0x2c, 0x31, 0x5d,
  0x7d, 0x2c, 0x22, 0x6f, 0x22, 0x3a, 0x7b, 0x22, 0x61, 0x22, 0x3a, 0x30,
  0x2c, 0x22, 0x6b, 0x22, 0x3a, 0x36, 0x30, 0x7d, 0x2c, 0x22, 0x72, 0x22,
  0x3a, 0x31, 0x2c, 0x22, 0x6e, 0x6d, 0x22, 0x3a, 0x22, 0x66, 0x6c, 0x22,
  0x7d, 0x2c, 0x7b, 0x22, 0x74, 0x79, 0x22, 0x3a, 0x22, 0x72, 0x63, 0x22,
  0x2c, 0x22, 0x64, 0x22, 0x3a, 0x31, 0x2c, 0x22, 0x73, 0x22, 0x3a, 0x7b,
  0x22, 0x61, 0x22, 0x3a, 0x30, 0x2c, 0x22, 0x6b, 0x22, 0x3a, 0x5b, 0x31,
  0x33, 0x38, 0x2c, 0x31, 0x31, 0x38, 0x5d, 0x7d, 0x2c, 0x22, 0x70, 0x22,
  0x3a, 0x7b, 0x22, 0x61, 0x22, 0x3a, 0x30, 0x2c, 0x22, 0x6b, 0x22, 0x3a,
  0x5b, 0x30, 0x2c, 0x30, 0x5d, 0x7d, 0x2c, 0x22, 0x72, 0x22, 0x3a, 0x7b,
  0x22, 0x61, 0x22, 0x3a, 0x30, 0x2c, 0x22, 0x6b, 0x22, 0x3a, 0x33, 0x36,
  0x7d, 0x2c, 0x22, 0x6e, 0x6d, 0x22, 0x3a, 0x22, 0x72, 0x63, 0x22, 0x7d,
  0x2c, 0x7b, 0x22, 0x74, 0x79, 0x22, 0x3a, 0x22, 0x66, 0x6c, 0x22, 0x2c,
  0x22, 0x63, 0x22, 0x3a, 0x7b, 0x22, 0x61, 0x22, 0x3a, 0x30, 0x2c, 0x22,
  0x6b, 0x22, 0x3a, 0x5b, 0x31, 0x2c, 0x30, 0x2e, 0x34, 0x32, 0x2c, 0x30,
  0x2e, 0x31, 0x30, 0x32, 0x2c, 0x31, 0x5d, 0x7d, 0x2c, 0x22, 0x6f, 0x22,
  0x3a, 0x7b, 0x22, 0x61, 0x22, 0x3a, 0x30, 0x2c, 0x22, 0x6b, 0x22, 0x3a,
  0x31, 0x30, 0x30, 0x7d, 0x2c, 0x22, 0x72, 0x22, 0x3a, 0x31, 0x2c, 0x22,
  0x6e, 0x6d, 0x22, 0x3a, 0x22, 0x66, 0x6c, 0x22, 0x7d, 0x2c, 0x7b, 0x22,
  0x74, 0x79, 0x22, 0x3a, 0x22, 0x73, 0x74, 0x22, 0x2c, 0x22, 0x63, 0x22,
  0x3a, 0x7b, 0x22, 0x61, 0x22, 0x3a, 0x30, 0x2c, 0x22, 0x6b, 0x22, 0x3a,
  0x5b, 0x30, 0x2e, 0x30, 0x33, 0x39, 0x2c, 0x30, 0x2e, 0x30, 0x33, 0x39,
  0x2c, 0x30, 0x2e, 0x30, 0x33, 0x39, 0x2c, 0x31, 0x5d, 0x7d, 0x2c, 0x22,
  0x6f, 0x22, 0x3a, 0x7b, 0x22, 0x61, 0x22, 0x3a, 0x30, 0x2c, 0x22, 0x6b,
  0x22, 0x3a, 0x31, 0x30, 0x30, 0x7d, 0x2c, 0x22, 0x77, 0x22, 0x3a, 0x34,
  0x2c, 0x22, 0x6c, 0x63, 0x22, 0x3a, 0x32, 0x2c, 0x22, 0x6c, 0x6a, 0x22,
  0x3a, 0x32, 0x2c, 0x22, 0x6e, 0x6d, 0x22, 0x3a, 0x22, 0x73, 0x74, 0x22,
  0x7d, 0x2c, 0x7b, 0x22, 0x74, 0x79, 0x22, 0x3a, 0x22, 0x74, 0x72, 0x22,
  0x2c, 0x22, 0x70, 0x22, 0x3a, 0x7b, 0x22, 0x61, 0x22, 0x3a, 0x30, 0x2c,
  0x22, 0x6b, 0x22, 0x3a, 0x5b, 0x30, 0x2c, 0x30, 0x5d, 0x7d, 0x2c, 0x22,
  0x61, 0x22, 0x3a, 0x7b, 0x22, 0x61, 0x22, 0x3a, 0x30, 0x2c, 0x22, 0x6b,
  0x22, 0x3a, 0x5b, 0x30, 0x2c, 0x30, 0x5d, 0x7d, 0x2c, 0x22, 0x73, 0x22,
  0x3a, 0x7b, 0x22, 0x61, 0x22, 0x3a, 0x30, 0x2c, 0x22, 0x6b, 0x22, 0x3a,
  0x5b, 0x31, 0x30, 0x30, 0x2c, 0x31, 0x30, 0x30, 0x5d, 0x7d, 0x2c, 0x22,
  0x72, 0x22, 0x3a, 0x7b, 0x22, 0x61, 0x22, 0x3a, 0x30, 0x2c, 0x22, 0x6b,
  0x22, 0x3a, 0x30, 0x7d, 0x2c, 0x22, 0x6f, 0x22, 0x3a, 0x7b, 0x22, 0x61,
  0x22, 0x3a, 0x30, 0x2c, 0x22, 0x6b, 0x22, 0x3a, 0x31, 0x30, 0x30, 0x7d,
  0x7d, 0x5d, 0x7d, 0x2c, 0x7b, 0x22, 0x74, 0x79, 0x22, 0x3a, 0x22, 0x67,
  0x72, 0x22, 0x2c, 0x22, 0x6e, 0x6d, 0x22, 0x3a, 0x22, 0x76, 0x69, 0x73,
  0x6f, 0x72, 0x22, 0x2c, 0x22, 0x69, 0x74, 0x22, 0x3a, 0x5b, 0x7b, 0x22,
  0x74, 0x79, 0x22, 0x3a, 0x22, 0x72, 0x63, 0x22, 0x2c, 0x22, 0x64, 0x22,
  0x3a, 0x31, 0x2c, 0x22, 0x73, 0x22, 0x3a, 0x7b, 0x22, 0x61, 0x22, 0x3a,
  0x30, 0x2c, 0x22, 0x6b, 0x22, 0x3a, 0x5b, 0x31, 0x30, 0x34, 0x2c, 0x35,
  0x32, 0x5d, 0x7d, 0x2c, 0x22, 0x70, 0x22, 0x3a, 0x7b, 0x22, 0x61, 0x22,
  0x3a, 0x30, 0x2c, 0x22, 0x6b, 0x22, 0x3a, 0x5b, 0x30, 0x2c, 0x2d, 0x36,
  0x5d, 0x7d, 0x2c, 0x22, 0x72, 0x22, 0x3a, 0x7b, 0x22, 0x61, 0x22, 0x3a,
  0x30, 0x2c, 0x22, 0x6b, 0x22, 0x3a, 0x32, 0x34, 0x7d, 0x2c, 0x22, 0x6e,
  0x6d, 0x22, 0x3a, 0x22, 0x72, 0x63, 0x22, 0x7d, 0x2c, 0x7b, 0x22, 0x74,
  0x79, 0x22, 0x3a, 0x22, 0x66, 0x6c, 0x22, 0x2c, 0x22, 0x63, 0x22, 0x3a,
  0x7b, 0x22, 0x61, 0x22, 0x3a, 0x30, 0x2c, 0x22, 0x6b, 0x22, 0x3a, 0x5b,
  0x30, 0x2e, 0x30, 0x33, 0x39, 0x2c, 0x30, 0x2e, 0x30, 0x33, 0x39, 0x2c,
  0x30, 0x2e, 0x30, 0x33, 0x39, 0x2c, 0x31, 0x5d, 0x7d, 0x2c, 0x22, 0x6f,
  0x22, 0x3a, 0x7b, 0x22, 0x61, 0x22, 0x3a, 0x30, 0x2c, 0x22, 0x6b, 0x22,
  0x3a, 0x31, 0x30, 0x30, 0x7d, 0x2c, 0x22, 0x72, 0x22, 0x3a, 0x31, 0x2c,
  0x22, 0x6e, 0x6d, 0x22, 0x3a, 0x22, 0x66, 0x6c, 0x22, 0x7d, 0x2c, 0x7b,
  0x22, 0x74, 0x79, 0x22, 0x3a, 0x22, 0x74, 0x72, 0x22, 0x2c, 0x22, 0x70,
  0x22, 0x3a, 0x7b, 0x22, 0x61, 0x22, 0x3a, 0x30, 0x2c, 0x22, 0x6b, 0x22,
  0x3a, 0x5b, 0x30, 0x2c, 0x30, 0x5d, 0x7d, 0x2c, 0x22, 0x61, 0x22, 0x3a,
  0x7b, 0x22, 0x61, 0x22, 0x3a, 0x30, 0x2c, 0x22, 0x6b, 0x22, 0x3a, 0x5b,
  0x30, 0x2c, 0x30, 0x5d, 0x7d, 0x2c, 0x22, 0x73, 0x22, 0x3a, 0x7b, 0x22,
  0x61, 0x22, 0x3a, 0x30, 0x2c, 0x22, 0x6b, 0x22, 0x3a, 0x5b, 0x31, 0x30,
  0x30, 0x2c, 0x31, 0x30, 0x30, 0x5d, 0x7d, 0x2c, 0x22, 0x72, 0x22, 0x3a,
  0x7b, 0x22, 0x61, 0x22, 0x3a, 0x30, 0x2c, 0x22, 0x6b, 0x22, 0x3a, 0x30,
  0x7d, 0x2c, 0x22, 0x6f, 0x22, 0x3a, 0x7b, 0x22, 0x61, 0x22, 0x3a, 0x30,
  0x2c, 0x22, 0x6b, 0x22, 0x3a, 0x31, 0x30, 0x30, 0x7d, 0x7d, 0x5d, 0x7d,
  0x2c, 0x7b, 0x22, 0x74, 0x79, 0x22, 0x3a, 0x22, 0x67, 0x72, 0x22, 0x2c,
  0x22, 0x6e, 0x6d, 0x22, 0x3a, 0x22, 0x63, 0x68, 0x65, 0x65, 0x6b, 0x73,
  0x22, 0x2c, 0x22, 0x69, 0x74, 0x22, 0x3a, 0x5b, 0x7b, 0x22, 0x74, 0x79,
  0x22, 0x3a, 0x22, 0x65, 0x6c, 0x22, 0x2c, 0x22, 0x64, 0x22, 0x3a, 0x31,
  0x2c, 0x22, 0x73, 0x22, 0x3a, 0x7b, 0x22, 0x61, 0x22, 0x3a, 0x30, 0x2c,
  0x22, 0x6b, 0x22, 0x3a, 0x5b, 0x31, 0x34, 0x2c, 0x38, 0x5d, 0x7d, 0x2c,
  0x22, 0x70, 0x22, 0x3a, 0x7b, 0x22, 0x61, 0x22, 0x3a, 0x30, 0x2c, 0x22,
  0x6b, 0x22, 0x3a, 0x5b, 0x2d, 0x34, 0x34, 0x2c, 0x32, 0x32, 0x5d, 0x7d,
  0x2c, 0x22, 0x6e, 0x6d, 0x22, 0x3a, 0x22, 0x65, 0x6c, 0x22, 0x7d, 0x2c,
  0x7b, 0x22, 0x74, 0x79, 0x22, 0x3a, 0x22, 0x66, 0x6c, 0x22, 0x2c, 0x22,
  0x63, 0x22, 0x3a, 0x7b, 0x22, 0x61, 0x22, 0x3a, 0x30, 0x2c, 0x22, 0x6b,
  0x22, 0x3a, 0x5b, 0x31, 0x2c, 0x30, 0x2e, 0x33, 0x33, 0x33, 0x2c, 0x30,
  0x2e, 0x34, 0x36, 0x37, 0x2c, 0x31, 0x5d, 0x7d, 0x2c, 0x22, 0x6f, 0x22,
  0x3a, 0x7b, 0x22, 0x61, 0x22, 0x3a, 0x30, 0x2c, 0x22, 0x6b, 0x22, 0x3a,
  0x35, 0x35, 0x7d, 0x2c, 0x22, 0x72, 0x22, 0x3a, 0x31, 0x2c, 0x22, 0x6e,
  0x6d, 0x22, 0x3a, 0x22, 0x66, 0x6c, 0x22, 0x7d, 0x2c, 0x7b, 0x22, 0x74,
  0x79, 0x22, 0x3a, 0x22, 0x65, 0x6c, 0x22, 0x2c, 0x22, 0x64, 0x22, 0x3a,
  0x31, 0x2c, 0x22, 0x73, 0x22, 0x3a, 0x7b, 0x22, 0x61, 0x22, 0x3a, 0x30,
  0x2c, 0x22, 0x6b, 0x22, 0x3a, 0x5b, 0x31, 0x34, 0x2c, 0x38, 0x5d, 0x7d,
  0x2c, 0x22, 0x70, 0x22, 0x3a, 0x7b, 0x22, 0x61, 0x22, 0x3a, 0x30, 0x2c,
  0x22, 0x6b, 0x22, 0x3a, 0x5b, 0x34, 0x34, 0x2c, 0x32, 0x32, 0x5d, 0x7d,
  0x2c, 0x22, 0x6e, 0x6d, 0x22, 0x3a, 0x22, 0x65, 0x6c, 0x22, 0x7d, 0x2c,
  0x7b, 0x22, 0x74, 0x79, 0x22, 0x3a, 0x22, 0x66, 0x6c, 0x22, 0x2c, 0x22,
  0x63, 0x22, 0x3a, 0x7b, 0x22, 0x61, 0x22, 0x3a, 0x30, 0x2c, 0x22, 0x6b,
  0x22, 0x3a, 0x5b, 0x31, 0x2c, 0x30, 0x2e, 0x33, 0x33, 0x33, 0x2c, 0x30,
  0x2e, 0x34, 0x36, 0x37, 0x2c, 0x31, 0x5d, 0x7d, 0x2c, 0x22, 0x6f, 0x22,
  0x3a, 0x7b, 0x22, 0x61, 0x22, 0x3a, 0x30, 0x2c, 0x22, 0x6b, 0x22, 0x3a,
  0x35, 0x35, 0x7d, 0x2c, 0x22, 0x72, 0x22, 0x3a, 0x31, 0x2c, 0x22, 0x6e,
  0x6d, 0x22, 0x3a, 0x22, 0x66, 0x6c, 0x22, 0x7d, 0x2c, 0x7b, 0x22, 0x74,
  0x79, 0x22, 0x3a, 0x22, 0x74, 0x72, 0x22, 0x2c, 0x22, 0x70, 0x22, 0x3a,
  0x7b, 0x22, 0x61, 0x22, 0x3a, 0x30, 0x2c, 0x22, 0x6b, 0x22, 0x3a, 0x5b,
  0x30, 0x2c, 0x30, 0x5d, 0x7d, 0x2c, 0x22, 0x61, 0x22, 0x3a, 0x7b, 0x22,
  0x61, 0x22, 0x3a, 0x30, 0x2c, 0x22, 0x6b, 0x22, 0x3a, 0x5b, 0x30, 0x2c,
  0x30, 0x5d, 0x7d, 0x2c, 0x22, 0x73, 0x22, 0x3a, 0x7b, 0x22, 0x61, 0x22,
  0x3a, 0x30, 0x2c, 0x22, 0x6b, 0x22, 0x3a, 0x5b, 0x31, 0x30, 0x30, 0x2c,
  0x31, 0x30, 0x30, 0x5d, 0x7d, 0x2c, 0x22, 0x72, 0x22, 0x3a, 0x7b, 0x22,
  0x61, 0x22, 0x3a, 0x30, 0x2c, 0x22, 0x6b, 0x22, 0x3a, 0x30, 0x7d, 0x2c,
  0x22, 0x6f, 0x22, 0x3a, 0x7b, 0x22, 0x61, 0x22, 0x3a, 0x30, 0x2c, 0x22,
  0x6b, 0x22, 0x3a, 0x31, 0x30, 0x30, 0x7d, 0x7d, 0x5d, 0x7d, 0x2c, 0x7b,
  0x22, 0x74, 0x79, 0x22, 0x3a, 0x22, 0x67, 0x72, 0x22, 0x2c, 0x22, 0x6e,
  0x6d, 0x22, 0x3a, 0x22, 0x65, 0x79, 0x65, 0x53, 0x74, 0x2d, 0x31, 0x22,
  0x2c, 0x22, 0x69, 0x74, 0x22, 0x3a, 0x5b, 0x7b, 0x22, 0x74, 0x79, 0x22,
  0x3a, 0x22, 0x65, 0x6c, 0x22, 0x2c, 0x22, 0x64, 0x22, 0x3a, 0x31, 0x2c,
  0x22, 0x73, 0x22, 0x3a, 0x7b, 0x22, 0x61, 0x22, 0x3a, 0x30, 0x2c, 0x22,
  0x6b, 0x22, 0x3a, 0x5b, 0x32, 0x32, 0x2c, 0x32, 0x34, 0x5d, 0x7d, 0x2c,
  0x22, 0x70, 0x22, 0x3a, 0x7b, 0x22, 0x61, 0x22, 0x3a, 0x30, 0x2c, 0x22,
  0x6b, 0x22, 0x3a, 0x5b, 0x30, 0x2c, 0x30, 0x5d, 0x7d, 0x2c, 0x22, 0x6e,
  0x6d, 0x22, 0x3a, 0x22, 0x65, 0x6c, 0x22, 0x7d, 0x2c, 0x7b, 0x22, 0x74,
  0x79, 0x22, 0x3a, 0x22, 0x66, 0x6c, 0x22, 0x2c, 0x22, 0x63, 0x22, 0x3a,
  0x7b, 0x22, 0x61, 0x22, 0x3a, 0x30, 0x2c, 0x22, 0x6b, 0x22, 0x3a, 0x5b,
  0x31, 0x2c, 0x30, 0x2e, 0x38, 0x33, 0x31, 0x2c, 0x30, 0x2e, 0x32, 0x37,
  0x38, 0x2c, 0x31, 0x5d, 0x7d, 0x2c, 0x22, 0x6f, 0x22, 0x3a, 0x7b, 0x22,
  0x61, 0x22, 0x3a, 0x30, 0x2c, 0x22, 0x6b, 0x22, 0x3a, 0x31, 0x30, 0x30,
  0x7d, 0x2c, 0x22, 0x72, 0x22, 0x3a, 0x31, 0x2c, 0x22, 0x6e, 0x6d, 0x22,
  0x3a, 0x22, 0x66, 0x6c, 0x22, 0x7d, 0x2c, 0x7b, 0x22, 0x74, 0x79, 0x22,
  0x3a, 0x22, 0x72, 0x63, 0x22, 0x2c, 0x22, 0x64, 0x22, 0x3a, 0x31, 0x2c,
  0x22, 0x73, 0x22, 0x3a, 0x7b, 0x22, 0x61, 0x22, 0x3a, 0x30, 0x2c, 0x22,
  0x6b, 0x22, 0x3a, 0x5b, 0x35, 0x2c, 0x32, 0x32, 0x5d, 0x7d, 0x2c, 0x22,
  0x70, 0x22, 0x3a, 0x7b, 0x22, 0x61, 0x22, 0x3a, 0x30, 0x2c, 0x22, 0x6b,
  0x22, 0x3a, 0x5b, 0x30, 0x2c, 0x30, 0x5d, 0x7d, 0x2c, 0x22, 0x72, 0x22,
  0x3a, 0x7b, 0x22, 0x61, 0x22, 0x3a, 0x30, 0x2c, 0x22, 0x6b, 0x22, 0x3a,
  0x32, 0x7d, 0x2c, 0x22, 0x6e, 0x6d, 0x22, 0x3a, 0x22, 0x72, 0x63, 0x22,
  0x7d, 0x2c, 0x7b, 0x22, 0x74, 0x79, 0x22, 0x3a, 0x22, 0x66, 0x6c, 0x22,
  0x2c, 0x22, 0x63, 0x22, 0x3a, 0x7b, 0x22, 0x61, 0x22, 0x3a, 0x30, 0x2c,
  0x22, 0x6b, 0x22, 0x3a, 0x5b, 0x31, 0x2c, 0x31, 0x2c, 0x31, 0x2c, 0x31,
  0x5d, 0x7d, 0x2c, 0x22, 0x6f, 0x22, 0x3a, 0x7b, 0x22, 0x61, 0x22, 0x3a,
  0x30, 0x2c, 0x22, 0x6b, 0x22, 0x3a, 0x31, 0x30, 0x30, 0x7d, 0x2c, 0x22,
  0x72, 0x22, 0x3a, 0x31, 0x2c, 0x22, 0x6e, 0x6d, 0x22, 0x3a, 0x22, 0x66,
  0x6c, 0x22, 0x7d, 0x2c, 0x7b, 0x22, 0x74, 0x79, 0x22, 0x3a, 0x22, 0x72,
  0x63, 0x22, 0x2c, 0x22, 0x64, 0x22, 0x3a, 0x31, 0x2c, 0x22, 0x73, 0x22,
  0x3a, 0x7b, 0x22, 0x61, 0x22, 0x3a, 0x30, 0x2c, 0x22, 0x6b, 0x22, 0x3a,
  0x5b, 0x32, 0x32, 0x2c, 0x35, 0x5d, 0x7d, 0x2c, 0x22, 0x70, 0x22, 0x3a,
  0x7b, 0x22, 0x61, 0x22, 0x3a, 0x30, 0x2c, 0x22, 0x6b, 0x22, 0x3a, 0x5b,
  0x30, 0x2c, 0x30, 0x5d, 0x7d, 0x2c, 0x22, 0x72, 0x22, 0x3a, 0x7b, 0x22,
  0x61, 0x22, 0x3a, 0x30, 0x2c, 0x22, 0x6b, 0x22, 0x3a, 0x32, 0x7d, 0x2c,
  0x22, 0x6e, 0x6d, 0x22, 0x3a, 0x22, 0x72, 0x63, 0x22, 0x7d, 0x2c, 0x7b,
  0x22, 0x74, 0x79, 0x22, 0x3a, 0x22, 0x66, 0x6c, 0x22, 0x2c, 0x22, 0x63,
  0x22, 0x3a, 0x7b, 0x22, 0x61, 0x22, 0x3a, 0x30, 0x2c, 0x22, 0x6b, 0x22,
  0x3a, 0x5b, 0x31, 0x2c, 0x31, 0x2c, 0x31, 0x2c, 0x31, 0x5d, 0x7d, 0x2c,
  0x22, 0x6f, 0x22, 0x3a, 0x7b, 0x22, 0x61, 0x22, 0x3a, 0x30, 0x2c, 0x22,
  0x6b, 0x22, 0x3a, 0x31, 0x30, 0x30, 0x7d, 0x2c, 0x22, 0x72, 0x22, 0x3a,
  0x31, 0x2c, 0x22, 0x6e, 0x6d, 0x22, 0x3a, 0x22, 0x66, 0x6c, 0x22, 0x7d,
  0x2c, 0x7b, 0x22, 0x74, 0x79, 0x22, 0x3a, 0x22, 0x74, 0x72, 0x22, 0x2c,
  0x22, 0x70, 0x22, 0x3a, 0x7b, 0x22, 0x61, 0x22, 0x3a, 0x30, 0x2c, 0x22,
  0x6b, 0x22, 0x3a, 0x5b, 0x2d, 0x32, 0x32, 0x2c, 0x2d, 0x36, 0x5d, 0x7d,
  0x2c, 0x22, 0x61, 0x22, 0x3a, 0x7b, 0x22, 0x61, 0x22, 0x3a, 0x30, 0x2c,
  0x22, 0x6b, 0x22, 0x3a, 0x5b, 0x30, 0x2c, 0x30, 0x5d, 0x7d, 0x2c, 0x22,
  0x73, 0x22, 0x3a, 0x7b, 0x22, 0x61, 0x22, 0x3a, 0x30, 0x2c, 0x22, 0x6b,
  0x22, 0x3a, 0x5b, 0x31, 0x30, 0x30, 0x2c, 0x31, 0x30, 0x30, 0x5d, 0x7d,
  0x2c, 0x22, 0x72, 0x22, 0x3a, 0x7b, 0x22, 0x61, 0x22, 0x3a, 0x30, 0x2c,
  0x22, 0x6b, 0x22, 0x3a, 0x34, 0x35, 0x7d, 0x2c, 0x22, 0x6f, 0x22, 0x3a,
  0x7b, 0x22, 0x61, 0x22, 0x3a, 0x30, 0x2c, 0x22, 0x6b, 0x22, 0x3a, 0x31,
  0x30, 0x30, 0x7d, 0x7d, 0x5d, 0x7d, 0x2c, 0x7b, 0x22, 0x74, 0x79, 0x22,
  0x3a, 0x22, 0x67, 0x72, 0x22, 0x2c, 0x22, 0x6e, 0x6d, 0x22, 0x3a, 0x22,
  0x65, 0x79, 0x65, 0x53, 0x74, 0x31, 0x22, 0x2c, 0x22, 0x69, 0x74, 0x22,
  0x3a, 0x5b, 0x7b, 0x22, 0x74, 0x79, 0x22, 0x3a, 0x22, 0x65, 0x6c, 0x22,
  0x2c, 0x22, 0x64, 0x22, 0x3a, 0x31, 0x2c, 0x22, 0x73, 0x22, 0x3a, 0x7b,
  0x22, 0x61, 0x22, 0x3a, 0x30, 0x2c, 0x22, 0x6b, 0x22, 0x3a, 0x5b, 0x32,
  0x32, 0x2c, 0x32, 0x34, 0x5d, 0x7d, 0x2c, 0x22, 0x70, 0x22, 0x3a, 0x7b,
  0x22, 0x61, 0x22, 0x3a, 0x30, 0x2c, 0x22, 0x6b, 0x22, 0x3a, 0x5b, 0x30,
  0x2c, 0x30, 0x5d, 0x7d, 0x2c, 0x22, 0x6e, 0x6d, 0x22, 0x3a, 0x22, 0x65,
  0x6c, 0x22, 0x7d, 0x2c, 0x7b, 0x22, 0x74, 0x79, 0x22, 0x3a, 0x22, 0x66,
  0x6c, 0x22, 0x2c, 0x22, 0x63, 0x22, 0x3a, 0x7b, 0x22, 0x61, 0x22, 0x3a,
  0x30, 0x2c, 0x22, 0x6b, 0x22, 0x3a, 0x5b, 0x31, 0x2c, 0x30, 0x2e, 0x38,
  0x33, 0x31, 0x2c, 0x30, 0x2e, 0x32, 0x37, 0x38, 0x2c, 0x31, 0x5d, 0x7d,
  0x2c, 0x22, 0x6f, 0x22, 0x3a, 0x7b, 0x22, 0x61, 0x22, 0x3a, 0x30, 0x2c,
  0x22, 0x6b, 0x22, 0x3a, 0x31, 0x30, 0x30, 0x7d, 0x2c, 0x22, 0x72, 0x22,
  0x3a, 0x31, 0x2c, 0x22, 0x6e, 0x6d, 0x22, 0x3a, 0x22, 0x66, 0x6c, 0x22,
  0x7d, 0x2c, 0x7b, 0x22, 0x74, 0x79, 0x22, 0x3a, 0x22, 0x72, 0x63, 0x22,
  0x2c, 0x22, 0x64, 0x22, 0x3a, 0x31, 0x2c, 0x22, 0x73, 0x22, 0x3a, 0x7b,
  0x22, 0x61, 0x22, 0x3a, 0x30, 0x2c, 0x22, 0x6b, 0x22, 0x3a, 0x5b, 0x35,
  0x2c, 0x32, 0x32, 0x5d, 0x7d, 0x2c, 0x22, 0x70, 0x22, 0x3a, 0x7b, 0x22,
  0x61, 0x22, 0x3a, 0x30, 0x2c, 0x22, 0x6b, 0x22, 0x3a, 0x5b, 0x30, 0x2c,
  0x30, 0x5d, 0x7d, 0x2c, 0x22, 0x72, 0x22, 0x3a, 0x7b, 0x22, 0x61, 0x22,
  0x3a, 0x30, 0x2c, 0x22, 0x6b, 0x22, 0x3a, 0x32, 0x7d, 0x2c, 0x22, 0x6e,
  0x6d, 0x22, 0x3a, 0x22, 0x72, 0x63, 0x22, 0x7d, 0x2c, 0x7b, 0x22, 0x74,
  0x79, 0x22, 0x3a, 0x22, 0x66, 0x6c, 0x22, 0x2c, 0x22, 0x63, 0x22, 0x3a,
  0x7b, 0x22, 0x61, 0x22, 0x3a, 0x30, 0x2c, 0x22, 0x6b, 0x22, 0x3a, 0x5b,
  0x31, 0x2c, 0x31, 0x2c, 0x31, 0x2c, 0x31, 0x5d, 0x7d, 0x2c, 0x22, 0x6f,
  0x22, 0x3a, 0x7b, 0x22, 0x61, 0x22, 0x3a, 0x30, 0x2c, 0x22, 0x6b, 0x22,
  0x3a, 0x31, 0x30, 0x30, 0x7d, 0x2c, 0x22, 0x72, 0x22, 0x3a, 0x31, 0x2c,
  0x22, 0x6e, 0x6d, 0x22, 0x3a, 0x22, 0x66, 0x6c, 0x22, 0x7d, 0x2c, 0x7b,
  0x22, 0x74, 0x79, 0x22, 0x3a, 0x22, 0x72, 0x63, 0x22, 0x2c, 0x22, 0x64,
  0x22, 0x3a, 0x31, 0x2c, 0x22, 0x73, 0x22, 0x3a, 0x7b, 0x22, 0x61, 0x22,
  0x3a, 0x30, 0x2c, 0x22, 0x6b, 0x22, 0x3a, 0x5b, 0x32, 0x32, 0x2c, 0x35,
  0x5d, 0x7d, 0x2c, 0x22, 0x70, 0x22, 0x3a, 0x7b, 0x22, 0x61, 0x22, 0x3a,
  0x30, 0x2c, 0x22, 0x6b, 0x22, 0x3a, 0x5b, 0x30, 0x2c, 0x30, 0x5d, 0x7d,
  0x2c, 0x22, 0x72, 0x22, 0x3a, 0x7b, 0x22, 0x61, 0x22, 0x3a, 0x30, 0x2c,
  0x22, 0x6b, 0x22, 0x3a, 0x32, 0x7d, 0x2c, 0x22, 0x6e, 0x6d, 0x22, 0x3a,
  0x22, 0x72, 0x63, 0x22, 0x7d, 0x2c, 0x7b, 0x22, 0x74, 0x79, 0x22, 0x3a,
  0x22, 0x66, 0x6c, 0x22, 0x2c, 0x22, 0x63, 0x22, 0x3a, 0x7b, 0x22, 0x61,
  0x22, 0x3a, 0x30, 0x2c, 0x22, 0x6b, 0x22, 0x3a, 0x5b, 0x31, 0x2c, 0x31,
  0x2c, 0x31, 0x2c, 0x31, 0x5d, 0x7d, 0x2c, 0x22, 0x6f, 0x22, 0x3a, 0x7b,
  0x22, 0x61, 0x22, 0x3a, 0x30, 0x2c, 0x22, 0x6b, 0x22, 0x3a, 0x31, 0x30,
  0x30, 0x7d, 0x2c, 0x22, 0x72, 0x22, 0x3a, 0x31, 0x2c, 0x22, 0x6e, 0x6d,
  0x22, 0x3a, 0x22, 0x66, 0x6c, 0x22, 0x7d, 0x2c, 0x7b, 0x22, 0x74, 0x79,
  0x22, 0x3a, 0x22, 0x74, 0x72, 0x22, 0x2c, 0x22, 0x70, 0x22, 0x3a, 0x7b,
  0x22, 0x61, 0x22, 0x3a, 0x30, 0x2c, 0x22, 0x6b, 0x22, 0x3a, 0x5b, 0x32,
  0x32, 0x2c, 0x2d, 0x36, 0x5d, 0x7d, 0x2c, 0x22, 0x61, 0x22, 0x3a, 0x7b,
  0x22, 0x61, 0x22, 0x3a, 0x30, 0x2c, 0x22, 0x6b, 0x22, 0x3a, 0x5b, 0x30,
  0x2c, 0x30, 0x5d, 0x7d, 0x2c, 0x22, 0x73, 0x22, 0x3a, 0x7b, 0x22, 0x61,
  0x22, 0x3a, 0x30, 0x2c, 0x22, 0x6b, 0x22, 0x3a, 0x5b, 0x31, 0x30, 0x30,
  0x2c, 0x31, 0x30, 0x30, 0x5d, 0x7d, 0x2c, 0x22, 0x72, 0x22, 0x3a, 0x7b,
  0x22, 0x61, 0x22, 0x3a, 0x30, 0x2c, 0x22, 0x6b, 0x22, 0x3a, 0x34, 0x35,
  0x7d, 0x2c, 0x22, 0x6f, 0x22, 0x3a, 0x7b, 0x22, 0x61, 0x22, 0x3a, 0x30,
  0x2c, 0x22, 0x6b, 0x22, 0x3a, 0x31, 0x30, 0x30, 0x7d, 0x7d, 0x5d, 0x7d,
  0x2c, 0x7b, 0x22, 0x74, 0x79, 0x22, 0x3a, 0x22, 0x67, 0x72, 0x22, 0x2c,
  0x22, 0x6e, 0x6d, 0x22, 0x3a, 0x22, 0x6d, 0x6f, 0x75, 0x74, 0x68, 0x22,
  0x2c, 0x22, 0x69, 0x74, 0x22, 0x3a, 0x5b, 0x7b, 0x22, 0x74, 0x79, 0x22,
  0x3a, 0x22, 0x73, 0x68, 0x22, 0x2c, 0x22, 0x64, 0x22, 0x3a, 0x31, 0x2c,
  0x22, 0x6e, 0x6d, 0x22, 0x3a, 0x22, 0x73, 0x68, 0x22, 0x2c, 0x22, 0x6b,
  0x73, 0x22, 0x3a, 0x7b, 0x22, 0x61, 0x22, 0x3a, 0x30, 0x2c, 0x22, 0x6b,
  0x22, 0x3a, 0x7b, 0x22, 0x63, 0x22, 0x3a, 0x66, 0x61, 0x6c, 0x73, 0x65,
  0x2c, 0x22, 0x76, 0x22, 0x3a, 0x5b, 0x5b, 0x2d, 0x31, 0x34, 0x2c, 0x2d,
  0x32, 0x5d, 0x2c, 0x5b, 0x30, 0x2c, 0x31, 0x30, 0x5d, 0x2c, 0x5b, 0x31,
  0x34, 0x2c, 0x2d, 0x32, 0x5d, 0x5d, 0x2c, 0x22, 0x69, 0x22, 0x3a, 0x5b,
  0x5b, 0x2d, 0x36, 0x2c, 0x30, 0x5d, 0x2c, 0x5b, 0x30, 0x2c, 0x30, 0x5d,
  0x2c, 0x5b, 0x30, 0x2c, 0x30, 0x5d, 0x5d, 0x2c, 0x22, 0x6f, 0x22, 0x3a,
  0x5b, 0x5b, 0x30, 0x2c, 0x30, 0x5d, 0x2c, 0x5b, 0x30, 0x2c, 0x30, 0x5d,
  0x2c, 0x5b, 0x36, 0x2c, 0x30, 0x5d, 0x5d, 0x7d, 0x7d, 0x7d, 0x2c, 0x7b,
  0x22, 0x74, 0x79, 0x22, 0x3a, 0x22, 0x73, 0x74, 0x22, 0x2c, 0x22, 0x63,
  0x22, 0x3a, 0x7b, 0x22, 0x61, 0x22, 0x3a, 0x30, 0x2c, 0x22, 0x6b, 0x22,
  0x3a, 0x5b, 0x31, 0x2c, 0x31, 0x2c, 0x31, 0x2c, 0x31, 0x5d, 0x7d, 0x2c,
  0x22, 0x6f, 0x22, 0x3a, 0x7b, 0x22, 0x61, 0x22, 0x3a, 0x30, 0x2c, 0x22,
  0x6b, 0x22, 0x3a, 0x31, 0x30, 0x30, 0x7d, 0x2c, 0x22, 0x77, 0x22, 0x3a,
  0x33, 0x2c, 0x22, 0x6c, 0x63, 0x22, 0x3a, 0x32, 0x2c, 0x22, 0x6c, 0x6a,
  0x22, 0x3a, 0x32, 0x2c, 0x22, 0x6e, 0x6d, 0x22, 0x3a, 0x22, 0x73, 0x74,
  0x22, 0x7d, 0x2c, 0x7b, 0x22, 0x74, 0x79, 0x22, 0x3a, 0x22, 0x74, 0x72,
  0x22, 0x2c, 0x22, 0x70, 0x22, 0x3a, 0x7b, 0x22, 0x61, 0x22, 0x3a, 0x30,
  0x2c, 0x22, 0x6b, 0x22, 0x3a, 0x5b, 0x30, 0x2c, 0x31, 0x38, 0x5d, 0x7d,
  0x2c, 0x22, 0x61, 0x22, 0x3a, 0x7b, 0x22, 0x61, 0x22, 0x3a, 0x30, 0x2c,
  0x22, 0x6b, 0x22, 0x3a, 0x5b, 0x30, 0x2c, 0x30, 0x5d, 0x7d, 0x2c, 0x22,
  0x73, 0x22, 0x3a, 0x7b, 0x22, 0x61, 0x22, 0x3a, 0x30, 0x2c, 0x22, 0x6b,
  0x22, 0x3a, 0x5b, 0x31, 0x30, 0x30, 0x2c, 0x31, 0x30, 0x30, 0x5d, 0x7d,
  0x2c, 0x22, 0x72, 0x22, 0x3a, 0x7b, 0x22, 0x61, 0x22, 0x3a, 0x30, 0x2c,
  0x22, 0x6b, 0x22, 0x3a, 0x30, 0x7d, 0x2c, 0x22, 0x6f, 0x22, 0x3a, 0x7b,
  0x22, 0x61, 0x22, 0x3a, 0x30, 0x2c, 0x22, 0x6b, 0x22, 0x3a, 0x31, 0x30,
  0x30, 0x7d, 0x7d, 0x5d, 0x7d, 0x2c, 0x7b, 0x22, 0x74, 0x79, 0x22, 0x3a,
  0x22, 0x67, 0x72, 0x22, 0x2c, 0x22, 0x6e, 0x6d, 0x22, 0x3a, 0x22, 0x63,
  0x68, 0x65, 0x73, 0x74, 0x22, 0x2c, 0x22, 0x69, 0x74, 0x22, 0x3a, 0x5b,
  0x7b, 0x22, 0x74, 0x79, 0x22, 0x3a, 0x22, 0x72, 0x63, 0x22, 0x2c, 0x22,
  0x64, 0x22, 0x3a, 0x31, 0x2c, 0x22, 0x73, 0x22, 0x3a, 0x7b, 0x22, 0x61,
  0x22, 0x3a, 0x30, 0x2c, 0x22, 0x6b, 0x22, 0x3a, 0x5b, 0x33, 0x34, 0x2c,
  0x31, 0x30, 0x5d, 0x7d, 0x2c, 0x22, 0x70, 0x22, 0x3a, 0x7b, 0x22, 0x61,
  0x22, 0x3a, 0x30, 0x2c, 0x22, 0x6b, 0x22, 0x3a, 0x5b, 0x30, 0x2c, 0x30,
  0x5d, 0x7d, 0x2c, 0x22, 0x72, 0x22, 0x3a, 0x7b, 0x22, 0x61, 0x22, 0x3a,
  0x30, 0x2c, 0x22, 0x6b, 0x22, 0x3a, 0x35, 0x7d, 0x2c, 0x22, 0x6e, 0x6d,
  0x22, 0x3a, 0x22, 0x72, 0x63, 0x22, 0x7d, 0x2c, 0x7b, 0x22, 0x74, 0x79,
  0x22, 0x3a, 0x22, 0x66, 0x6c, 0x22, 0x2c, 0x22, 0x63, 0x22, 0x3a, 0x7b,
  0x22, 0x61, 0x22, 0x3a, 0x30, 0x2c, 0x22, 0x6b, 0x22, 0x3a, 0x5b, 0x30,
  0x2e, 0x30, 0x39, 0x38, 0x2c, 0x30, 0x2e, 0x39, 0x31, 0x34, 0x2c, 0x31,
  0x2c, 0x31, 0x5d, 0x7d, 0x2c, 0x22, 0x6f, 0x22, 0x3a, 0x7b, 0x22, 0x61,
  0x22, 0x3a, 0x30, 0x2c, 0x22, 0x6b, 0x22, 0x3a, 0x31, 0x30, 0x30, 0x7d,
  0x2c, 0x22, 0x72, 0x22, 0x3a, 0x31, 0x2c, 0x22, 0x6e, 0x6d, 0x22, 0x3a,
  0x22, 0x66, 0x6c, 0x22, 0x7d, 0x2c, 0x7b, 0x22, 0x74, 0x79, 0x22, 0x3a,
  0x22, 0x72, 0x63, 0x22, 0x2c, 0x22, 0x64, 0x22, 0x3a, 0x31, 0x2c, 0x22,
  0x73, 0x22, 0x3a, 0x7b, 0x22, 0x61, 0x22, 0x3a, 0x30, 0x2c, 0x22, 0x6b,
  0x22, 0x3a, 0x5b, 0x33, 0x30, 0x2c, 0x34, 0x5d, 0x7d, 0x2c, 0x22, 0x70,
  0x22, 0x3a, 0x7b, 0x22, 0x61, 0x22, 0x3a, 0x30, 0x2c, 0x22, 0x6b, 0x22,
  0x3a, 0x5b, 0x30, 0x2c, 0x2d, 0x32, 0x5d, 0x7d, 0x2c, 0x22, 0x72, 0x22,
  0x3a, 0x7b, 0x22, 0x61, 0x22, 0x3a, 0x30, 0x2c, 0x22, 0x6b, 0x22, 0x3a,
  0x32, 0x7d, 0x2c, 0x22, 0x6e, 0x6d, 0x22, 0x3a, 0x22, 0x72, 0x63, 0x22,
  0x7d, 0x2c, 0x7b, 0x22, 0x74, 0x79, 0x22, 0x3a, 0x22, 0x66, 0x6c, 0x22,
  0x2c, 0x22, 0x63, 0x22, 0x3a, 0x7b, 0x22, 0x61, 0x22, 0x3a, 0x30, 0x2c,
  0x22, 0x6b, 0x22, 0x3a, 0x5b, 0x31, 0x2c, 0x31, 0x2c, 0x31, 0x2c, 0x31,
  0x5d, 0x7d, 0x2c, 0x22, 0x6f, 0x22, 0x3a, 0x7b, 0x22, 0x61, 0x22, 0x3a,
  0x30, 0x2c, 0x22, 0x6b, 0x22, 0x3a, 0x36, 0x30, 0x7d, 0x2c, 0x22, 0x72,
  0x22, 0x3a, 0x31, 0x2c, 0x22, 0x6e, 0x6d, 0x22, 0x3a, 0x22, 0x66, 0x6c,
  0x22, 0x7d, 0x2c, 0x7b, 0x22, 0x74, 0x79, 0x22, 0x3a, 0x22, 0x74, 0x72,
  0x22, 0x2c, 0x22, 0x70, 0x22, 0x3a, 0x7b, 0x22, 0x61, 0x22, 0x3a, 0x30,
  0x2c, 0x22, 0x6b, 0x22, 0x3a, 0x5b, 0x30, 0x2c, 0x34, 0x39, 0x5d, 0x7d,
  0x2c, 0x22, 0x61, 0x22, 0x3a, 0x7b, 0x22, 0x61, 0x22, 0x3a, 0x30, 0x2c,
  0x22, 0x6b, 0x22, 0x3a, 0x5b, 0x30, 0x2c, 0x30, 0x5d, 0x7d, 0x2c, 0x22,
  0x73, 0x22, 0x3a, 0x7b, 0x22, 0x61, 0x22, 0x3a, 0x30, 0x2c, 0x22, 0x6b,
  0x22, 0x3a, 0x5b, 0x31, 0x30, 0x30, 0x2c, 0x31, 0x30, 0x30, 0x5d, 0x7d,
  0x2c, 0x22, 0x72, 0x22, 0x3a, 0x7b, 0x22, 0x61, 0x22, 0x3a, 0x30, 0x2c,
  0x22, 0x6b, 0x22, 0x3a, 0x30, 0x7d, 0x2c, 0x22, 0x6f, 0x22, 0x3a, 0x7b,
  0x22, 0x61, 0x22, 0x3a, 0x30, 0x2c, 0x22, 0x6b, 0x22, 0x3a, 0x31, 0x30,
  0x30, 0x7d, 0x7d, 0x5d, 0x7d, 0x5d, 0x2c, 0x22, 0x69, 0x70, 0x22, 0x3a,
  0x30, 0x2c, 0x22, 0x6f, 0x70, 0x22, 0x3a, 0x36, 0x30, 0x2c, 0x22, 0x73,
  0x74, 0x22, 0x3a, 0x30, 0x7d, 0x2c, 0x7b, 0x22, 0x74, 0x79, 0x22, 0x3a,
  0x34, 0x2c, 0x22, 0x6e, 0x6d, 0x22, 0x3a, 0x22, 0x63, 0x30, 0x22, 0x2c,
  0x22, 0x73, 0x72, 0x22, 0x3a, 0x31, 0x2c, 0x22, 0x6b, 0x73, 0x22, 0x3a,
  0x7b, 0x22, 0x70, 0x22, 0x3a, 0x7b, 0x22, 0x61, 0x22, 0x3a, 0x31, 0x2c,
  0x22, 0x6b, 0x22, 0x3a, 0x5b, 0x7b, 0x22, 0x74, 0x22, 0x3a, 0x30, 0x2c,
  0x22, 0x73, 0x22, 0x3a, 0x5b, 0x34, 0x30, 0x2c, 0x36, 0x30, 0x2c, 0x30,
  0x5d, 0x7d, 0x2c, 0x7b, 0x22, 0x74, 0x22, 0x3a, 0x36, 0x30, 0x2c, 0x22,
  0x73, 0x22, 0x3a, 0x5b, 0x35, 0x2c, 0x31, 0x30, 0x2c, 0x30, 0x5d, 0x7d,
  0x5d, 0x7d, 0x2c, 0x22, 0x61, 0x22, 0x3a, 0x7b, 0x22, 0x61, 0x22, 0x3a,
  0x30, 0x2c, 0x22, 0x6b, 0x22, 0x3a, 0x5b, 0x30, 0x2c, 0x30, 0x2c, 0x30,
  0x5d, 0x7d, 0x2c, 0x22, 0x73, 0x22, 0x3a, 0x7b, 0x22, 0x61, 0x22, 0x3a,
  0x30, 0x2c, 0x22, 0x6b, 0x22, 0x3a, 0x5b, 0x31, 0x30, 0x30, 0x2c, 0x31,
  0x30, 0x30, 0x5d, 0x7d, 0x2c, 0x22, 0x72, 0x22, 0x3a, 0x7b, 0x22, 0x61,
  0x22, 0x3a, 0x30, 0x2c, 0x22, 0x6b, 0x22, 0x3a, 0x30, 0x7d, 0x2c, 0x22,
  0x6f, 0x22, 0x3a, 0x7b, 0x22, 0x61, 0x22, 0x3a, 0x31, 0x2c, 0x22, 0x6b,
  0x22, 0x3a, 0x5b, 0x7b, 0x22, 0x74, 0x22, 0x3a, 0x30, 0x2c, 0x22, 0x73,
  0x22, 0x3a, 0x5b, 0x30, 0x5d, 0x7d, 0x2c, 0x7b, 0x22, 0x74, 0x22, 0x3a,
  0x31, 0x30, 0x2c, 0x22, 0x73, 0x22, 0x3a, 0x5b, 0x31, 0x30, 0x30, 0x5d,
  0x7d, 0x2c, 0x7b, 0x22, 0x74, 0x22, 0x3a, 0x35, 0x30, 0x2c, 0x22, 0x73,
  0x22, 0x3a, 0x5b, 0x31, 0x30, 0x30, 0x5d, 0x7d, 0x2c, 0x7b, 0x22, 0x74,
  0x22, 0x3a, 0x36, 0x30, 0x2c, 0x22, 0x73, 0x22, 0x3a, 0x5b, 0x30, 0x5d,
  0x7d, 0x5d, 0x7d, 0x7d, 0x2c, 0x22, 0x61, 0x6f, 0x22, 0x3a, 0x30, 0x2c,
  0x22, 0x73, 0x68, 0x61, 0x70, 0x65, 0x73, 0x22, 0x3a, 0x5b, 0x7b, 0x22,
  0x74, 0x79, 0x22, 0x3a, 0x22, 0x67, 0x72, 0x22, 0x2c, 0x22, 0x6e, 0x6d,
  0x22, 0x3a, 0x22, 0x64, 0x6f, 0x74, 0x22, 0x2c, 0x22, 0x69, 0x74, 0x22,
  0x3a, 0x5b, 0x7b, 0x22, 0x74, 0x79, 0x22, 0x3a, 0x22, 0x65, 0x6c, 0x22,
  0x2c, 0x22, 0x64, 0x22, 0x3a, 0x31, 0x2c, 0x22, 0x73, 0x22, 0x3a, 0x7b,
  0x22, 0x61, 0x22, 0x3a, 0x30, 0x2c, 0x22, 0x6b, 0x22, 0x3a, 0x5b, 0x38,
  0x2c, 0x38, 0x5d, 0x7d, 0x2c, 0x22, 0x70, 0x22, 0x3a, 0x7b, 0x22, 0x61,
  0x22, 0x3a, 0x30, 0x2c, 0x22, 0x6b, 0x22, 0x3a, 0x5b, 0x30, 0x2c, 0x30,
  0x5d, 0x7d, 0x2c, 0x22, 0x6e, 0x6d, 0x22, 0x3a, 0x22, 0x65, 0x6c, 0x22,
  0x7d, 0x2c, 0x7b, 0x22, 0x74, 0x79, 0x22, 0x3a, 0x22, 0x66, 0x6c, 0x22,
  0x2c, 0x22, 0x63, 0x22, 0x3a, 0x7b, 0x22, 0x61, 0x22, 0x3a, 0x30, 0x2c,
  0x22, 0x6b, 0x22, 0x3a, 0x5b, 0x31, 0x2c, 0x30, 0x2e, 0x33, 0x33, 0x33,
  0x2c, 0x30, 0x2e, 0x34, 0x36, 0x37, 0x2c, 0x31, 0x5d, 0x7d, 0x2c, 0x22,
  0x6f, 0x22, 0x3a, 0x7b, 0x22, 0x61, 0x22, 0x3a, 0x30, 0x2c, 0x22, 0x6b,
  0x22, 0x3a, 0x31, 0x30, 0x30, 0x7d, 0x2c, 0x22, 0x72, 0x22, 0x3a, 0x31,
  0x2c, 0x22, 0x6e, 0x6d, 0x22, 0x3a, 0x22, 0x66, 0x6c, 0x22, 0x7d, 0x2c,
  0x7b, 0x22, 0x74, 0x79, 0x22, 0x3a, 0x22, 0x74, 0x72, 0x22, 0x2c, 0x22,
  0x70, 0x22, 0x3a, 0x7b, 0x22, 0x61, 0x22, 0x3a, 0x30, 0x2c, 0x22, 0x6b,
  0x22, 0x3a, 0x5b, 0x30, 0x2c, 0x30, 0x5d, 0x7d, 0x2c, 0x22, 0x61, 0x22,
  0x3a, 0x7b, 0x22, 0x61, 0x22, 0x3a, 0x30, 0x2c, 0x22, 0x6b, 0x22, 0x3a,
  0x5b, 0x30, 0x2c, 0x30, 0x5d, 0x7d, 0x2c, 0x22, 0x73, 0x22, 0x3a, 0x7b,
  0x22, 0x61, 0x22, 0x3a, 0x30, 0x2c, 0x22, 0x6b, 0x22, 0x3a, 0x5b, 0x31,
  0x30, 0x30, 0x2c, 0x31, 0x30, 0x30, 0x5d, 0x7d, 0x2c, 0x22, 0x72, 0x22,
  0x3a, 0x7b, 0x22, 0x61, 0x22, 0x3a, 0x30, 0x2c, 0x22, 0x6b, 0x22, 0x3a,
  0x30, 0x7d, 0x2c, 0x22, 0x6f, 0x22, 0x3a, 0x7b, 0x22, 0x61, 0x22, 0x3a,
  0x30, 0x2c, 0x22, 0x6b, 0x22, 0x3a, 0x31, 0x30, 0x30, 0x7d, 0x7d, 0x5d,
  0x7d, 0x5d, 0x2c, 0x22, 0x69, 0x70, 0x22, 0x3a, 0x30, 0x2c, 0x22, 0x6f,
  0x70, 0x22, 0x3a, 0x36, 0x30, 0x2c, 0x22, 0x73, 0x74, 0x22, 0x3a, 0x30,
  0x7d, 0x2c, 0x7b, 0x22, 0x74, 0x79, 0x22, 0x3a, 0x34, 0x2c, 0x22, 0x6e,
  0x6d, 0x22, 0x3a, 0x22, 0x63, 0x31, 0x22, 0x2c, 0x22, 0x73, 0x72, 0x22,
  0x3a, 0x31, 0x2c, 0x22, 0x6b, 0x73, 0x22, 0x3a, 0x7b, 0x22, 0x70, 0x22,
  0x3a, 0x7b, 0x22, 0x61, 0x22, 0x3a, 0x31, 0x2c, 0x22, 0x6b, 0x22, 0x3a,
  0x5b, 0x7b, 0x22, 0x74, 0x22, 0x3a, 0x30, 0x2c, 0x22, 0x73, 0x22, 0x3a,
  0x5b, 0x31, 0x36, 0x30, 0x2c, 0x36, 0x30, 0x2c, 0x30, 0x5d, 0x7d, 0x2c,
  0x7b, 0x22, 0x74, 0x22, 0x3a, 0x36, 0x30, 0x2c, 0x22, 0x73, 0x22, 0x3a,
  0x5b, 0x32, 0x30, 0x30, 0x2c, 0x32, 0x30, 0x2c, 0x30, 0x5d, 0x7d, 0x5d,
  0x7d, 0x2c, 0x22, 0x61, 0x22, 0x3a, 0x7b, 0x22, 0x61, 0x22, 0x3a, 0x30,
  0x2c, 0x22, 0x6b, 0x22, 0x3a, 0x5b, 0x30, 0x2c, 0x30, 0x2c, 0x30, 0x5d,
  0x7d, 0x2c, 0x22, 0x73, 0x22, 0x3a, 0x7b, 0x22, 0x61, 0x22, 0x3a, 0x30,
  0x2c, 0x22, 0x6b, 0x22, 0x3a, 0x5b, 0x31, 0x30, 0x30, 0x2c, 0x31, 0x30,
  0x30, 0x5d, 0x7d, 0x2c, 0x22, 0x72, 0x22, 0x3a, 0x7b, 0x22, 0x61, 0x22,
  0x3a, 0x30, 0x2c, 0x22, 0x6b, 0x22, 0x3a, 0x30, 0x7d, 0x2c, 0x22, 0x6f,
  0x22, 0x3a, 0x7b, 0x22, 0x61, 0x22, 0x3a, 0x31, 0x2c, 0x22, 0x6b, 0x22,
  0x3a, 0x5b, 0x7b, 0x22, 0x74, 0x22, 0x3a, 0x30, 0x2c, 0x22, 0x73, 0x22,
  0x3a, 0x5b, 0x30, 0x5d, 0x7d, 0x2c, 0x7b, 0x22, 0x74, 0x22, 0x3a, 0x31,
  0x30, 0x2c, 0x22, 0x73, 0x22, 0x3a, 0x5b, 0x31, 0x30, 0x30, 0x5d, 0x7d,
  0x2c, 0x7b, 0x22, 0x74, 0x22, 0x3a, 0x35, 0x30, 0x2c, 0x22, 0x73, 0x22,
  0x3a, 0x5b, 0x31, 0x30, 0x30, 0x5d, 0x7d, 0x2c, 0x7b, 0x22, 0x74, 0x22,
  0x3a, 0x36, 0x30, 0x2c, 0x22, 0x73, 0x22, 0x3a, 0x5b, 0x30, 0x5d, 0x7d,
  0x5d, 0x7d, 0x7d, 0x2c, 0x22, 0x61, 0x6f, 0x22, 0x3a, 0x30, 0x2c, 0x22,
  0x73, 0x68, 0x61, 0x70, 0x65, 0x73, 0x22, 0x3a, 0x5b, 0x7b, 0x22, 0x74,
  0x79, 0x22, 0x3a, 0x22, 0x67, 0x72, 0x22, 0x2c, 0x22, 0x6e, 0x6d, 0x22,
  0x3a, 0x22, 0x64, 0x6f, 0x74, 0x22, 0x2c, 0x22, 0x69, 0x74, 0x22, 0x3a,
  0x5b, 0x7b, 0x22, 0x74, 0x79, 0x22, 0x3a, 0x22, 0x65, 0x6c, 0x22, 0x2c,
  0x22, 0x64, 0x22, 0x3a, 0x31, 0x2c, 0x22, 0x73, 0x22, 0x3a, 0x7b, 0x22,
  0x61, 0x22, 0x3a, 0x30, 0x2c, 0x22, 0x6b, 0x22, 0x3a, 0x5b, 0x38, 0x2c,
  0x38, 0x5d, 0x7d, 0x2c, 0x22, 0x70, 0x22, 0x3a, 0x7b, 0x22, 0x61, 0x22,
  0x3a, 0x30, 0x2c, 0x22, 0x6b, 0x22, 0x3a, 0x5b, 0x30, 0x2c, 0x30, 0x5d,
  0x7d, 0x2c, 0x22, 0x6e, 0x6d, 0x22, 0x3a, 0x22, 0x65, 0x6c, 0x22, 0x7d,
  0x2c, 0x7b, 0x22, 0x74, 0x79, 0x22, 0x3a, 0x22, 0x66, 0x6c, 0x22, 0x2c,
  0x22, 0x63, 0x22, 0x3a, 0x7b, 0x22, 0x61, 0x22, 0x3a, 0x30, 0x2c, 0x22,
  0x6b, 0x22, 0x3a, 0x5b, 0x30, 0x2e, 0x30, 0x39, 0x38, 0x2c, 0x30, 0x2e,
  0x39, 0x31, 0x34, 0x2c, 0x31, 0x2c, 0x31, 0x5d, 0x7d, 0x2c, 0x22, 0x6f,
  0x22, 0x3a, 0x7b, 0x22, 0x61, 0x22, 0x3a, 0x30, 0x2c, 0x22, 0x6b, 0x22,
  0x3a, 0x31, 0x30, 0x30, 0x7d, 0x2c, 0x22, 0x72, 0x22, 0x3a, 0x31, 0x2c,
  0x22, 0x6e, 0x6d, 0x22, 0x3a, 0x22, 0x66, 0x6c, 0x22, 0x7d, 0x2c, 0x7b,
  0x22, 0x74, 0x79, 0x22, 0x3a, 0x22, 0x74, 0x72, 0x22, 0x2c, 0x22, 0x70,
  0x22, 0x3a, 0x7b, 0x22, 0x61, 0x22, 0x3a, 0x30, 0x2c, 0x22, 0x6b, 0x22,
  0x3a, 0x5b, 0x30, 0x2c, 0x30, 0x5d, 0x7d, 0x2c, 0x22, 0x61, 0x22, 0x3a,
  0x7b, 0x22, 0x61, 0x22, 0x3a, 0x30, 0x2c, 0x22, 0x6b, 0x22, 0x3a, 0x5b,
  0x30, 0x2c, 0x30, 0x5d, 0x7d, 0x2c, 0x22, 0x73, 0x22, 0x3a, 0x7b, 0x22,
  0x61, 0x22, 0x3a, 0x30, 0x2c, 0x22, 0x6b, 0x22, 0x3a, 0x5b, 0x31, 0x30,
  0x30, 0x2c, 0x31, 0x30, 0x30, 0x5d, 0x7d, 0x2c, 0x22, 0x72, 0x22, 0x3a,
  0x7b, 0x22, 0x61, 0x22, 0x3a, 0x30, 0x2c, 0x22, 0x6b, 0x22, 0x3a, 0x30,
  0x7d, 0x2c, 0x22, 0x6f, 0x22, 0x3a, 0x7b, 0x22, 0x61, 0x22, 0x3a, 0x30,
  0x2c, 0x22, 0x6b, 0x22, 0x3a, 0x31, 0x30, 0x30, 0x7d, 0x7d, 0x5d, 0x7d,
  0x5d, 0x2c, 0x22, 0x69, 0x70, 0x22, 0x3a, 0x30, 0x2c, 0x22, 0x6f, 0x70,
  0x22, 0x3a, 0x36, 0x30, 0x2c, 0x22, 0x73, 0x74, 0x22, 0x3a, 0x30, 0x7d,
  0x2c, 0x7b, 0x22, 0x74, 0x79, 0x22, 0x3a, 0x34, 0x2c, 0x22, 0x6e, 0x6d,
  0x22, 0x3a, 0x22, 0x63, 0x32, 0x22, 0x2c, 0x22, 0x73, 0x72, 0x22, 0x3a,
  0x31, 0x2c, 0x22, 0x6b, 0x73, 0x22, 0x3a, 0x7b, 0x22, 0x70, 0x22, 0x3a,
  0x7b, 0x22, 0x61, 0x22, 0x3a, 0x31, 0x2c, 0x22, 0x6b, 0x22, 0x3a, 0x5b,
  0x7b, 0x22, 0x74, 0x22, 0x3a, 0x30, 0x2c, 0x22, 0x73, 0x22, 0x3a, 0x5b,
  0x31, 0x30, 0x30, 0x2c, 0x31, 0x34, 0x30, 0x2c, 0x30, 0x5d, 0x7d, 0x2c,
  0x7b, 0x22, 0x74, 0x22, 0x3a, 0x36, 0x30, 0x2c, 0x22, 0x73, 0x22, 0x3a,
  0x5b, 0x31, 0x30, 0x30, 0x2c, 0x31, 0x39, 0x30, 0x2c, 0x30, 0x5d, 0x7d,
  0x5d, 0x7d, 0x2c, 0x22, 0x61, 0x22, 0x3a, 0x7b, 0x22, 0x61, 0x22, 0x3a,
  0x30, 0x2c, 0x22, 0x6b, 0x22, 0x3a, 0x5b, 0x30, 0x2c, 0x30, 0x2c, 0x30,
  0x5d, 0x7d, 0x2c, 0x22, 0x73, 0x22, 0x3a, 0x7b, 0x22, 0x61, 0x22, 0x3a,
  0x30, 0x2c, 0x22, 0x6b, 0x22, 0x3a, 0x5b, 0x31, 0x30, 0x30, 0x2c, 0x31,
  0x30, 0x30, 0x5d, 0x7d, 0x2c, 0x22, 0x72, 0x22, 0x3a, 0x7b, 0x22, 0x61,
  0x22, 0x3a, 0x30, 0x2c, 0x22, 0x6b, 0x22, 0x3a, 0x30, 0x7d, 0x2c, 0x22,
  0x6f, 0x22, 0x3a, 0x7b, 0x22, 0x61, 0x22, 0x3a, 0x31, 0x2c, 0x22, 0x6b,
  0x22, 0x3a, 0x5b, 0x7b, 0x22, 0x74, 0x22, 0x3a, 0x30, 0x2c, 0x22, 0x73,
  0x22, 0x3a, 0x5b, 0x30, 0x5d, 0x7d, 0x2c, 0x7b, 0x22, 0x74, 0x22, 0x3a,
  0x31, 0x30, 0x2c, 0x22, 0x73, 0x22, 0x3a, 0x5b, 0x31, 0x30, 0x30, 0x5d,
  0x7d, 0x2c, 0x7b, 0x22, 0x74, 0x22, 0x3a, 0x35, 0x30, 0x2c, 0x22, 0x73,
  0x22, 0x3a, 0x5b, 0x31, 0x30, 0x30, 0x5d, 0x7d, 0x2c, 0x7b, 0x22, 0x74,
  0x22, 0x3a, 0x36, 0x30, 0x2c, 0x22, 0x73, 0x22, 0x3a, 0x5b, 0x30, 0x5d,
  0x7d, 0x5d, 0x7d, 0x7d, 0x2c, 0x22, 0x61, 0x6f, 0x22, 0x3a, 0x30, 0x2c,
  0x22, 0x73, 0x68, 0x61, 0x70, 0x65, 0x73, 0x22, 0x3a, 0x5b, 0x7b, 0x22,
  0x74, 0x79, 0x22, 0x3a, 0x22, 0x67, 0x72, 0x22, 0x2c, 0x22, 0x6e, 0x6d,
  0x22, 0x3a, 0x22, 0x64, 0x6f, 0x74, 0x22, 0x2c, 0x22, 0x69, 0x74, 0x22,
  0x3a, 0x5b, 0x7b, 0x22, 0x74, 0x79, 0x22, 0x3a, 0x22, 0x65, 0x6c, 0x22,
  0x2c, 0x22, 0x64, 0x22, 0x3a, 0x31, 0x2c, 0x22, 0x73, 0x22, 0x3a, 0x7b,
  0x22, 0x61, 0x22, 0x3a, 0x30, 0x2c, 0x22, 0x6b, 0x22, 0x3a, 0x5b, 0x38,
  0x2c, 0x38, 0x5d, 0x7d, 0x2c, 0x22, 0x70, 0x22, 0x3a, 0x7b, 0x22, 0x61,
  0x22, 0x3a, 0x30, 0x2c, 0x22, 0x6b, 0x22, 0x3a, 0x5b, 0x30, 0x2c, 0x30,
  0x5d, 0x7d, 0x2c, 0x22, 0x6e, 0x6d, 0x22, 0x3a, 0x22, 0x65, 0x6c, 0x22,
  0x7d, 0x2c, 0x7b, 0x22, 0x74, 0x79, 0x22, 0x3a, 0x22, 0x66, 0x6c, 0x22,
  0x2c, 0x22, 0x63, 0x22, 0x3a, 0x7b, 0x22, 0x61, 0x22, 0x3a, 0x30, 0x2c,
  0x22, 0x6b, 0x22, 0x3a, 0x5b, 0x30, 0x2c, 0x30, 0x2e, 0x38, 0x39, 0x38,
  0x2c, 0x30, 0x2e, 0x36, 0x32, 0x37, 0x2c, 0x31, 0x5d, 0x7d, 0x2c, 0x22,
  0x6f, 0x22, 0x3a, 0x7b, 0x22, 0x61, 0x22, 0x3a, 0x30, 0x2c, 0x22, 0x6b,
  0x22, 0x3a, 0x31, 0x30, 0x30, 0x7d, 0x2c, 0x22, 0x72, 0x22, 0x3a, 0x31,
  0x2c, 0x22, 0x6e, 0x6d, 0x22, 0x3a, 0x22, 0x66, 0x6c, 0x22, 0x7d, 0x2c,
  0x7b, 0x22, 0x74, 0x79, 0x22, 0x3a, 0x22, 0x74, 0x72, 0x22, 0x2c, 0x22,
  0x70, 0x22, 0x3a, 0x7b, 0x22, 0x61, 0x22, 0x3a, 0x30, 0x2c, 0x22, 0x6b,
  0x22, 0x3a, 0x5b, 0x30, 0x2c, 0x30, 0x5d, 0x7d, 0x2c, 0x22, 0x61, 0x22,
  0x3a, 0x7b, 0x22, 0x61, 0x22, 0x3a, 0x30, 0x2c, 0x22, 0x6b, 0x22, 0x3a,
  0x5b, 0x30, 0x2c, 0x30, 0x5d, 0x7d, 0x2c, 0x22, 0x73, 0x22, 0x3a, 0x7b,
  0x22, 0x61, 0x22, 0x3a, 0x30, 0x2c, 0x22, 0x6b, 0x22, 0x3a, 0x5b, 0x31,
  0x30, 0x30, 0x2c, 0x31, 0x30, 0x30, 0x5d, 0x7d, 0x2c, 0x22, 0x72, 0x22,
  0x3a, 0x7b, 0x22, 0x61, 0x22, 0x3a, 0x30, 0x2c, 0x22, 0x6b, 0x22, 0x3a,
  0x30, 0x7d, 0x2c, 0x22, 0x6f, 0x22, 0x3a, 0x7b, 0x22, 0x61, 0x22, 0x3a,
  0x30, 0x2c, 0x22, 0x6b, 0x22, 0x3a, 0x31, 0x30, 0x30, 0x7d, 0x7d, 0x5d,
  0x7d, 0x5d, 0x2c, 0x22, 0x69, 0x70, 0x22, 0x3a, 0x30, 0x2c, 0x22, 0x6f,
  0x70, 0x22, 0x3a, 0x36, 0x30, 0x2c, 0x22, 0x73, 0x74, 0x22, 0x3a, 0x30,
  0x7d, 0x2c, 0x7b, 0x22, 0x74, 0x79, 0x22, 0x3a, 0x34, 0x2c, 0x22, 0x6e,
  0x6d, 0x22, 0x3a, 0x22, 0x73, 0x70, 0x61, 0x72, 0x6b, 0x6c, 0x65, 0x73,
  0x22, 0x2c, 0x22, 0x73, 0x72, 0x22, 0x3a, 0x31, 0x2c, 0x22, 0x6b, 0x73,
  0x22, 0x3a, 0x7b, 0x22, 0x70, 0x22, 0x3a, 0x7b, 0x22, 0x61, 0x22, 0x3a,
  0x30, 0x2c, 0x22, 0x6b, 0x22, 0x3a, 0x5b, 0x31, 0x30, 0x30, 0x2c, 0x31,
  0x30, 0x30, 0x2c, 0x30, 0x5d, 0x7d, 0x2c, 0x22, 0x61, 0x22, 0x3a, 0x7b,
  0x22, 0x61, 0x22, 0x3a, 0x30, 0x2c, 0x22, 0x6b, 0x22, 0x3a, 0x5b, 0x30,
  0x2c, 0x30, 0x2c, 0x30, 0x5d, 0x7d, 0x2c, 0x22, 0x73, 0x22, 0x3a, 0x7b,
  0x22, 0x61, 0x22, 0x3a, 0x31, 0x2c, 0x22, 0x6b, 0x22, 0x3a, 0x5b, 0x7b,
  0x22, 0x74, 0x22, 0x3a, 0x30, 0x2c, 0x22, 0x73, 0x22, 0x3a, 0x5b, 0x30,
  0x2c, 0x30, 0x5d, 0x7d, 0x2c, 0x7b, 0x22, 0x74, 0x22, 0x3a, 0x33, 0x30,
  0x2c, 0x22, 0x73, 0x22, 0x3a, 0x5b, 0x31, 0x33, 0x30, 0x2c, 0x31, 0x33,
  0x30, 0x5d, 0x7d, 0x2c, 0x7b, 0x22, 0x74, 0x22, 0x3a, 0x36, 0x30, 0x2c,
  0x22, 0x73, 0x22, 0x3a, 0x5b, 0x37, 0x30, 0x2c, 0x37, 0x30, 0x5d, 0x7d,
  0x5d, 0x7d, 0x2c, 0x22, 0x72, 0x22, 0x3a, 0x7b, 0x22, 0x61, 0x22, 0x3a,
  0x31, 0x2c, 0x22, 0x6b, 0x22, 0x3a, 0x5b, 0x7b, 0x22, 0x74, 0x22, 0x3a,
  0x30, 0x2c, 0x22, 0x73, 0x22, 0x3a, 0x5b, 0x30, 0x5d, 0x7d, 0x2c, 0x7b,
  0x22, 0x74, 0x22, 0x3a, 0x36, 0x30, 0x2c, 0x22, 0x73, 0x22, 0x3a, 0x5b,
  0x31, 0x38, 0x30, 0x5d, 0x7d, 0x5d, 0x7d, 0x2c, 0x22, 0x6f, 0x22, 0x3a,
  0x7b, 0x22, 0x61, 0x22, 0x3a, 0x31, 0x2c, 0x22, 0x6b, 0x22, 0x3a, 0x5b,
  0x7b, 0x22, 0x74, 0x22, 0x3a, 0x30, 0x2c, 0x22, 0x73, 0x22, 0x3a, 0x5b,
  0x30, 0x5d, 0x7d, 0x2c, 0x7b, 0x22, 0x74, 0x22, 0x3a, 0x31, 0x30, 0x2c,
  0x22, 0x73, 0x22, 0x3a, 0x5b, 0x31, 0x30, 0x30, 0x5d, 0x7d, 0x2c, 0x7b,
  0x22, 0x74, 0x22, 0x3a, 0x35, 0x30, 0x2c, 0x22, 0x73, 0x22, 0x3a, 0x5b,
  0x31, 0x30, 0x30, 0x5d, 0x7d, 0x2c, 0x7b, 0x22, 0x74, 0x22, 0x3a, 0x36,
  0x30, 0x2c, 0x22, 0x73, 0x22, 0x3a, 0x5b, 0x30, 0x5d, 0x7d, 0x5d, 0x7d,
  0x7d, 0x2c, 0x22, 0x61, 0x6f, 0x22, 0x3a, 0x30, 0x2c, 0x22, 0x73, 0x68,
  0x61, 0x70, 0x65, 0x73, 0x22, 0x3a, 0x5b, 0x7b, 0x22, 0x74, 0x79, 0x22,
  0x3a, 0x22, 0x67, 0x72, 0x22, 0x2c, 0x22, 0x6e, 0x6d, 0x22, 0x3a, 0x22,
  0x73, 0x74, 0x22, 0x2c, 0x22, 0x69, 0x74, 0x22, 0x3a, 0x5b, 0x7b, 0x22,
  0x74, 0x79, 0x22, 0x3a, 0x22, 0x72, 0x63, 0x22, 0x2c, 0x22, 0x64, 0x22,
  0x3a, 0x31, 0x2c, 0x22, 0x73, 0x22, 0x3a, 0x7b, 0x22, 0x61, 0x22, 0x3a,
  0x30, 0x2c, 0x22, 0x6b, 0x22, 0x3a, 0x5b, 0x34, 0x2e, 0x39, 0x2c, 0x31,
  0x34, 0x5d, 0x7d, 0x2c, 0x22, 0x70, 0x22, 0x3a, 0x7b, 0x22, 0x61, 0x22,
  0x3a, 0x30, 0x2c, 0x22, 0x6b, 0x22, 0x3a, 0x5b, 0x30, 0x2c, 0x30, 0x5d,
  0x7d, 0x2c, 0x22, 0x72, 0x22, 0x3a, 0x7b, 0x22, 0x61, 0x22, 0x3a, 0x30,
  0x2c, 0x22, 0x6b, 0x22, 0x3a, 0x31, 0x7d, 0x2c, 0x22, 0x6e, 0x6d, 0x22,
  0x3a, 0x22, 0x72, 0x63, 0x22, 0x7d, 0x2c, 0x7b, 0x22, 0x74, 0x79, 0x22,
  0x3a, 0x22, 0x72, 0x63, 0x22, 0x2c, 0x22, 0x64, 0x22, 0x3a, 0x31, 0x2c,
  0x22, 0x73, 0x22, 0x3a, 0x7b, 0x22, 0x61, 0x22, 0x3a, 0x30, 0x2c, 0x22,
  0x6b, 0x22, 0x3a, 0x5b, 0x31, 0x34, 0x2c, 0x34, 0x2e, 0x39, 0x5d, 0x7d,
  0x2c, 0x22, 0x70, 0x22, 0x3a, 0x7b, 0x22, 0x61, 0x22, 0x3a, 0x30, 0x2c,
  0x22, 0x6b, 0x22, 0x3a, 0x5b, 0x30, 0x2c, 0x30, 0x5d, 0x7d, 0x2c, 0x22,
  0x72, 0x22, 0x3a, 0x7b, 0x22, 0x61, 0x22, 0x3a, 0x30, 0x2c, 0x22, 0x6b,
  0x22, 0x3a, 0x31, 0x7d, 0x2c, 0x22, 0x6e, 0x6d, 0x22, 0x3a, 0x22, 0x72,
  0x63, 0x22, 0x7d, 0x2c, 0x7b, 0x22, 0x74, 0x79, 0x22, 0x3a, 0x22, 0x66,
  0x6c, 0x22, 0x2c, 0x22, 0x63, 0x22, 0x3a, 0x7b, 0x22, 0x61, 0x22, 0x3a,
  0x30, 0x2c, 0x22, 0x6b, 0x22, 0x3a, 0x5b, 0x31, 0x2c, 0x30, 0x2e, 0x38,
  0x33, 0x31, 0x2c, 0x30, 0x2e, 0x32, 0x37, 0x38, 0x2c, 0x31, 0x5d, 0x7d,
  0x2c, 0x22, 0x6f, 0x22, 0x3a, 0x7b, 0x22, 0x61, 0x22, 0x3a, 0x30, 0x2c,
  0x22, 0x6b, 0x22, 0x3a, 0x31, 0x30, 0x30, 0x7d, 0x2c, 0x22, 0x72, 0x22,
  0x3a, 0x31, 0x2c, 0x22, 0x6e, 0x6d, 0x22, 0x3a, 0x22, 0x66, 0x6c, 0x22,
  0x7d, 0x2c, 0x7b, 0x22, 0x74, 0x79, 0x22, 0x3a, 0x22, 0x74, 0x72, 0x22,
  0x2c, 0x22, 0x70, 0x22, 0x3a, 0x7b, 0x22, 0x61, 0x22, 0x3a, 0x30, 0x2c,
  0x22, 0x6b, 0x22, 0x3a, 0x5b, 0x2d, 0x38, 0x30, 0x2c, 0x2d, 0x37, 0x30,
  0x5d, 0x7d, 0x2c, 0x22, 0x61, 0x22, 0x3a, 0x7b, 0x22, 0x61, 0x22, 0x3a,
  0x30, 0x2c, 0x22, 0x6b, 0x22, 0x3a, 0x5b, 0x30, 0x2c, 0x30, 0x5d, 0x7d,
  0x2c, 0x22, 0x73, 0x22, 0x3a, 0x7b, 0x22, 0x61, 0x22, 0x3a, 0x30, 0x2c,
  0x22, 0x6b, 0x22, 0x3a, 0x5b, 0x31, 0x30, 0x30, 0x2c, 0x31, 0x30, 0x30,
  0x5d, 0x7d, 0x2c, 0x22, 0x72, 0x22, 0x3a, 0x7b, 0x22, 0x61, 0x22, 0x3a,
  0x30, 0x2c, 0x22, 0x6b, 0x22, 0x3a, 0x34, 0x35, 0x7d, 0x2c, 0x22, 0x6f,
  0x22, 0x3a, 0x7b, 0x22, 0x61, 0x22, 0x3a, 0x30, 0x2c, 0x22, 0x6b, 0x22,
  0x3a, 0x31, 0x30, 0x30, 0x7d, 0x7d, 0x5d, 0x7d, 0x2c, 0x7b, 0x22, 0x74,
  0x79, 0x22, 0x3a, 0x22, 0x67, 0x72, 0x22, 0x2c, 0x22, 0x6e, 0x6d, 0x22,
  0x3a, 0x22, 0x73, 0x74, 0x22, 0x2c, 0x22, 0x69, 0x74, 0x22, 0x3a, 0x5b,
  0x7b, 0x22, 0x74, 0x79, 0x22, 0x3a, 0x22, 0x72, 0x63, 0x22, 0x2c, 0x22,
  0x64, 0x22, 0x3a, 0x31, 0x2c, 0x22, 0x73, 0x22, 0x3a, 0x7b, 0x22, 0x61,
  0x22, 0x3a, 0x30, 0x2c, 0x22, 0x6b, 0x22, 0x3a, 0x5b, 0x34, 0x2e, 0x39,
  0x2c, 0x31, 0x34, 0x5d, 0x7d, 0x2c, 0x22, 0x70, 0x22, 0x3a, 0x7b, 0x22,
  0x61, 0x22, 0x3a, 0x30, 0x2c, 0x22, 0x6b, 0x22, 0x3a, 0x5b, 0x30, 0x2c,
  0x30, 0x5d, 0x7d, 0x2c, 0x22, 0x72, 0x22, 0x3a, 0x7b, 0x22, 0x61, 0x22,
  0x3a, 0x30, 0x2c, 0x22, 0x6b, 0x22, 0x3a, 0x31, 0x7d, 0x2c, 0x22, 0x6e,
  0x6d, 0x22, 0x3a, 0x22, 0x72, 0x63, 0x22, 0x7d, 0x2c, 0x7b, 0x22, 0x74,
  0x79, 0x22, 0x3a, 0x22, 0x72, 0x63, 0x22, 0x2c, 0x22, 0x64, 0x22, 0x3a,
  0x31, 0x2c, 0x22, 0x73, 0x22, 0x3a, 0x7b, 0x22, 0x61, 0x22, 0x3a, 0x30,
  0x2c, 0x22, 0x6b, 0x22, 0x3a, 0x5b, 0x31, 0x34, 0x2c, 0x34, 0x2e, 0x39,
  0x5d, 0x7d, 0x2c, 0x22, 0x70, 0x22, 0x3a, 0x7b, 0x22, 0x61, 0x22, 0x3a,
  0x30, 0x2c, 0x22, 0x6b, 0x22, 0x3a, 0x5b, 0x30, 0x2c, 0x30, 0x5d, 0x7d,
  0x2c, 0x22, 0x72, 0x22, 0x3a, 0x7b, 0x22, 0x61, 0x22, 0x3a, 0x30, 0x2c,
  0x22, 0x6b, 0x22, 0x3a, 0x31, 0x7d, 0x2c, 0x22, 0x6e, 0x6d, 0x22, 0x3a,
  0x22, 0x72, 0x63, 0x22, 0x7d, 0x2c, 0x7b, 0x22, 0x74, 0x79, 0x22, 0x3a,
  0x22, 0x66, 0x6c, 0x22, 0x2c, 0x22, 0x63, 0x22, 0x3a, 0x7b, 0x22, 0x61,
  0x22, 0x3a, 0x30, 0x2c, 0x22, 0x6b, 0x22, 0x3a, 0x5b, 0x31, 0x2c, 0x30,
  0x2e, 0x38, 0x33, 0x31, 0x2c, 0x30, 0x2e, 0x32, 0x37, 0x38, 0x2c, 0x31,
  0x5d, 0x7d, 0x2c, 0x22, 0x6f, 0x22, 0x3a, 0x7b, 0x22, 0x61, 0x22, 0x3a,
  0x30, 0x2c, 0x22, 0x6b, 0x22, 0x3a, 0x31, 0x30, 0x30, 0x7d, 0x2c, 0x22,
  0x72, 0x22, 0x3a, 0x31, 0x2c, 0x22, 0x6e, 0x6d, 0x22, 0x3a, 0x22, 0x66,
  0x6c, 0x22, 0x7d, 0x2c, 0x7b, 0x22, 0x74, 0x79, 0x22, 0x3a, 0x22, 0x74,
  0x72, 0x22, 0x2c, 0x22, 0x70, 0x22, 0x3a, 0x7b, 0x22, 0x61, 0x22, 0x3a,
  0x30, 0x2c, 0x22, 0x6b, 0x22, 0x3a, 0x5b, 0x38, 0x30, 0x2c, 0x2d, 0x37,
  0x30, 0x5d, 0x7d, 0x2c, 0x22, 0x61, 0x22, 0x3a, 0x7b, 0x22, 0x61, 0x22,
  0x3a, 0x30, 0x2c, 0x22, 0x6b, 0x22, 0x3a, 0x5b, 0x30, 0x2c, 0x30, 0x5d,
  0x7d, 0x2c, 0x22, 0x73, 0x22, 0x3a, 0x7b, 0x22, 0x61, 0x22, 0x3a, 0x30,
  0x2c, 0x22, 0x6b, 0x22, 0x3a, 0x5b, 0x31, 0x30, 0x30, 0x2c, 0x31, 0x30,
  0x30, 0x5d, 0x7d, 0x2c, 0x22, 0x72, 0x22, 0x3a, 0x7b, 0x22, 0x61, 0x22,
  0x3a, 0x30, 0x2c, 0x22, 0x6b, 0x22, 0x3a, 0x37, 0x35, 0x7d, 0x2c, 0x22,
  0x6f, 0x22, 0x3a, 0x7b, 0x22, 0x61, 0x22, 0x3a, 0x30, 0x2c, 0x22, 0x6b,
  0x22, 0x3a, 0x31, 0x30, 0x30, 0x7d, 0x7d, 0x5d, 0x7d, 0x5d, 0x2c, 0x22,
  0x69, 0x70, 0x22, 0x3a, 0x30, 0x2c, 0x22, 0x6f, 0x70, 0x22, 0x3a, 0x36,
  0x30, 0x2c, 0x22, 0x73, 0x74, 0x22, 0x3a, 0x30, 0x7d, 0x5d, 0x7d
};
const size_t default_celebrate_json_len = 7787;

const uint8_t default_dizzy_json[] = {
  0x7b, 0x22, 0x76, 0x22, 0x3a, 0x22, 0x35, 0x2e, 0x37, 0x2e, 0x33, 0x22,
  0x2c, 0x22, 0x6e, 0x6d, 0x22, 0x3a, 0x22, 0x64, 0x69, 0x7a, 0x7a, 0x79,
  0x22, 0x2c, 0x22, 0x66, 0x72, 0x22, 0x3a, 0x33, 0x30, 0x2c, 0x22, 0x69,
  0x70, 0x22, 0x3a, 0x30, 0x2c, 0x22, 0x6f, 0x70, 0x22, 0x3a, 0x36, 0x30,
  0x2c, 0x22, 0x77, 0x22, 0x3a, 0x32, 0x30, 0x30, 0x2c, 0x22, 0x68, 0x22,
  0x3a, 0x32, 0x30, 0x30, 0x2c, 0x22, 0x64, 0x64, 0x64, 0x22, 0x3a, 0x30,
  0x2c, 0x22, 0x61, 0x73, 0x73, 0x65, 0x74, 0x73, 0x22, 0x3a, 0x5b, 0x5d,
  0x2c, 0x22, 0x6c, 0x61, 0x79, 0x65, 0x72, 0x73, 0x22, 0x3a, 0x5b, 0x7b,
  0x22, 0x74, 0x79, 0x22, 0x3a, 0x34, 0x2c, 0x22, 0x6e, 0x6d, 0x22, 0x3a,
  0x22, 0x70, 0x75, 0x70, 0x70, 0x65, 0x74, 0x22, 0x2c, 0x22, 0x73, 0x72,
  0x22, 0x3a, 0x31, 0x2c, 0x22, 0x6b, 0x73, 0x22, 0x3a, 0x7b, 0x22, 0x70,
  0x22, 0x3a, 0x7b, 0x22, 0x61, 0x22, 0x3a, 0x31, 0x2c, 0x22, 0x6b, 0x22,
  0x3a, 0x5b, 0x7b, 0x22, 0x74, 0x22, 0x3a, 0x30, 0x2c, 0x22, 0x73, 0x22,
  0x3a, 0x5b, 0x39, 0x36, 0x2c, 0x31, 0x30, 0x30, 0x2c, 0x30, 0x5d, 0x7d,
  0x2c, 0x7b, 0x22, 0x74, 0x22, 0x3a, 0x31, 0x35, 0x2c, 0x22, 0x73, 0x22,
  0x3a, 0x5b, 0x31, 0x30, 0x30, 0x2c, 0x39, 0x37, 0x2c, 0x30, 0x5d, 0x7d,
  0x2c, 0x7b, 0x22, 0x74, 0x22, 0x3a, 0x33, 0x30, 0x2c, 0x22, 0x73, 0x22,
  0x3a, 0x5b, 0x31, 0x30, 0x34, 0x2c, 0x31, 0x30, 0x30, 0x2c, 0x30, 0x5d,
  0x7d, 0x2c, 0x7b, 0x22, 0x74, 0x22, 0x3a, 0x34, 0x35, 0x2c, 0x22, 0x73,
  0x22, 0x3a, 0x5b, 0x31, 0x30, 0x30, 0x2c, 0x31, 0x30, 0x33, 0x2c, 0x30,
  0x5d, 0x7d, 0x2c, 0x7b, 0x22, 0x74, 0x22, 0x3a, 0x36, 0x30, 0x2c, 0x22,
  0x73, 0x22, 0x3a, 0x5b, 0x39, 0x36, 0x2c, 0x31, 0x30, 0x30, 0x2c, 0x30,
  0x5d, 0x7d, 0x5d, 0x7d, 0x2c, 0x22, 0x61, 0x22, 0x3a, 0x7b, 0x22, 0x61,
  0x22, 0x3a, 0x30, 0x2c, 0x22, 0x6b, 0x22, 0x3a, 0x5b, 0x30, 0x2c, 0x30,
  0x2c, 0x30, 0x5d, 0x7d, 0x2c, 0x22, 0x73, 0x22, 0x3a, 0x7b, 0x22, 0x61,
  0x22, 0x3a, 0x30, 0x2c, 0x22, 0x6b, 0x22, 0x3a, 0x5b, 0x31, 0x30, 0x30,
  0x2c, 0x31, 0x30, 0x30, 0x5d, 0x7d, 0x2c, 0x22, 0x72, 0x22, 0x3a, 0x7b,
  0x22, 0x61, 0x22, 0x3a, 0x31, 0x2c, 0x22, 0x6b, 0x22, 0x3a, 0x5b, 0x7b,
  0x22, 0x74, 0x22, 0x3a, 0x30, 0x2c, 0x22, 0x73, 0x22, 0x3a, 0x5b, 0x2d,
  0x31, 0x32, 0x5d, 0x7d, 0x2c, 0x7b, 0x22, 0x74, 0x22, 0x3a, 0x31, 0x35,
  0x2c, 0x22, 0x73, 0x22, 0x3a, 0x5b, 0x30, 0x5d, 0x7d, 0x2c, 0x7b, 0x22,
  0x74, 0x22, 0x3a, 0x33, 0x30, 0x2c, 0x22, 0x73, 0x22, 0x3a, 0x5b, 0x31,
  0x32, 0x5d, 0x7d, 0x2c, 0x7b, 0x22, 0x74, 0x22, 0x3a, 0x34, 0x35, 0x2c,
  0x22, 0x73, 0x22, 0x3a, 0x5b, 0x30, 0x5d, 0x7d, 0x2c, 0x7b, 0x22, 0x74,
  0x22, 0x3a, 0x36, 0x30, 0x2c, 0x22, 0x73, 0x22, 0x3a, 0x5b, 0x2d, 0x31,
  0x32, 0x5d, 0x7d, 0x5d, 0x7d, 0x2c, 0x22, 0x6f, 0x22, 0x3a, 0x7b, 0x22,
  0x61, 0x22, 0x3a, 0x30, 0x2c, 0x22, 0x6b, 0x22, 0x3a, 0x31, 0x30, 0x30,
  0x7d, 0x7d, 0x2c, 0x22, 0x61, 0x6f, 0x22, 0x3a, 0x30, 0x2c, 0x22, 0x73,
  0x68, 0x61, 0x70, 0x65, 0x73, 0x22, 0x3a, 0x5b, 0x7b, 0x22, 0x74, 0x79,
  0x22, 0x3a, 0x22, 0x67, 0x72, 0x22, 0x2c, 0x22, 0x6e, 0x6d, 0x22, 0x3a,
  0x22, 0x61, 0x6e, 0x74, 0x65, 0x6e, 0x6e, 0x61, 0x22, 0x2c, 0x22, 0x69,
  0x74, 0x22, 0x3a, 0x5b, 0x7b, 0x22, 0x74, 0x79, 0x22, 0x3a, 0x22, 0x72,
  0x63, 0x22, 0x2c, 0x22, 0x64, 0x22, 0x3a, 0x31, 0x2c, 0x22, 0x73, 0x22,
  0x3a, 0x7b, 0x22, 0x61, 0x22, 0x3a, 0x30, 0x2c, 0x22, 0x6b, 0x22, 0x3a,
  0x5b, 0x34, 0x2c, 0x32, 0x32, 0x5d, 0x7d, 0x2c, 0x22, 0x70, 0x22, 0x3a,
  0x7b, 0x22, 0x61, 0x22, 0x3a, 0x30, 0x2c, 0x22, 0x6b, 0x22, 0x3a, 0x5b,
  0x30, 0x2c, 0x34, 0x5d, 0x7d, 0x2c, 0x22, 0x72, 0x22, 0x3a, 0x7b, 0x22,
  0x61, 0x22, 0x3a, 0x30, 0x2c, 0x22, 0x6b, 0x22, 0x3a, 0x32, 0x7d, 0x2c,
  0x22, 0x6e, 0x6d, 0x22, 0x3a, 0x22, 0x72, 0x63, 0x22, 0x7d, 0x2c, 0x7b,
  0x22, 0x74, 0x79, 0x22, 0x3a, 0x22, 0x66, 0x6c, 0x22, 0x2c, 0x22, 0x63,
  0x22, 0x3a, 0x7b, 0x22, 0x61, 0x22, 0x3a, 0x30, 0x2c, 0x22, 0x6b, 0x22,
  0x3a, 0x5b, 0x30, 0x2e, 0x30, 0x33, 0x39, 0x2c, 0x30, 0x2e, 0x30, 0x33,
  0x39, 0x2c, 0x30, 0x2e, 0x30, 0x33, 0x39, 0x2c, 0x31, 0x5d, 0x7d, 0x2c,
  0x22, 0x6f, 0x22, 0x3a, 0x7b, 0x22, 0x61, 0x22, 0x3a, 0x30, 0x2c, 0x22,
  0x6b, 0x22, 0x3a, 0x31, 0x30, 0x30, 0x7d, 0x2c, 0x22, 0x72, 0x22, 0x3a,
  0x31, 0x2c, 0x22, 0x6e, 0x6d, 0x22, 0x3a, 0x22, 0x66, 0x6c, 0x22, 0x7d,
  0x2c, 0x7b, 0x22, 0x74, 0x79, 0x22, 0x3a, 0x22, 0x65, 0x6c, 0x22, 0x2c,
  0x22, 0x64, 0x22, 0x3a, 0x31, 0x2c, 0x22, 0x73, 0x22, 0x3a, 0x7b, 0x22,
  0x61, 0x22, 0x3a, 0x30, 0x2c, 0x22, 0x6b, 0x22, 0x3a, 0x5b, 0x31, 0x36,
  0x2c, 0x31, 0x36, 0x5d, 0x7d, 0x2c, 0x22, 0x70, 0x22, 0x3a, 0x7b, 0x22,
  0x61, 0x22, 0x3a, 0x30, 0x2c, 0x22, 0x6b, 0x22, 0x3a, 0x5b, 0x30, 0x2c,
  0x2d, 0x31, 0x30, 0x5d, 0x7d, 0x2c, 0x22, 0x6e, 0x6d, 0x22, 0x3a, 0x22,
  0x65, 0x6c, 0x22, 0x7d, 0x2c, 0x7b, 0x22, 0x74, 0x79, 0x22, 0x3a, 0x22,
  0x66, 0x6c, 0x22, 0x2c, 0x22, 0x63, 0x22, 0x3a, 0x7b, 0x22, 0x61, 0x22,
  0x3a, 0x30, 0x2c, 0x22, 0x6b, 0x22, 0x3a, 0x5b, 0x30, 0x2c, 0x30, 0x2e,
  0x38, 0x39, 0x38, 0x2c, 0x30, 0x2e, 0x36, 0x32, 0x37, 0x2c, 0x31, 0x5d,
  0x7d, 0x2c, 0x22, 0x6f, 0x22, 0x3a, 0x7b, 0x22, 0x61, 0x22, 0x3a, 0x30,
  0x2c, 0x22, 0x6b, 0x22, 0x3a, 0x31, 0x30, 0x30, 0x7d, 0x2c, 0x22, 0x72,
  0x22, 0x3a, 0x31, 0x2c, 0x22, 0x6e, 0x6d, 0x22, 0x3a, 0x22, 0x66, 0x6c,
  0x22, 0x7d, 0x2c, 0x7b, 0x22, 0x74, 0x79, 0x22, 0x3a, 0x22, 0x65, 0x6c,
  0x22, 0x2c, 0x22, 0x64, 0x22, 0x3a, 0x31, 0x2c, 0x22, 0x73, 0x22, 0x3a,
  0x7b, 0x22, 0x61, 0x22, 0x3a, 0x30, 0x2c, 0x22, 0x6b, 0x22, 0x3a, 0x5b,
  0x36, 0x2c, 0x36, 0x5d, 0x7d, 0x2c, 0x22, 0x70, 0x22, 0x3a, 0x7b, 0x22,
  0x61, 0x22, 0x3a, 0x30, 0x2c, 0x22, 0x6b, 0x22, 0x3a, 0x5b, 0x2d, 0x33,
  0x2c, 0x2d, 0x31, 0x33, 0x5d, 0x7d, 0x2c, 0x22, 0x6e, 0x6d, 0x22, 0x3a,
  0x22, 0x65, 0x6c, 0x22, 0x7d, 0x2c, 0x7b, 0x22, 0x74, 0x79, 0x22, 0x3a,
  0x22, 0x66, 0x6c, 0x22, 0x2c, 0x22, 0x63, 0x22, 0x3a, 0x7b, 0x22, 0x61,
  0x22, 0x3a, 0x30, 0x2c, 0x22, 0x6b, 0x22, 0x3a, 0x5b, 0x31, 0x2c, 0x31,
  0x2c, 0x31, 0x2c, 0x31, 0x5d, 0x7d, 0x2c, 0x22, 0x6f, 0x22, 0x3a, 0x7b,
  0x22, 0x61, 0x22, 0x3a, 0x30, 0x2c, 0x22, 0x6b, 0x22, 0x3a, 0x38, 0x30,
  0x7d, 0x2c, 0x22, 0x72, 0x22, 0x3a, 0x31, 0x2c, 0x22, 0x6e, 0x6d, 0x22,
  0x3a, 0x22, 0x66, 0x6c, 0x22, 0x7d, 0x2c, 0x7b, 0x22, 0x74, 0x79, 0x22,
  0x3a, 0x22, 0x74, 0x72, 0x22, 0x2c, 0x22, 0x70, 0x22, 0x3a, 0x7b, 0x22,
  0x61, 0x22, 0x3a, 0x30, 0x2c, 0x22, 0x6b, 0x22, 0x3a, 0x5b, 0x30, 0x2c,
  0x2d, 0x37, 0x38, 0x5d, 0x7d, 0x2c, 0x22, 0x61, 0x22, 0x3a, 0x7b, 0x22,
  0x61, 0x22, 0x3a, 0x30, 0x2c, 0x22, 0x6b, 0x22, 0x3a, 0x5b, 0x30, 0x2c,
  0x30, 0x5d, 0x7d, 0x2c, 0x22, 0x73, 0x22, 0x3a, 0x7b, 0x22, 0x61, 0x22,
  0x3a, 0x30, 0x2c, 0x22, 0x6b, 0x22, 0x3a, 0x5b, 0x31, 0x30, 0x30, 0x2c,
  0x31, 0x30, 0x30, 0x5d, 0x7d, 0x2c, 0x22, 0x72, 0x22, 0x3a, 0x7b, 0x22,
  0x61, 0x22, 0x3a, 0x30, 0x2c, 0x22, 0x6b, 0x22, 0x3a, 0x30, 0x7d, 0x2c,
  0x22, 0x6f, 0x22, 0x3a, 0x7b, 0x22, 0x61, 0x22, 0x3a, 0x30, 0x2c, 0x22,
  0x6b, 0x22, 0x3a, 0x31, 0x30, 0x30, 0x7d, 0x7d, 0x5d, 0x7d, 0x2c, 0x7b,
  0x22, 0x74, 0x79, 0x22, 0x3a, 0x22, 0x67, 0x72, 0x22, 0x2c, 0x22, 0x6e,
  0x6d, 0x22, 0x3a, 0x22, 0x62, 0x6f, 0x64, 0x79, 0x22, 0x2c, 0x22, 0x69,
  0x74, 0x22, 0x3a, 0x5b, 0x7b, 0x22, 0x74, 0x79, 0x22, 0x3a, 0x22, 0x72,
  0x63, 0x22, 0x2c, 0x22, 0x64, 0x22, 0x3a, 0x31, 0x2c, 0x22, 0x73, 0x22,
  0x3a, 0x7b, 0x22, 0x61, 0x22, 0x3a, 0x30, 0x2c, 0x22, 0x6b, 0x22, 0x3a,
  0x5b, 0x31, 0x31, 0x38, 0x2c, 0x31, 0x38, 0x5d, 0x7d, 0x2c, 0x22, 0x70,
  0x22, 0x3a, 0x7b, 0x22, 0x61, 0x22, 0x3a, 0x30, 0x2c, 0x22, 0x6b, 0x22,
  0x3a, 0x5b, 0x30, 0x2c, 0x34, 0x35, 0x5d, 0x7d, 0x2c, 0x22, 0x72, 0x22,
  0x3a, 0x7b, 0x22, 0x61, 0x22, 0x3a, 0x30, 0x2c, 0x22, 0x6b, 0x22, 0x3a,
  0x31, 0x32, 0x7d, 0x2c, 0x22, 0x6e, 0x6d, 0x22, 0x3a, 0x22, 0x72, 0x63,
  0x22, 0x7d, 0x2c, 0x7b, 0x22, 0x74, 0x79, 0x22, 0x3a, 0x22, 0x66, 0x6c,
  0x22, 0x2c, 0x22, 0x63, 0x22, 0x3a, 0x7b, 0x22, 0x61, 0x22, 0x3a, 0x30,
  0x2c, 0x22, 0x6b, 0x22, 0x3a, 0x5b, 0x30, 0x2e, 0x37, 0x36, 0x31, 0x2c,
  0x30, 0x2e, 0x33, 0x31, 0x2c, 0x30, 0x2e, 0x30, 0x33, 0x31, 0x2c, 0x31,
  0x5d, 0x7d, 0x2c, 0x22, 0x6f, 0x22, 0x3a, 0x7b, 0x22, 0x61, 0x22, 0x3a,
  0x30, 0x2c, 0x22, 0x6b, 0x22, 0x3a, 0x36, 0x30, 0x7d, 0x2c, 0x22, 0x72,
  0x22, 0x3a, 0x31, 0x2c, 0x22, 0x6e, 0x6d, 0x22, 0x3a, 0x22, 0x66, 0x6c,
  0x22, 0x7d, 0x2c, 0x7b, 0x22, 0x74, 0x79, 0x22, 0x3a, 0x22, 0x72, 0x63,
  0x22, 0x2c, 0x22, 0x64, 0x22, 0x3a, 0x31, 0x2c, 0x22, 0x73, 0x22, 0x3a,
  0x7b, 0x22, 0x61, 0x22, 0x3a, 0x30, 0x2c, 0x22, 0x6b, 0x22, 0x3a, 0x5b,
  0x31, 0x33, 0x38, 0x2c, 0x31, 0x31, 0x38, 0x5d, 0x7d, 0x2c, 0x22, 0x70,
  0x22, 0x3a, 0x7b, 0x22, 0x61, 0x22, 0x3a, 0x30, 0x2c, 0x22, 0x6b, 0x22,
  0x3a, 0x5b, 0x30, 0x2c, 0x30, 0x5d, 0x7d, 0x2c, 0x22, 0x72, 0x22, 0x3a,
  0x7b, 0x22, 0x61, 0x22, 0x3a, 0x30, 0x2c, 0x22, 0x6b, 0x22, 0x3a, 0x33,
  0x36, 0x7d, 0x2c, 0x22, 0x6e, 0x6d, 0x22, 0x3a, 0x22, 0x72, 0x63, 0x22,
  0x7d, 0x2c, 0x7b, 0x22, 0x74, 0x79, 0x22, 0x3a, 0x22, 0x66, 0x6c, 0x22,
  0x2c, 0x22, 0x63, 0x22, 0x3a, 0x7b, 0x22, 0x61, 0x22, 0x3a, 0x30, 0x2c,
  0x22, 0x6b, 0x22, 0x3a, 0x5b, 0x31, 0x2c, 0x30, 0x2e, 0x34, 0x32, 0x2c,
  0x30, 0x2e, 0x31, 0x30, 0x32, 0x2c, 0x31, 0x5d, 0x7d, 0x2c, 0x22, 0x6f,
  0x22, 0x3a, 0x7b, 0x22, 0x61, 0x22, 0x3a, 0x30, 0x2c, 0x22, 0x6b, 0x22,
  0x3a, 0x31, 0x30, 0x30, 0x7d, 0x2c, 0x22, 0x72, 0x22, 0x3a, 0x31, 0x2c,
  0x22, 0x6e, 0x6d, 0x22, 0x3a, 0x22, 0x66, 0x6c, 0x22, 0x7d, 0x2c, 0x7b,
  0x22, 0x74, 0x79, 0x22, 0x3a, 0x22, 0x73, 0x74, 0x22, 0x2c, 0x22, 0x63,
  0x22, 0x3a, 0x7b, 0x22, 0x61, 0x22, 0x3a, 0x30, 0x2c, 0x22, 0x6b, 0x22,
  0x3a, 0x5b, 0x30, 0x2e, 0x30, 0x33, 0x39, 0x2c, 0x30, 0x2e, 0x30, 0x33,
  0x39, 0x2c, 0x30, 0x2e, 0x30, 0x33, 0x39, 0x2c, 0x31, 0x5d, 0x7d, 0x2c,
  0x22, 0x6f, 0x22, 0x3a, 0x7b, 0x22, 0x61, 0x22, 0x3a, 0x30, 0x2c, 0x22,
  0x6b, 0x22, 0x3a, 0x31, 0x30, 0x30, 0x7d, 0x2c, 0x22, 0x77, 0x22, 0x3a,
  0x34, 0x2c, 0x22, 0x6c, 0x63, 0x22, 0x3a, 0x32, 0x2c, 0x22, 0x6c, 0x6a,
  0x22, 0x3a, 0x32, 0x2c, 0x22, 0x6e, 0x6d, 0x22, 0x3a, 0x22, 0x73, 0x74,
  0x22, 0x7d, 0x2c, 0x7b, 0x22, 0x74, 0x79, 0x22, 0x3a, 0x22, 0x72, 0x63,
  0x22, 0x2c, 0x22, 0x64, 0x22, 0x3a, 0x31, 0x2c, 0x22, 0x73, 0x22, 0x3a,
  0x7b, 0x22, 0x61, 0x22, 0x3a, 0x30, 0x2c, 0x22, 0x6b, 0x22, 0x3a, 0x5b,
  0x31, 0x30, 0x38, 0x2c, 0x31, 0x30, 0x5d, 0x7d, 0x2c, 0x22, 0x70, 0x22,
  0x3a, 0x7b, 0x22, 0x61, 0x22, 0x3a, 0x30, 0x2c, 0x22, 0x6b, 0x22, 0x3a,
  0x5b, 0x30, 0x2c, 0x2d, 0x34, 0x33, 0x5d, 0x7d, 0x2c, 0x22, 0x72, 0x22,
  0x3a, 0x7b, 0x22, 0x61, 0x22, 0x3a, 0x30, 0x2c, 0x22, 0x6b, 0x22, 0x3a,
  0x36, 0x7d, 0x2c, 0x22, 0x6e, 0x6d, 0x22, 0x3a, 0x22, 0x72, 0x63, 0x22,
  0x7d, 0x2c, 0x7b, 0x22, 0x74, 0x79, 0x22, 0x3a, 0x22, 0x66, 0x6c, 0x22,
  0x2c, 0x22, 0x63, 0x22, 0x3a, 0x7b, 0x22, 0x61, 0x22, 0x3a, 0x30, 0x2c,
  0x22, 0x6b, 0x22, 0x3a, 0x5b, 0x31, 0x2c, 0x31, 0x2c, 0x31, 0x2c, 0x31,
  0x5d, 0x7d, 0x2c, 0x22, 0x6f, 0x22, 0x3a, 0x7b, 0x22, 0x61, 0x22, 0x3a,
  0x30, 0x2c, 0x22, 0x6b, 0x22, 0x3a, 0x31, 0x38, 0x7d, 0x2c, 0x22, 0x72,
  0x22, 0x3a, 0x31, 0x2c, 0x22, 0x6e, 0x6d, 0x22, 0x3a, 0x22, 0x66, 0x6c,
  0x22, 0x7d, 0x2c, 0x7b, 0x22, 0x74, 0x79, 0x22, 0x3a, 0x22, 0x74, 0x72,
  0x22, 0x2c, 0x22, 0x70, 0x22, 0x3a, 0x7b, 0x22, 0x61, 0x22, 0x3a, 0x30,
  0x2c, 0x22, 0x6b, 0x22, 0x3a, 0x5b, 0x30, 0x2c, 0x30, 0x5d, 0x7d, 0x2c,
  0x22, 0x61, 0x22, 0x3a, 0x7b, 0x22, 0x61, 0x22, 0x3a, 0x30, 0x2c, 0x22,
  0x6b, 0x22, 0x3a, 0x5b, 0x30, 0x2c, 0x30, 0x5d, 0x7d, 0x2c, 0x22, 0x73,
  0x22, 0x3a, 0x7b, 0x22, 0x61, 0x22, 0x3a, 0x30, 0x2c, 0x22, 0x6b, 0x22,
  0x3a, 0x5b, 0x31, 0x30, 0x30, 0x2c, 0x31, 0x30, 0x30, 0x5d, 0x7d, 0x2c,
  0x22, 0x72, 0x22, 0x3a, 0x7b, 0x22, 0x61, 0x22, 0x3a, 0x30, 0x2c, 0x22,
  0x6b, 0x22, 0x3a, 0x30, 0x7d, 0x2c, 0x22, 0x6f, 0x22, 0x3a, 0x7b, 0x22,
  0x61, 0x22, 0x3a, 0x30, 0x2c, 0x22, 0x6b, 0x22, 0x3a, 0x31, 0x30, 0x30,
  0x7d, 0x7d, 0x5d, 0x7d, 0x2c, 0x7b, 0x22, 0x74, 0x79, 0x22, 0x3a, 0x22,
  0x67, 0x72, 0x22, 0x2c, 0x22, 0x6e, 0x6d, 0x22, 0x3a, 0x22, 0x76, 0x69,
  0x73, 0x6f, 0x72, 0x22, 0x2c, 0x22, 0x69, 0x74, 0x22, 0x3a, 0x5b, 0x7b,
  0x22, 0x74, 0x79, 0x22, 0x3a, 0x22, 0x72, 0x63, 0x22, 0x2c, 0x22, 0x64,
  0x22, 0x3a, 0x31, 0x2c, 0x22, 0x73, 0x22, 0x3a, 0x7b, 0x22, 0x61, 0x22,
  0x3a, 0x30, 0x2c, 0x22, 0x6b, 0x22, 0x3a, 0x5b, 0x31, 0x30, 0x34, 0x2c,
  0x35, 0x32, 0x5d, 0x7d, 0x2c, 0x22, 0x70, 0x22, 0x3a, 0x7b, 0x22, 0x61,
  0x22, 0x3a, 0x30, 0x2c, 0x22, 0x6b, 0x22, 0x3a, 0x5b, 0x30, 0x2c, 0x2d,
  0x36, 0x5d, 0x7d, 0x2c, 0x22, 0x72, 0x22, 0x3a, 0x7b, 0x22, 0x61, 0x22,
  0x3a, 0x30, 0x2c, 0x22, 0x6b, 0x22, 0x3a, 0x32, 0x34, 0x7d, 0x2c, 0x22,
  0x6e, 0x6d, 0x22, 0x3a, 0x22, 0x72, 0x63, 0x22, 0x7d, 0x2c, 0x7b, 0x22,
  0x74, 0x79, 0x22, 0x3a, 0x22, 0x66, 0x6c, 0x22, 0x2c, 0x22, 0x63, 0x22,
  0x3a, 0x7b, 0x22, 0x61, 0x22, 0x3a, 0x30, 0x2c, 0x22, 0x6b, 0x22, 0x3a,
  0x5b, 0x30, 0x2e, 0x30, 0x33, 0x39, 0x2c, 0x30, 0x2e, 0x30, 0x33, 0x39,
  0x2c, 0x30, 0x2e, 0x30, 0x33, 0x39, 0x2c, 0x31, 0x5d, 0x7d, 0x2c, 0x22,
  0x6f, 0x22, 0x3a, 0x7b, 0x22, 0x61, 0x22, 0x3a, 0x30, 0x2c, 0x22, 0x6b,
  0x22, 0x3a, 0x31, 0x30, 0x30, 0x7d, 0x2c, 0x22, 0x72, 0x22, 0x3a, 0x31,
  0x2c, 0x22, 0x6e, 0x6d, 0x22, 0x3a, 0x22, 0x66, 0x6c, 0x22, 0x7d, 0x2c,
  0x7b, 0x22, 0x74, 0x79, 0x22, 0x3a, 0x22, 0x74, 0x72, 0x22, 0x2c, 0x22,
  0x70, 0x22, 0x3a, 0x7b, 0x22, 0x61, 0x22, 0x3a, 0x30, 0x2c, 0x22, 0x6b,
  0x22, 0x3a, 0x5b, 0x30, 0x2c, 0x30, 0x5d, 0x7d, 0x2c, 0x22, 0x61, 0x22,
  0x3a, 0x7b, 0x22, 0x61, 0x22, 0x3a, 0x30, 0x2c, 0x22, 0x6b, 0x22, 0x3a,
  0x5b, 0x30, 0x2c, 0x30, 0x5d, 0x7d, 0x2c, 0x22, 0x73, 0x22, 0x3a, 0x7b,
  0x22, 0x61, 0x22, 0x3a, 0x30, 0x2c, 0x22, 0x6b, 0x22, 0x3a, 0x5b, 0x31,
  0x30, 0x30, 0x2c, 0x31, 0x30, 0x30, 0x5d, 0x7d, 0x2c, 0x22, 0x72, 0x22,
  0x3a, 0x7b, 0x22, 0x61, 0x22, 0x3a, 0x30, 0x2c, 0x22, 0x6b, 0x22, 0x3a,
  0x30, 0x7d, 0x2c, 0x22, 0x6f, 0x22, 0x3a, 0x7b, 0x22, 0x61, 0x22, 0x3a,
  0x30, 0x2c, 0x22, 0x6b, 0x22, 0x3a, 0x31, 0x30, 0x30, 0x7d, 0x7d, 0x5d,
  0x7d, 0x2c, 0x7b, 0x22, 0x74, 0x79, 0x22, 0x3a, 0x22, 0x67, 0x72, 0x22,
  0x2c, 0x22, 0x6e, 0x6d, 0x22, 0x3a, 0x22, 0x63, 0x68, 0x65, 0x65, 0x6b,
  0x73, 0x22, 0x2c, 0x22, 0x69, 0x74, 0x22, 0x3a, 0x5b, 0x7b, 0x22, 0x74,
  0x79, 0x22, 0x3a, 0x22, 0x65, 0x6c, 0x22, 0x2c, 0x22, 0x64, 0x22, 0x3a,
  0x31, 0x2c, 0x22, 0x73, 0x22, 0x3a, 0x7b, 0x22, 0x61, 0x22, 0x3a, 0x30,
  0x2c, 0x22, 0x6b, 0x22, 0x3a, 0x5b, 0x31, 0x34, 0x2c, 0x38, 0x5d, 0x7d,
  0x2c, 0x22, 0x70, 0x22, 0x3a, 0x7b, 0x22, 0x61, 0x22, 0x3a, 0x30, 0x2c,
  0x22, 0x6b, 0x22, 0x3a, 0x5b, 0x2d, 0x34, 0x34, 0x2c, 0x32, 0x32, 0x5d,
  0x7d, 0x2c, 0x22, 0x6e, 0x6d, 0x22, 0x3a, 0x22, 0x65, 0x6c, 0x22, 0x7d,
  0x2c, 0x7b, 0x22, 0x74, 0x79, 0x22, 0x3a, 0x22, 0x66, 0x6c, 0x22, 0x2c,
  0x22, 0x63, 0x22, 0x3a, 0x7b, 0x22, 0x61, 0x22, 0x3a, 0x30, 0x2c, 0x22,
  0x6b, 0x22, 0x3a, 0x5b, 0x31, 0x2c, 0x30, 0x2e, 0x33, 0x33, 0x33, 0x2c,
  0x30, 0x2e, 0x34, 0x36, 0x37, 0x2c, 0x31, 0x5d, 0x7d, 0x2c, 0x22, 0x6f,
  0x22, 0x3a, 0x7b, 0x22, 0x61, 0x22, 0x3a, 0x30, 0x2c, 0x22, 0x6b, 0x22,
  0x3a, 0x35, 0x35, 0x7d, 0x2c, 0x22, 0x72, 0x22, 0x3a, 0x31, 0x2c, 0x22,
  0x6e, 0x6d, 0x22, 0x3a, 0x22, 0x66, 0x6c, 0x22, 0x7d, 0x2c, 0x7b, 0x22,
  0x74, 0x79, 0x22, 0x3a, 0x22, 0x65, 0x6c, 0x22, 0x2c, 0x22, 0x64, 0x22,
  0x3a, 0x31, 0x2c, 0x22, 0x73, 0x22, 0x3a, 0x7b, 0x22, 0x61, 0x22, 0x3a,
  0x30, 0x2c, 0x22, 0x6b, 0x22, 0x3a, 0x5b, 0x31, 0x34, 0x2c, 0x38, 0x5d,
  0x7d, 0x2c, 0x22, 0x70, 0x22, 0x3a, 0x7b, 0x22, 0x61, 0x22, 0x3a, 0x30,
  0x2c, 0x22, 0x6b, 0x22, 0x3a, 0x5b, 0x34, 0x34, 0x2c, 0x32, 0x32, 0x5d,
  0x7d, 0x2c, 0x22, 0x6e, 0x6d, 0x22, 0x3a, 0x22, 0x65, 0x6c, 0x22, 0x7d,
  0x2c, 0x7b, 0x22, 0x74, 0x79, 0x22, 0x3a, 0x22, 0x66, 0x6c, 0x22, 0x2c,
  0x22, 0x63, 0x22, 0x3a, 0x7b, 0x22, 0x61, 0x22, 0x3a, 0x30, 0x2c, 0x22,
  0x6b, 0x22, 0x3a, 0x5b, 0x31, 0x2c, 0x30, 0x2e, 0x33, 0x33, 0x33, 0x2c,
  0x30, 0x2e, 0x34, 0x36, 0x37, 0x2c, 0x31, 0x5d, 0x7d, 0x2c, 0x22, 0x6f,
  0x22, 0x3a, 0x7b, 0x22, 0x61, 0x22, 0x3a, 0x30, 0x2c, 0x22, 0x6b, 0x22,
  0x3a, 0x35, 0x35, 0x7d, 0x2c, 0x22, 0x72, 0x22, 0x3a, 0x31, 0x2c, 0x22,
  0x6e, 0x6d, 0x22, 0x3a, 0x22, 0x66, 0x6c, 0x22, 0x7d, 0x2c, 0x7b, 0x22,
  0x74, 0x79, 0x22, 0x3a, 0x22, 0x74, 0x72, 0x22, 0x2c, 0x22, 0x70, 0x22,
  0x3a, 0x7b, 0x22, 0x61, 0x22, 0x3a, 0x30, 0x2c, 0x22, 0x6b, 0x22, 0x3a,
  0x5b, 0x30, 0x2c, 0x30, 0x5d, 0x7d, 0x2c, 0x22, 0x61, 0x22, 0x3a, 0x7b,
  0x22, 0x61, 0x22, 0x3a, 0x30, 0x2c, 0x22, 0x6b, 0x22, 0x3a, 0x5b, 0x30,
  0x2c, 0x30, 0x5d, 0x7d, 0x2c, 0x22, 0x73, 0x22, 0x3a, 0x7b, 0x22, 0x61,
  0x22, 0x3a, 0x30, 0x2c, 0x22, 0x6b, 0x22, 0x3a, 0x5b, 0x31, 0x30, 0x30,
  0x2c, 0x31, 0x30, 0x30, 0x5d, 0x7d, 0x2c, 0x22, 0x72, 0x22, 0x3a, 0x7b,
  0x22, 0x61, 0x22, 0x3a, 0x30, 0x2c, 0x22, 0x6b, 0x22, 0x3a, 0x30, 0x7d,
  0x2c, 0x22, 0x6f, 0x22, 0x3a, 0x7b, 0x22, 0x61, 0x22, 0x3a, 0x30, 0x2c,
  0x22, 0x6b, 0x22, 0x3a, 0x31, 0x30, 0x30, 0x7d, 0x7d, 0x5d, 0x7d, 0x2c,
  0x7b, 0x22, 0x74, 0x79, 0x22, 0x3a, 0x22, 0x67, 0x72, 0x22, 0x2c, 0x22,
  0x6e, 0x6d, 0x22, 0x3a, 0x22, 0x6d, 0x6f, 0x75, 0x74, 0x68, 0x22, 0x2c,
  0x22, 0x69, 0x74, 0x22, 0x3a, 0x5b, 0x7b, 0x22, 0x74, 0x79, 0x22, 0x3a,
  0x22, 0x73, 0x68, 0x22, 0x2c, 0x22, 0x64, 0x22, 0x3a, 0x31, 0x2c, 0x22,
  0x6e, 0x6d, 0x22, 0x3a, 0x22, 0x73, 0x68, 0x22, 0x2c, 0x22, 0x6b, 0x73,
  0x22, 0x3a, 0x7b, 0x22, 0x61, 0x22, 0x3a, 0x30, 0x2c, 0x22, 0x6b, 0x22,
  0x3a, 0x7b, 0x22, 0x63, 0x22, 0x3a, 0x66, 0x61, 0x6c, 0x73, 0x65, 0x2c,
  0x22, 0x76, 0x22, 0x3a, 0x5b, 0x5b, 0x2d, 0x31, 0x34, 0x2c, 0x30, 0x5d,
  0x2c, 0x5b, 0x2d, 0x37, 0x2c, 0x2d, 0x34, 0x5d, 0x2c, 0x5b, 0x30, 0x2c,
  0x30, 0x5d, 0x2c, 0x5b, 0x37, 0x2c, 0x34, 0x5d, 0x2c, 0x5b, 0x31, 0x34,
  0x2c, 0x30, 0x5d, 0x5d, 0x2c, 0x22, 0x69, 0x22, 0x3a, 0x5b, 0x5b, 0x30,
  0x2c, 0x30, 0x5d, 0x2c, 0x5b, 0x30, 0x2c, 0x30, 0x5d, 0x2c, 0x5b, 0x30,
  0x2c, 0x30, 0x5d, 0x2c, 0x5b, 0x30, 0x2c, 0x30, 0x5d, 0x2c, 0x5b, 0x30,
  0x2c, 0x30, 0x5d, 0x5d, 0x2c, 0x22, 0x6f, 0x22, 0x3a, 0x5b, 0x5b, 0x30,
  0x2c, 0x30, 0x5d, 0x2c, 0x5b, 0x30, 0x2c, 0x30, 0x5d, 0x2c, 0x5b, 0x30,
  0x2c, 0x30, 0x5d, 0x2c, 0x5b, 0x30, 0x2c, 0x30, 0x5d, 0x2c, 0x5b, 0x30,
  0x2c, 0x30, 0x5d, 0x5d, 0x7d, 0x7d, 0x7d, 0x2c, 0x7b, 0x22, 0x74, 0x79,
  0x22, 0x3a, 0x22, 0x73, 0x74, 0x22, 0x2c, 0x22, 0x63, 0x22, 0x3a, 0x7b,
  0x22, 0x61, 0x22, 0x3a, 0x30, 0x2c, 0x22, 0x6b, 0x22, 0x3a, 0x5b, 0x31,
  0x2c, 0x31, 0x2c, 0x31, 0x2c, 0x31, 0x5d, 0x7d, 0x2c, 0x22, 0x6f, 0x22,
  0x3a, 0x7b, 0x22, 0x61, 0x22, 0x3a, 0x30, 0x2c, 0x22, 0x6b, 0x22, 0x3a,
  0x31, 0x30, 0x30, 0x7d, 0x2c, 0x22, 0x77, 0x22, 0x3a, 0x33, 0x2c, 0x22,
  0x6c, 0x63, 0x22, 0x3a, 0x32, 0x2c, 0x22, 0x6c, 0x6a, 0x22, 0x3a, 0x32,
  0x2c, 0x22, 0x6e, 0x6d, 0x22, 0x3a, 0x22, 0x73, 0x74, 0x22, 0x7d, 0x2c,
  0x7b, 0x22, 0x74, 0x79, 0x22, 0x3a, 0x22, 0x74, 0x72, 0x22, 0x2c, 0x22,
  0x70, 0x22, 0x3a, 0x7b, 0x22, 0x61, 0x22, 0x3a, 0x30, 0x2c, 0x22, 0x6b,
  0x22, 0x3a, 0x5b, 0x30, 0x2c, 0x32, 0x30, 0x5d, 0x7d, 0x2c, 0x22, 0x61,
  0x22, 0x3a, 0x7b, 0x22, 0x61, 0x22, 0x3a, 0x30, 0x2c, 0x22, 0x6b, 0x22,
  0x3a, 0x5b, 0x30, 0x2c, 0x30, 0x5d, 0x7d, 0x2c, 0x22, 0x73, 0x22, 0x3a,
  0x7b, 0x22, 0x61, 0x22, 0x3a, 0x30, 0x2c, 0x22, 0x6b, 0x22, 0x3a, 0x5b,
  0x31, 0x30, 0x30, 0x2c, 0x31, 0x30, 0x30, 0x5d, 0x7d, 0x2c, 0x22, 0x72,
  0x22, 0x3a, 0x7b, 0x22, 0x61, 0x22, 0x3a, 0x30, 0x2c, 0x22, 0x6b, 0x22,
  0x3a, 0x30, 0x7d, 0x2c, 0x22, 0x6f, 0x22, 0x3a, 0x7b, 0x22, 0x61, 0x22,
  0x3a, 0x30, 0x2c, 0x22, 0x6b, 0x22, 0x3a, 0x31, 0x30, 0x30, 0x7d, 0x7d,
  0x5d, 0x7d, 0x2c, 0x7b, 0x22, 0x74, 0x79, 0x22, 0x3a, 0x22, 0x67, 0x72,
  0x22, 0x2c, 0x22, 0x6e, 0x6d, 0x22, 0x3a, 0x22, 0x63, 0x68, 0x65, 0x73,
  0x74, 0x22, 0x2c, 0x22, 0x69, 0x74, 0x22, 0x3a, 0x5b, 0x7b, 0x22, 0x74,
  0x79, 0x22, 0x3a, 0x22, 0x72, 0x63, 0x22, 0x2c, 0x22, 0x64, 0x22, 0x3a,
  0x31, 0x2c, 0x22, 0x73, 0x22, 0x3a, 0x7b, 0x22, 0x61, 0x22, 0x3a, 0x30,
  0x2c, 0x22, 0x6b, 0x22, 0x3a, 0x5b, 0x33, 0x34, 0x2c, 0x31, 0x30, 0x5d,
  0x7d, 0x2c, 0x22, 0x70, 0x22, 0x3a, 0x7b, 0x22, 0x61, 0x22, 0x3a, 0x30,
  0x2c, 0x22, 0x6b, 0x22, 0x3a, 0x5b, 0x30, 0x2c, 0x30, 0x5d, 0x7d, 0x2c,
  0x22, 0x72, 0x22, 0x3a, 0x7b, 0x22, 0x61, 0x22, 0x3a, 0x30, 0x2c, 0x22,
  0x6b, 0x22, 0x3a, 0x35, 0x7d, 0x2c, 0x22, 0x6e, 0x6d, 0x22, 0x3a, 0x22,
  0x72, 0x63, 0x22, 0x7d, 0x2c, 0x7b, 0x22, 0x74, 0x79, 0x22, 0x3a, 0x22,
  0x66, 0x6c, 0x22, 0x2c, 0x22, 0x63, 0x22, 0x3a, 0x7b, 0x22, 0x61, 0x22,
  0x3a, 0x30, 0x2c, 0x22, 0x6b, 0x22, 0x3a, 0x5b, 0x30, 0x2e, 0x30, 0x39,
  0x38, 0x2c, 0x30, 0x2e, 0x39, 0x31, 0x34, 0x2c, 0x31, 0x2c, 0x31, 0x5d,
  0x7d, 0x2c, 0x22, 0x6f, 0x22, 0x3a, 0x7b, 0x22, 0x61, 0x22, 0x3a, 0x30,
  0x2c, 0x22, 0x6b, 0x22, 0x3a, 0x31, 0x30, 0x30, 0x7d, 0x2c, 0x22, 0x72,
  0x22, 0x3a, 0x31, 0x2c, 0x22, 0x6e, 0x6d, 0x22, 0x3a, 0x22, 0x66, 0x6c,
  0x22, 0x7d, 0x2c, 0x7b, 0x22, 0x74, 0x79, 0x22, 0x3a, 0x22, 0x72, 0x63,
  0x22, 0x2c, 0x22, 0x64, 0x22, 0x3a, 0x31, 0x2c, 0x22, 0x73, 0x22, 0x3a,
  0x7b, 0x22, 0x61, 0x22, 0x3a, 0x30, 0x2c, 0x22, 0x6b, 0x22, 0x3a, 0x5b,
  0x33, 0x30, 0x2c, 0x34, 0x5d, 0x7d, 0x2c, 0x22, 0x70, 0x22, 0x3a, 0x7b,
  0x22, 0x61, 0x22, 0x3a, 0x30, 0x2c, 0x22, 0x6b, 0x22, 0x3a, 0x5b, 0x30,
  0x2c, 0x2d, 0x32, 0x5d, 0x7d, 0x2c, 0x22, 0x72, 0x22, 0x3a, 0x7b, 0x22,
  0x61, 0x22, 0x3a, 0x30, 0x2c, 0x22, 0x6b, 0x22, 0x3a, 0x32, 0x7d, 0x2c,
  0x22, 0x6e, 0x6d, 0x22, 0x3a, 0x22, 0x72, 0x63, 0x22, 0x7d, 0x2c, 0x7b,
  0x22, 0x74, 0x79, 0x22, 0x3a, 0x22, 0x66, 0x6c, 0x22, 0x2c, 0x22, 0x63,
  0x22, 0x3a, 0x7b, 0x22, 0x61, 0x22, 0x3a, 0x30, 0x2c, 0x22, 0x6b, 0x22,
  0x3a, 0x5b, 0x31, 0x2c, 0x31, 0x2c, 0x31, 0x2c, 0x31, 0x5d, 0x7d, 0x2c,
  0x22, 0x6f, 0x22, 0x3a, 0x7b, 0x22, 0x61, 0x22, 0x3a, 0x30, 0x2c, 0x22,
  0x6b, 0x22, 0x3a, 0x36, 0x30, 0x7d, 0x2c, 0x22, 0x72, 0x22, 0x3a, 0x31,
  0x2c, 0x22, 0x6e, 0x6d, 0x22, 0x3a, 0x22, 0x66, 0x6c, 0x22, 0x7d, 0x2c,
  0x7b, 0x22, 0x74, 0x79, 0x22, 0x3a, 0x22, 0x74, 0x72, 0x22, 0x2c, 0x22,
  0x70, 0x22, 0x3a, 0x7b, 0x22, 0x61, 0x22, 0x3a, 0x30, 0x2c, 0x22, 0x6b,
  0x22, 0x3a, 0x5b, 0x30, 0x2c, 0x34, 0x39, 0x5d, 0x7d, 0x2c, 0x22, 0x61,
  0x22, 0x3a, 0x7b, 0x22, 0x61, 0x22, 0x3a, 0x30, 0x2c, 0x22, 0x6b, 0x22,
  0x3a, 0x5b, 0x30, 0x2c, 0x30, 0x5d, 0x7d, 0x2c, 0x22, 0x73, 0x22, 0x3a,
  0x7b, 0x22, 0x61, 0x22, 0x3a, 0x30, 0x2c, 0x22, 0x6b, 0x22, 0x3a, 0x5b,
  0x31, 0x30, 0x30, 0x2c, 0x31, 0x30, 0x30, 0x5d, 0x7d, 0x2c, 0x22, 0x72,
  0x22, 0x3a, 0x7b, 0x22, 0x61, 0x22, 0x3a, 0x30, 0x2c, 0x22, 0x6b, 0x22,
  0x3a, 0x30, 0x7d, 0x2c, 0x22, 0x6f, 0x22, 0x3a, 0x7b, 0x22, 0x61, 0x22,
  0x3a, 0x30, 0x2c, 0x22, 0x6b, 0x22, 0x3a, 0x31, 0x30, 0x30, 0x7d, 0x7d,
  0x5d, 0x7d, 0x5d, 0x2c, 0x22, 0x69, 0x70, 0x22, 0x3a, 0x30, 0x2c, 0x22,
  0x6f, 0x70, 0x22, 0x3a, 0x36, 0x30, 0x2c, 0x22, 0x73, 0x74, 0x22, 0x3a,
  0x30, 0x7d, 0x2c, 0x7b, 0x22, 0x74, 0x79, 0x22, 0x3a, 0x34, 0x2c, 0x22,
  0x6e, 0x6d, 0x22, 0x3a, 0x22, 0x65, 0x79, 0x65, 0x4c, 0x22, 0x2c, 0x22,
  0x73, 0x72, 0x22, 0x3a, 0x31, 0x2c, 0x22, 0x6b, 0x73, 0x22, 0x3a, 0x7b,
  0x22, 0x70, 0x22, 0x3a, 0x7b, 0x22, 0x61, 0x22, 0x3a, 0x30, 0x2c, 0x22,
  0x6b, 0x22, 0x3a, 0x5b, 0x37, 0x38, 0x2c, 0x39, 0x34, 0x2c, 0x30, 0x5d,
  0x7d, 0x2c, 0x22, 0x61, 0x22, 0x3a, 0x7b, 0x22, 0x61, 0x22, 0x3a, 0x30,
  0x2c, 0x22, 0x6b, 0x22, 0x3a, 0x5b, 0x30, 0x2c, 0x30, 0x2c, 0x30, 0x5d,
  0x7d, 0x2c, 0x22, 0x73, 0x22, 0x3a, 0x7b, 0x22, 0x61, 0x22, 0x3a, 0x30,
  0x2c, 0x22, 0x6b, 0x22, 0x3a, 0x5b, 0x31, 0x30, 0x30, 0x2c, 0x31, 0x30,
  0x30, 0x5d, 0x7d, 0x2c, 0x22, 0x72, 0x22, 0x3a, 0x7b, 0x22, 0x61, 0x22,
  0x3a, 0x31, 0x2c, 0x22, 0x6b, 0x22, 0x3a, 0x5b, 0x7b, 0x22, 0x74, 0x22,
  0x3a, 0x30, 0x2c, 0x22, 0x73, 0x22, 0x3a, 0x5b, 0x30, 0x5d, 0x7d, 0x2c,
  0x7b, 0x22, 0x74, 0x22, 0x3a, 0x36, 0x30, 0x2c, 0x22, 0x73, 0x22, 0x3a,
  0x5b, 0x33, 0x36, 0x30, 0x5d, 0x7d, 0x5d, 0x7d, 0x2c, 0x22, 0x6f, 0x22,
  0x3a, 0x7b, 0x22, 0x61, 0x22, 0x3a, 0x30, 0x2c, 0x22, 0x6b, 0x22, 0x3a,
  0x31, 0x30, 0x30, 0x7d, 0x7d, 0x2c, 0x22, 0x61, 0x6f, 0x22, 0x3a, 0x30,
  0x2c, 0x22, 0x73, 0x68, 0x61, 0x70, 0x65, 0x73, 0x22, 0x3a, 0x5b, 0x7b,
  0x22, 0x74, 0x79, 0x22, 0x3a, 0x22, 0x67, 0x72, 0x22, 0x2c, 0x22, 0x6e,
  0x6d, 0x22, 0x3a, 0x22, 0x65, 0x79, 0x65, 0x53, 0x70, 0x2d, 0x31, 0x22,
  0x2c, 0x22, 0x69, 0x74, 0x22, 0x3a, 0x5b, 0x7b, 0x22, 0x74, 0x79, 0x22,
  0x3a, 0x22, 0x65, 0x6c, 0x22, 0x2c, 0x22, 0x64, 0x22, 0x3a, 0x31, 0x2c,
  0x22, 0x73, 0x22, 0x3a, 0x7b, 0x22, 0x61, 0x22, 0x3a, 0x30, 0x2c, 0x22,
  0x6b, 0x22, 0x3a, 0x5b, 0x32, 0x34, 0x2c, 0x32, 0x34, 0x5d, 0x7d, 0x2c,
  0x22, 0x70, 0x22, 0x3a, 0x7b, 0x22, 0x61, 0x22, 0x3a, 0x30, 0x2c, 0x22,
  0x6b, 0x22, 0x3a, 0x5b, 0x30, 0x2c, 0x30, 0x5d, 0x7d, 0x2c, 0x22, 0x6e,
  0x6d, 0x22, 0x3a, 0x22, 0x65, 0x6c, 0x22, 0x7d, 0x2c, 0x7b, 0x22, 0x74,
  0x79, 0x22, 0x3a, 0x22, 0x66, 0x6c, 0x22, 0x2c, 0x22, 0x63, 0x22, 0x3a,
  0x7b, 0x22, 0x61, 0x22, 0x3a, 0x30, 0x2c, 0x22, 0x6b, 0x22, 0x3a, 0x5b,
  0x31, 0x2c, 0x31, 0x2c, 0x31, 0x2c, 0x31, 0x5d, 0x7d, 0x2c, 0x22, 0x6f,
  0x22, 0x3a, 0x7b, 0x22, 0x61, 0x22, 0x3a, 0x30, 0x2c, 0x22, 0x6b, 0x22,
  0x3a, 0x31, 0x30, 0x30, 0x7d, 0x2c, 0x22, 0x72, 0x22, 0x3a, 0x31, 0x2c,
  0x22, 0x6e, 0x6d, 0x22, 0x3a, 0x22, 0x66, 0x6c, 0x22, 0x7d, 0x2c, 0x7b,
  0x22, 0x74, 0x79, 0x22, 0x3a, 0x22, 0x65, 0x6c, 0x22, 0x2c, 0x22, 0x64,
  0x22, 0x3a, 0x31, 0x2c, 0x22, 0x73, 0x22, 0x3a, 0x7b, 0x22, 0x61, 0x22,
  0x3a, 0x30, 0x2c, 0x22, 0x6b, 0x22, 0x3a, 0x5b, 0x31, 0x38, 0x2c, 0x31,
  0x38, 0x5d, 0x7d, 0x2c, 0x22, 0x70, 0x22, 0x3a, 0x7b, 0x22, 0x61, 0x22,
  0x3a, 0x30, 0x2c, 0x22, 0x6b, 0x22, 0x3a, 0x5b, 0x30, 0x2c, 0x30, 0x5d,
  0x7d, 0x2c, 0x22, 0x6e, 0x6d, 0x22, 0x3a, 0x22, 0x65, 0x6c, 0x22, 0x7d,
  0x2c, 0x7b, 0x22, 0x74, 0x79, 0x22, 0x3a, 0x22, 0x73, 0x74, 0x22, 0x2c,
  0x22, 0x63, 0x22, 0x3a, 0x7b, 0x22, 0x61, 0x22, 0x3a, 0x30, 0x2c, 0x22,
  0x6b, 0x22, 0x3a, 0x5b, 0x30, 0x2e, 0x30, 0x33, 0x39, 0x2c, 0x30, 0x2e,
  0x30, 0x33, 0x39, 0x2c, 0x30, 0x2e, 0x30, 0x33, 0x39, 0x2c, 0x31, 0x5d,
  0x7d, 0x2c, 0x22, 0x6f, 0x22, 0x3a, 0x7b, 0x22, 0x61, 0x22, 0x3a, 0x30,
  0x2c, 0x22, 0x6b, 0x22, 0x3a, 0x31, 0x30, 0x30, 0x7d, 0x2c, 0x22, 0x77,
  0x22, 0x3a, 0x32, 0x2c, 0x22, 0x6c, 0x63, 0x22, 0x3a, 0x32, 0x2c, 0x22,
  0x6c, 0x6a, 0x22, 0x3a, 0x32, 0x2c, 0x22, 0x6e, 0x6d, 0x22, 0x3a, 0x22,
  0x73, 0x74, 0x22, 0x7d, 0x2c, 0x7b, 0x22, 0x74, 0x79, 0x22, 0x3a, 0x22,
  0x65, 0x6c, 0x22, 0x2c, 0x22, 0x64, 0x22, 0x3a, 0x31, 0x2c, 0x22, 0x73,
  0x22, 0x3a, 0x7b, 0x22, 0x61, 0x22, 0x3a, 0x30, 0x2c, 0x22, 0x6b, 0x22,
  0x3a, 0x5b, 0x31, 0x32, 0x2c, 0x31, 0x32, 0x5d, 0x7d, 0x2c, 0x22, 0x70,
  0x22, 0x3a, 0x7b, 0x22, 0x61, 0x22, 0x3a, 0x30, 0x2c, 0x22, 0x6b, 0x22,
  0x3a, 0x5b, 0x32, 0x2c, 0x30, 0x5d, 0x7d, 0x2c, 0x22, 0x6e, 0x6d, 0x22,
  0x3a, 0x22, 0x65, 0x6c, 0x22, 0x7d, 0x2c, 0x7b, 0x22, 0x74, 0x79, 0x22,
  0x3a, 0x22, 0x73, 0x74, 0x22, 0x2c, 0x22, 0x63, 0x22, 0x3a, 0x7b, 0x22,
  0x61, 0x22, 0x3a, 0x30, 0x2c, 0x22, 0x6b, 0x22, 0x3a, 0x5b, 0x30, 0x2e,
  0x30, 0x33, 0x39, 0x2c, 0x30, 0x2e, 0x30, 0x33, 0x39, 0x2c, 0x30, 0x2e,
  0x30, 0x33, 0x39, 0x2c, 0x31, 0x5d, 0x7d, 0x2c, 0x22, 0x6f, 0x22, 0x3a,
  0x7b, 0x22, 0x61, 0x22, 0x3a, 0x30, 0x2c, 0x22, 0x6b, 0x22, 0x3a, 0x31,
  0x30, 0x30, 0x7d, 0x2c, 0x22, 0x77, 0x22, 0x3a, 0x32, 0x2c, 0x22, 0x6c,
  0x63, 0x22, 0x3a, 0x32, 0x2c, 0x22, 0x6c, 0x6a, 0x22, 0x3a, 0x32, 0x2c,
  0x22, 0x6e, 0x6d, 0x22, 0x3a, 0x22, 0x73, 0x74, 0x22, 0x7d, 0x2c, 0x7b,
  0x22, 0x74, 0x79, 0x22, 0x3a, 0x22, 0x65, 0x6c, 0x22, 0x2c, 0x22, 0x64,
  0x22, 0x3a, 0x31, 0x2c, 0x22, 0x73, 0x22, 0x3a, 0x7b, 0x22, 0x61, 0x22,
  0x3a, 0x30, 0x2c, 0x22, 0x6b, 0x22, 0x3a, 0x5b, 0x35, 0x2c, 0x35, 0x5d,
  0x7d, 0x2c, 0x22, 0x70, 0x22, 0x3a, 0x7b, 0x22, 0x61, 0x22, 0x3a, 0x30,
  0x2c, 0x22, 0x6b, 0x22, 0x3a, 0x5b, 0x32, 0x2c, 0x30, 0x5d, 0x7d, 0x2c,
  0x22, 0x6e, 0x6d, 0x22, 0x3a, 0x22, 0x65, 0x6c, 0x22, 0x7d, 0x2c, 0x7b,
  0x22, 0x74, 0x79, 0x22, 0x3a, 0x22, 0x66, 0x6c, 0x22, 0x2c, 0x22, 0x63,
  0x22, 0x3a, 0x7b, 0x22, 0x61, 0x22, 0x3a, 0x30, 0x2c, 0x22, 0x6b, 0x22,
  0x3a, 0x5b, 0x30, 0x2e, 0x30, 0x33, 0x39, 0x2c, 0x30, 0x2e, 0x30, 0x33,
  0x39, 0x2c, 0x30, 0x2e, 0x30, 0x33, 0x39, 0x2c, 0x31, 0x5d, 0x7d, 0x2c,
  0x22, 0x6f, 0x22, 0x3a, 0x7b, 0x22, 0x61, 0x22, 0x3a, 0x30, 0x2c, 0x22,
  0x6b, 0x22, 0x3a, 0x31, 0x30, 0x30, 0x7d, 0x2c, 0x22, 0x72, 0x22, 0x3a,
  0x31, 0x2c, 0x22, 0x6e, 0x6d, 0x22, 0x3a, 0x22, 0x66, 0x6c, 0x22, 0x7d,
  0x2c, 0x7b, 0x22, 0x74, 0x79, 0x22, 0x3a, 0x22, 0x74, 0x72, 0x22, 0x2c,
  0x22, 0x70, 0x22, 0x3a, 0x7b, 0x22, 0x61, 0x22, 0x3a, 0x30, 0x2c, 0x22,
  0x6b, 0x22, 0x3a, 0x5b, 0x2d, 0x32, 0x32, 0x2c, 0x2d, 0x36, 0x5d, 0x7d,
  0x2c, 0x22, 0x61, 0x22, 0x3a, 0x7b, 0x22, 0x61, 0x22, 0x3a, 0x30, 0x2c,
  0x22, 0x6b, 0x22, 0x3a, 0x5b, 0x30, 0x2c, 0x30, 0x5d, 0x7d, 0x2c, 0x22,
  0x73, 0x22, 0x3a, 0x7b, 0x22, 0x61, 0x22, 0x3a, 0x30, 0x2c, 0x22, 0x6b,
  0x22, 0x3a, 0x5b, 0x31, 0x30, 0x30, 0x2c, 0x31, 0x30, 0x30, 0x5d, 0x7d,
  0x2c, 0x22, 0x72, 0x22, 0x3a, 0x7b, 0x22, 0x61, 0x22, 0x3a, 0x30, 0x2c,
  0x22, 0x6b, 0x22, 0x3a, 0x30, 0x7d, 0x2c, 0x22, 0x6f, 0x22, 0x3a, 0x7b,
  0x22, 0x61, 0x22, 0x3a, 0x30, 0x2c, 0x22, 0x6b, 0x22, 0x3a, 0x31, 0x30,
  0x30, 0x7d, 0x7d, 0x5d, 0x7d, 0x5d, 0x2c, 0x22, 0x69, 0x70, 0x22, 0x3a,
  0x30, 0x2c, 0x22, 0x6f, 0x70, 0x22, 0x3a, 0x36, 0x30, 0x2c, 0x22, 0x73,
  0x74, 0x22, 0x3a, 0x30, 0x7d, 0x2c, 0x7b, 0x22, 0x74, 0x79, 0x22, 0x3a,
  0x34, 0x2c, 0x22, 0x6e, 0x6d, 0x22, 0x3a, 0x22, 0x65, 0x79, 0x65, 0x52,
  0x22, 0x2c, 0x22, 0x73, 0x72, 0x22, 0x3a, 0x31, 0x2c, 0x22, 0x6b, 0x73,
  0x22, 0x3a, 0x7b, 0x22, 0x70, 0x22, 0x3a, 0x7b, 0x22, 0x61, 0x22, 0x3a,
  0x30, 0x2c, 0x22, 0x6b, 0x22, 0x3a, 0x5b, 0x31, 0x32, 0x32, 0x2c, 0x39,
  0x34, 0x2c, 0x30, 0x5d, 0x7d, 0x2c, 0x22, 0x61, 0x22, 0x3a, 0x7b, 0x22,
  0x61, 0x22, 0x3a, 0x30, 0x2c, 0x22, 0x6b, 0x22, 0x3a, 0x5b, 0x30, 0x2c,
  0x30, 0x2c, 0x30, 0x5d, 0x7d, 0x2c, 0x22, 0x73, 0x22, 0x3a, 0x7b, 0x22,
  0x61, 0x22, 0x3a, 0x30, 0x2c, 0x22, 0x6b, 0x22, 0x3a, 0x5b, 0x31, 0x30,
  0x30, 0x2c, 0x31, 0x30, 0x30, 0x5d, 0x7d, 0x2c, 0x22, 0x72, 0x22, 0x3a,
  0x7b, 0x22, 0x61, 0x22, 0x3a, 0x31, 0x2c, 0x22, 0x6b, 0x22, 0x3a, 0x5b,
  0x7b, 0x22, 0x74, 0x22, 0x3a, 0x30, 0x2c, 0x22, 0x73, 0x22, 0x3a, 0x5b,
  0x30, 0x5d, 0x7d, 0x2c, 0x7b, 0x22, 0x74, 0x22, 0x3a, 0x36, 0x30, 0x2c,
  0x22, 0x73, 0x22, 0x3a, 0x5b, 0x2d, 0x33, 0x36, 0x30, 0x5d, 0x7d, 0x5d,
  0x7d, 0x2c, 0x22, 0x6f, 0x22, 0x3a, 0x7b, 0x22, 0x61, 0x22, 0x3a, 0x30,
  0x2c, 0x22, 0x6b, 0x22, 0x3a, 0x31, 0x30, 0x30, 0x7d, 0x7d, 0x2c, 0x22,
  0x61, 0x6f, 0x22, 0x3a, 0x30, 0x2c, 0x22, 0x73, 0x68, 0x61, 0x70, 0x65,
  0x73, 0x22, 0x3a, 0x5b, 0x7b, 0x22, 0x74, 0x79, 0x22, 0x3a, 0x22, 0x67,
  0x72, 0x22, 0x2c, 0x22, 0x6e, 0x6d, 0x22, 0x3a, 0x22, 0x65, 0x79, 0x65,
  0x53, 0x70, 0x31, 0x22, 0x2c, 0x22, 0x69, 0x74, 0x22, 0x3a, 0x5b, 0x7b,
  0x22, 0x74, 0x79, 0x22, 0x3a, 0x22, 0x65, 0x6c, 0x22, 0x2c, 0x22, 0x64,
  0x22, 0x3a, 0x31, 0x2c, 0x22, 0x73, 0x22, 0x3a, 0x7b, 0x22, 0x61, 0x22,
  0x3a, 0x30, 0x2c, 0x22, 0x6b, 0x22, 0x3a, 0x5b, 0x32, 0x34, 0x2c, 0x32,
  0x34, 0x5d, 0x7d, 0x2c, 0x22, 0x70, 0x22, 0x3a, 0x7b, 0x22, 0x61, 0x22,
  0x3a, 0x30, 0x2c, 0x22, 0x6b, 0x22, 0x3a, 0x5b, 0x30, 0x2c, 0x30, 0x5d,
  0x7d, 0x2c, 0x22, 0x6e, 0x6d, 0x22, 0x3a, 0x22, 0x65, 0x6c, 0x22, 0x7d,
  0x2c, 0x7b, 0x22, 0x74, 0x79, 0x22, 0x3a, 0x22, 0x66, 0x6c, 0x22, 0x2c,
  0x22, 0x63, 0x22, 0x3a, 0x7b, 0x22, 0x61, 0x22, 0x3a, 0x30, 0x2c, 0x22,
  0x6b, 0x22, 0x3a, 0x5b, 0x31, 0x2c, 0x31, 0x2c, 0x31, 0x2c, 0x31, 0x5d,
  0x7d, 0x2c, 0x22, 0x6f, 0x22, 0x3a, 0x7b, 0x22, 0x61, 0x22, 0x3a, 0x30,
  0x2c, 0x22, 0x6b, 0x22, 0x3a, 0x31, 0x30, 0x30, 0x7d, 0x2c, 0x22, 0x72,
  0x22, 0x3a, 0x31, 0x2c, 0x22, 0x6e, 0x6d, 0x22, 0x3a, 0x22, 0x66, 0x6c,
  0x22, 0x7d, 0x2c, 0x7b, 0x22, 0x74, 0x79, 0x22, 0x3a, 0x22, 0x65, 0x6c,
  0x22, 0x2c, 0x22, 0x64, 0x22, 0x3a, 0x31, 0x2c, 0x22, 0x73, 0x22, 0x3a,
  0x7b, 0x22, 0x61, 0x22, 0x3a, 0x30, 0x2c, 0x22, 0x6b, 0x22, 0x3a, 0x5b,
  0x31, 0x38, 0x2c, 0x31, 0x38, 0x5d, 0x7d, 0x2c, 0x22, 0x70, 0x22, 0x3a,
  0x7b, 0x22, 0x61, 0x22, 0x3a, 0x30, 0x2c, 0x22, 0x6b, 0x22, 0x3a, 0x5b,
  0x30, 0x2c, 0x30, 0x5d, 0x7d, 0x2c, 0x22, 0x6e, 0x6d, 0x22, 0x3a, 0x22,
  0x65, 0x6c, 0x22, 0x7d, 0x2c, 0x7b, 0x22, 0x74, 0x79, 0x22, 0x3a, 0x22,
  0x73, 0x74, 0x22, 0x2c, 0x22, 0x63, 0x22, 0x3a, 0x7b, 0x22, 0x61, 0x22,
  0x3a, 0x30, 0x2c, 0x22, 0x6b, 0x22, 0x3a, 0x5b, 0x30, 0x2e, 0x30, 0x33,
  0x39, 0x2c, 0x30, 0x2e, 0x30, 0x33, 0x39, 0x2c, 0x30, 0x2e, 0x30, 0x33,
  0x39, 0x2c, 0x31, 0x5d, 0x7d, 0x2c, 0x22, 0x6f, 0x22, 0x3a, 0x7b, 0x22,
  0x61, 0x22, 0x3a, 0x30, 0x2c, 0x22, 0x6b, 0x22, 0x3a, 0x31, 0x30, 0x30,
  0x7d, 0x2c, 0x22, 0x77, 0x22, 0x3a, 0x32, 0x2c, 0x22, 0x6c, 0x63, 0x22,
  0x3a, 0x32, 0x2c, 0x22, 0x6c, 0x6a, 0x22, 0x3a, 0x32, 0x2c, 0x22, 0x6e,
  0x6d, 0x22, 0x3a, 0x22, 0x73, 0x74, 0x22, 0x7d, 0x2c, 0x7b, 0x22, 0x74,
  0x79, 0x22, 0x3a, 0x22, 0x65, 0x6c, 0x22, 0x2c, 0x22, 0x64, 0x22, 0x3a,
  0x31, 0x2c, 0x22, 0x73, 0x22, 0x3a, 0x7b, 0x22, 0x61, 0x22, 0x3a, 0x30,
  0x2c, 0x22, 0x6b, 0x22, 0x3a, 0x5b, 0x31, 0x32, 0x2c, 0x31, 0x32, 0x5d,
  0x7d, 0x2c, 0x22, 0x70, 0x22, 0x3a, 0x7b, 0x22, 0x61, 0x22, 0x3a, 0x30,
  0x2c, 0x22, 0x6b, 0x22, 0x3a, 0x5b, 0x32, 0x2c, 0x30, 0x5d, 0x7d, 0x2c,
  0x22, 0x6e, 0x6d, 0x22, 0x3a, 0x22, 0x65, 0x6c, 0x22, 0x7d, 0x2c, 0x7b,
  0x22, 0x74, 0x79, 0x22, 0x3a, 0x22, 0x73, 0x74, 0x22, 0x2c, 0x22, 0x63,
  0x22, 0x3a, 0x7b, 0x22, 0x61, 0x22, 0x3a, 0x30, 0x2c, 0x22, 0x6b, 0x22,
  0x3a, 0x5b, 0x30, 0x2e, 0x30, 0x33, 0x39, 0x2c, 0x30, 0x2e, 0x30, 0x33,
  0x39, 0x2c, 0x30, 0x2e, 0x30, 0x33, 0x39, 0x2c, 0x31, 0x5d, 0x7d, 0x2c,
  0x22, 0x6f, 0x22, 0x3a, 0x7b, 0x22, 0x61, 0x22, 0x3a, 0x30, 0x2c, 0x22,
  0x6b, 0x22, 0x3a, 0x31, 0x30, 0x30, 0x7d, 0x2c, 0x22, 0x77, 0x22, 0x3a,
  0x32, 0x2c, 0x22, 0x6c, 0x63, 0x22, 0x3a, 0x32, 0x2c, 0x22, 0x6c, 0x6a,
  0x22, 0x3a, 0x32, 0x2c, 0x22, 0x6e, 0x6d, 0x22, 0x3a, 0x22, 0x73, 0x74,
  0x22, 0x7d, 0x2c, 0x7b, 0x22, 0x74, 0x79, 0x22, 0x3a, 0x22, 0x65, 0x6c,
  0x22, 0x2c, 0x22, 0x64, 0x22, 0x3a, 0x31, 0x2c, 0x22, 0x73, 0x22, 0x3a,
  0x7b, 0x22, 0x61, 0x22, 0x3a, 0x30, 0x2c, 0x22, 0x6b, 0x22, 0x3a, 0x5b,
  0x35, 0x2c, 0x35, 0x5d, 0x7d, 0x2c, 0x22, 0x70, 0x22, 0x3a, 0x7b, 0x22,
  0x61, 0x22, 0x3a, 0x30, 0x2c, 0x22, 0x6b, 0x22, 0x3a, 0x5b, 0x32, 0x2c,
  0x30, 0x5d, 0x7d, 0x2c, 0x22, 0x6e, 0x6d, 0x22, 0x3a, 0x22, 0x65, 0x6c,
  0x22, 0x7d, 0x2c, 0x7b, 0x22, 0x74, 0x79, 0x22, 0x3a, 0x22, 0x66, 0x6c,
  0x22, 0x2c, 0x22, 0x63, 0x22, 0x3a, 0x7b, 0x22, 0x61, 0x22, 0x3a, 0x30,
  0x2c, 0x22, 0x6b, 0x22, 0x3a, 0x5b, 0x30, 0x2e, 0x30, 0x33, 0x39, 0x2c,
  0x30, 0x2e, 0x30, 0x33, 0x39, 0x2c, 0x30, 0x2e, 0x30, 0x33, 0x39, 0x2c,
  0x31, 0x5d, 0x7d, 0x2c, 0x22, 0x6f, 0x22, 0x3a, 0x7b, 0x22, 0x61, 0x22,
  0x3a, 0x30, 0x2c, 0x22, 0x6b, 0x22, 0x3a, 0x31, 0x30, 0x30, 0x7d, 0x2c,
  0x22, 0x72, 0x22, 0x3a, 0x31, 0x2c, 0x22, 0x6e, 0x6d, 0x22, 0x3a, 0x22,
  0x66, 0x6c, 0x22, 0x7d, 0x2c, 0x7b, 0x22, 0x74, 0x79, 0x22, 0x3a, 0x22,
  0x74, 0x72, 0x22, 0x2c, 0x22, 0x70, 0x22, 0x3a, 0x7b, 0x22, 0x61, 0x22,
  0x3a, 0x30, 0x2c, 0x22, 0x6b, 0x22, 0x3a, 0x5b, 0x32, 0x32, 0x2c, 0x2d,
  0x36, 0x5d, 0x7d, 0x2c, 0x22, 0x61, 0x22, 0x3a, 0x7b, 0x22, 0x61, 0x22,
  0x3a, 0x30, 0x2c, 0x22, 0x6b, 0x22, 0x3a, 0x5b, 0x30, 0x2c, 0x30, 0x5d,
  0x7d, 0x2c, 0x22, 0x73, 0x22, 0x3a, 0x7b, 0x22, 0x61, 0x22, 0x3a, 0x30,
  0x2c, 0x22, 0x6b, 0x22, 0x3a, 0x5b, 0x31, 0x30, 0x30, 0x2c, 0x31, 0x30,
  0x30, 0x5d, 0x7d, 0x2c, 0x22, 0x72, 0x22, 0x3a, 0x7b, 0x22, 0x61, 0x22,
  0x3a, 0x30, 0x2c, 0x22, 0x6b, 0x22, 0x3a, 0x30, 0x7d, 0x2c, 0x22, 0x6f,
  0x22, 0x3a, 0x7b, 0x22, 0x61, 0x22, 0x3a, 0x30, 0x2c, 0x22, 0x6b, 0x22,
  0x3a, 0x31, 0x30, 0x30, 0x7d, 0x7d, 0x5d, 0x7d, 0x5d, 0x2c, 0x22, 0x69,
  0x70, 0x22, 0x3a, 0x30, 0x2c, 0x22, 0x6f, 0x70, 0x22, 0x3a, 0x36, 0x30,
  0x2c, 0x22, 0x73, 0x74, 0x22, 0x3a, 0x30, 0x7d, 0x2c, 0x7b, 0x22, 0x74,
  0x79, 0x22, 0x3a, 0x34, 0x2c, 0x22, 0x6e, 0x6d, 0x22, 0x3a, 0x22, 0x68,
  0x61, 0x6c, 0x6f, 0x22, 0x2c, 0x22, 0x73, 0x72, 0x22, 0x3a, 0x31, 0x2c,
  0x22, 0x6b, 0x73, 0x22, 0x3a, 0x7b, 0x22, 0x70, 0x22, 0x3a, 0x7b, 0x22,
  0x61, 0x22, 0x3a, 0x30, 0x2c, 0x22, 0x6b, 0x22, 0x3a, 0x5b, 0x31, 0x30,
  0x30, 0x2c, 0x32, 0x32, 0x2c, 0x30, 0x5d, 0x7d, 0x2c, 0x22, 0x61, 0x22,
  0x3a, 0x7b, 0x22, 0x61, 0x22, 0x3a, 0x30, 0x2c, 0x22, 0x6b, 0x22, 0x3a,
  0x5b, 0x30, 0x2c, 0x30, 0x2c, 0x30, 0x5d, 0x7d, 0x2c, 0x22, 0x73, 0x22,
  0x3a, 0x7b, 0x22, 0x61, 0x22, 0x3a, 0x30, 0x2c, 0x22, 0x6b, 0x22, 0x3a,
  0x5b, 0x31, 0x30, 0x30, 0x2c, 0x31, 0x30, 0x30, 0x5d, 0x7d, 0x2c, 0x22,
  0x72, 0x22, 0x3a, 0x7b, 0x22, 0x61, 0x22, 0x3a, 0x31, 0x2c, 0x22, 0x6b,
  0x22, 0x3a, 0x5b, 0x7b, 0x22, 0x74, 0x22, 0x3a, 0x30, 0x2c, 0x22, 0x73,
  0x22, 0x3a, 0x5b, 0x30, 0x5d, 0x7d, 0x2c, 0x7b, 0x22, 0x74, 0x22, 0x3a,
  0x36, 0x30, 0x2c, 0x22, 0x73, 0x22, 0x3a, 0x5b, 0x37, 0x32, 0x30, 0x5d,
  0x7d, 0x5d, 0x7d, 0x2c, 0x22, 0x6f, 0x22, 0x3a, 0x7b, 0x22, 0x61, 0x22,
  0x3a, 0x31, 0x2c, 0x22, 0x6b, 0x22, 0x3a, 0x5b, 0x7b, 0x22, 0x74, 0x22,
  0x3a, 0x30, 0x2c, 0x22, 0x73, 0x22, 0x3a, 0x5b, 0x38, 0x30, 0x5d, 0x7d,
  0x2c, 0x7b, 0x22, 0x74, 0x22, 0x3a, 0x33, 0x30, 0x2c, 0x22, 0x73, 0x22,
  0x3a, 0x5b, 0x35, 0x30, 0x5d, 0x7d, 0x2c, 0x7b, 0x22, 0x74, 0x22, 0x3a,
  0x36, 0x30, 0x2c, 0x22, 0x73, 0x22, 0x3a, 0x5b, 0x38, 0x30, 0x5d, 0x7d,
  0x5d, 0x7d, 0x7d, 0x2c, 0x22, 0x61, 0x6f, 0x22, 0x3a, 0x30, 0x2c, 0x22,
  0x73, 0x68, 0x61, 0x70, 0x65, 0x73, 0x22, 0x3a, 0x5b, 0x7b, 0x22, 0x74,
  0x79, 0x22, 0x3a, 0x22, 0x67, 0x72, 0x22, 0x2c, 0x22, 0x6e, 0x6d, 0x22,
  0x3a, 0x22, 0x73, 0x77, 0x69, 0x72, 0x6c, 0x22, 0x2c, 0x22, 0x69, 0x74,
  0x22, 0x3a, 0x5b, 0x7b, 0x22, 0x74, 0x79, 0x22, 0x3a, 0x22, 0x65, 0x6c,
  0x22, 0x2c, 0x22, 0x64, 0x22, 0x3a, 0x31, 0x2c, 0x22, 0x73, 0x22, 0x3a,
  0x7b, 0x22, 0x61, 0x22, 0x3a, 0x30, 0x2c, 0x22, 0x6b, 0x22, 0x3a, 0x5b,
  0x38, 0x30, 0x2c, 0x32, 0x32, 0x5d, 0x7d, 0x2c, 0x22, 0x70, 0x22, 0x3a,
  0x7b, 0x22, 0x61, 0x22, 0x3a, 0x30, 0x2c, 0x22, 0x6b, 0x22, 0x3a, 0x5b,
  0x30, 0x2c, 0x30, 0x5d, 0x7d, 0x2c, 0x22, 0x6e, 0x6d, 0x22, 0x3a, 0x22,
  0x65, 0x6c, 0x22, 0x7d, 0x2c, 0x7b, 0x22, 0x74, 0x79, 0x22, 0x3a, 0x22,
  0x73, 0x74, 0x22, 0x2c, 0x22, 0x63, 0x22, 0x3a, 0x7b, 0x22, 0x61, 0x22,
  0x3a, 0x30, 0x2c, 0x22, 0x6b, 0x22, 0x3a, 0x5b, 0x30, 0x2e, 0x30, 0x39,
  0x38, 0x2c, 0x30, 0x2e, 0x39, 0x31, 0x34, 0x2c, 0x31, 0x2c, 0x31, 0x5d,
  0x7d, 0x2c, 0x22, 0x6f, 0x22, 0x3a, 0x7b, 0x22, 0x61, 0x22, 0x3a, 0x30,
  0x2c, 0x22, 0x6b, 0x22, 0x3a, 0x38, 0x30, 0x7d, 0x2c, 0x22, 0x77, 0x22,
  0x3a, 0x33, 0x2c, 0x22, 0x6c, 0x63, 0x22, 0x3a, 0x32, 0x2c, 0x22, 0x6c,
  0x6a, 0x22, 0x3a, 0x32, 0x2c, 0x22, 0x6e, 0x6d, 0x22, 0x3a, 0x22, 0x73,
  0x74, 0x22, 0x7d, 0x2c, 0x7b, 0x22, 0x74, 0x79, 0x22, 0x3a, 0x22, 0x74,
  0x72, 0x22, 0x2c, 0x22, 0x70, 0x22, 0x3a, 0x7b, 0x22, 0x61, 0x22, 0x3a,
  0x30, 0x2c, 0x22, 0x6b, 0x22, 0x3a, 0x5b, 0x30, 0x2c, 0x2d, 0x37, 0x34,
  0x5d, 0x7d, 0x2c, 0x22, 0x61, 0x22, 0x3a, 0x7b, 0x22, 0x61, 0x22, 0x3a,
  0x30, 0x2c, 0x22, 0x6b, 0x22, 0x3a, 0x5b, 0x30, 0x2c, 0x30, 0x5d, 0x7d,
  0x2c, 0x22, 0x73, 0x22, 0x3a, 0x7b, 0x22, 0x61, 0x22, 0x3a, 0x30, 0x2c,
  0x22, 0x6b, 0x22, 0x3a, 0x5b, 0x31, 0x30, 0x30, 0x2c, 0x31, 0x30, 0x30,
  0x5d, 0x7d, 0x2c, 0x22, 0x72, 0x22, 0x3a, 0x7b, 0x22, 0x61, 0x22, 0x3a,
  0x30, 0x2c, 0x22, 0x6b, 0x22, 0x3a, 0x30, 0x7d, 0x2c, 0x22, 0x6f, 0x22,
  0x3a, 0x7b, 0x22, 0x61, 0x22, 0x3a, 0x30, 0x2c, 0x22, 0x6b, 0x22, 0x3a,
  0x31, 0x30, 0x30, 0x7d, 0x7d, 0x5d, 0x7d, 0x5d, 0x2c, 0x22, 0x69, 0x70,
  0x22, 0x3a, 0x30, 0x2c, 0x22, 0x6f, 0x70, 0x22, 0x3a, 0x36, 0x30, 0x2c,
  0x22, 0x73, 0x74, 0x22, 0x3a, 0x30, 0x7d, 0x5d, 0x7d
};
const size_t default_dizzy_json_len = 6273;

const uint8_t default_heart_json[] = {
  0x7b, 0x22, 0x76, 0x22, 0x3a, 0x22, 0x35, 0x2e, 0x37, 0x2e, 0x33, 0x22,
  0x2c, 0x22, 0x6e, 0x6d, 0x22, 0x3a, 0x22, 0x68, 0x65, 0x61, 0x72, 0x74,
  0x22, 0x2c, 0x22, 0x66, 0x72, 0x22, 0x3a, 0x33, 0x30, 0x2c, 0x22, 0x69,
  0x70, 0x22, 0x3a, 0x30, 0x2c, 0x22, 0x6f, 0x70, 0x22, 0x3a, 0x33, 0x36,
  0x2c, 0x22, 0x77, 0x22, 0x3a, 0x32, 0x30, 0x30, 0x2c, 0x22, 0x68, 0x22,
  0x3a, 0x32, 0x30, 0x30, 0x2c, 0x22, 0x64, 0x64, 0x64, 0x22, 0x3a, 0x30,
  0x2c, 0x22, 0x61, 0x73, 0x73, 0x65, 0x74, 0x73, 0x22, 0x3a, 0x5b, 0x5d,
  0x2c, 0x22, 0x6c, 0x61, 0x79, 0x65, 0x72, 0x73, 0x22, 0x3a, 0x5b, 0x7b,
  0x22, 0x74, 0x79, 0x22, 0x3a, 0x34, 0x2c, 0x22, 0x6e, 0x6d, 0x22, 0x3a,
  0x22, 0x70, 0x75, 0x70, 0x70, 0x65, 0x74, 0x22, 0x2c, 0x22, 0x73, 0x72,
  0x22, 0x3a, 0x31, 0x2c, 0x22, 0x6b, 0x73, 0x22, 0x3a, 0x7b, 0x22, 0x70,
  0x22, 0x3a, 0x7b, 0x22, 0x61, 0x22, 0x3a, 0x30, 0x2c, 0x22, 0x6b, 0x22,
  0x3a, 0x5b, 0x31, 0x30, 0x30, 0x2c, 0x31, 0x30, 0x30, 0x2c, 0x30, 0x5d,
  0x7d, 0x2c, 0x22, 0x61, 0x22, 0x3a, 0x7b, 0x22, 0x61, 0x22, 0x3a, 0x30,
  0x2c, 0x22, 0x6b, 0x22, 0x3a, 0x5b, 0x30, 0x2c, 0x30, 0x2c, 0x30, 0x5d,
  0x7d, 0x2c, 0x22, 0x73, 0x22, 0x3a, 0x7b, 0x22, 0x61, 0x22, 0x3a, 0x31,
  0x2c, 0x22, 0x6b, 0x22, 0x3a, 0x5b, 0x7b, 0x22, 0x74, 0x22, 0x3a, 0x30,
  0x2c, 0x22, 0x73, 0x22, 0x3a, 0x5b, 0x31, 0x30, 0x30, 0x2c, 0x31, 0x30,
  0x30, 0x5d, 0x7d, 0x2c, 0x7b, 0x22, 0x74, 0x22, 0x3a, 0x34, 0x2c, 0x22,
  0x73, 0x22, 0x3a, 0x5b, 0x31, 0x31, 0x36, 0x2c, 0x31, 0x31, 0x36, 0x5d,
  0x7d, 0x2c, 0x7b, 0x22, 0x74, 0x22, 0x3a, 0x39, 0x2c, 0x22, 0x73, 0x22,
  0x3a, 0x5b, 0x31, 0x30, 0x34, 0x2c, 0x31, 0x30, 0x34, 0x5d, 0x7d, 0x2c,
  0x7b, 0x22, 0x74, 0x22, 0x3a, 0x31, 0x33, 0x2c, 0x22, 0x73, 0x22, 0x3a,
  0x5b, 0x31, 0x31, 0x32, 0x2c, 0x31, 0x31, 0x32, 0x5d, 0x7d, 0x2c, 0x7b,
  0x22, 0x74, 0x22, 0x3a, 0x31, 0x38, 0x2c, 0x22, 0x73, 0x22, 0x3a, 0x5b,
  0x31, 0x30, 0x30, 0x2c, 0x31, 0x30, 0x30, 0x5d, 0x7d, 0x2c, 0x7b, 0x22,
  0x74, 0x22, 0x3a, 0x33, 0x36, 0x2c, 0x22, 0x73, 0x22, 0x3a, 0x5b, 0x31,
  0x30, 0x30, 0x2c, 0x31, 0x30, 0x30, 0x5d, 0x7d, 0x5d, 0x7d, 0x2c, 0x22,
  0x72, 0x22, 0x3a, 0x7b, 0x22, 0x61, 0x22, 0x3a, 0x30, 0x2c, 0x22, 0x6b,
  0x22, 0x3a, 0x30, 0x7d, 0x2c, 0x22, 0x6f, 0x22, 0x3a, 0x7b, 0x22, 0x61,
  0x22, 0x3a, 0x30, 0x2c, 0x22, 0x6b, 0x22, 0x3a, 0x31, 0x30, 0x30, 0x7d,
  0x7d, 0x2c, 0x22, 0x61, 0x6f, 0x22, 0x3a, 0x30, 0x2c, 0x22, 0x73, 0x68,
  0x61, 0x70, 0x65, 0x73, 0x22, 0x3a, 0x5b, 0x7b, 0x22, 0x74, 0x79, 0x22,
  0x3a, 0x22, 0x67, 0x72, 0x22, 0x2c, 0x22, 0x6e, 0x6d, 0x22, 0x3a, 0x22,
  0x61, 0x6e, 0x74, 0x65, 0x6e, 0x6e, 0x61, 0x22, 0x2c, 0x22, 0x69, 0x74,
  0x22, 0x3a, 0x5b, 0x7b, 0x22, 0x74, 0x79, 0x22, 0x3a, 0x22, 0x72, 0x63,
  0x22, 0x2c, 0x22, 0x64, 0x22, 0x3a, 0x31, 0x2c, 0x22, 0x73, 0x22, 0x3a,
  0x7b, 0x22, 0x61, 0x22, 0x3a, 0x30, 0x2c, 0x22, 0x6b, 0x22, 0x3a, 0x5b,
  0x34, 0x2c, 0x32, 0x32, 0x5d, 0x7d, 0x2c, 0x22, 0x70, 0x22, 0x3a, 0x7b,
  0x22, 0x61, 0x22, 0x3a, 0x30, 0x2c, 0x22, 0x6b, 0x22, 0x3a, 0x5b, 0x30,
  0x2c, 0x34, 0x5d, 0x7d, 0x2c, 0x22, 0x72, 0x22, 0x3a, 0x7b, 0x22, 0x61,
  0x22, 0x3a, 0x30, 0x2c, 0x22, 0x6b, 0x22, 0x3a, 0x32, 0x7d, 0x2c, 0x22,
  0x6e, 0x6d, 0x22, 0x3a, 0x22, 0x72, 0x63, 0x22, 0x7d, 0x2c, 0x7b, 0x22,
  0x74, 0x79, 0x22, 0x3a, 0x22, 0x66, 0x6c, 0x22, 0x2c, 0x22, 0x63, 0x22,
  0x3a, 0x7b, 0x22, 0x61, 0x22, 0x3a, 0x30, 0x2c, 0x22, 0x6b, 0x22, 0x3a,
  0x5b, 0x30, 0x2e, 0x30, 0x33, 0x39, 0x2c, 0x30, 0x2e, 0x30, 0x33, 0x39,
  0x2c, 0x30, 0x2e, 0x30, 0x33, 0x39, 0x2c, 0x31, 0x5d, 0x7d, 0x2c, 0x22,
  0x6f, 0x22, 0x3a, 0x7b, 0x22, 0x61, 0x22, 0x3a, 0x30, 0x2c, 0x22, 0x6b,
  0x22, 0x3a, 0x31, 0x30, 0x30, 0x7d, 0x2c, 0x22, 0x72, 0x22, 0x3a, 0x31,
  0x2c, 0x22, 0x6e, 0x6d, 0x22, 0x3a, 0x22, 0x66, 0x6c, 0x22, 0x7d, 0x2c,
  0x7b, 0x22, 0x74, 0x79, 0x22, 0x3a, 0x22, 0x65, 0x6c, 0x22, 0x2c, 0x22,
  0x64, 0x22, 0x3a, 0x31, 0x2c, 0x22, 0x73, 0x22, 0x3a, 0x7b, 0x22, 0x61,
  0x22, 0x3a, 0x30, 0x2c, 0x22, 0x6b, 0x22, 0x3a, 0x5b, 0x31, 0x36, 0x2c,
  0x31, 0x36, 0x5d, 0x7d, 0x2c, 0x22, 0x70, 0x22, 0x3a, 0x7b, 0x22, 0x61,
  0x22, 0x3a, 0x30, 0x2c, 0x22, 0x6b, 0x22, 0x3a, 0x5b, 0x30, 0x2c, 0x2d,
  0x31, 0x30, 0x5d, 0x7d, 0x2c, 0x22, 0x6e, 0x6d, 0x22, 0x3a, 0x22, 0x65,
  0x6c, 0x22, 0x7d, 0x2c, 0x7b, 0x22, 0x74, 0x79, 0x22, 0x3a, 0x22, 0x66,
  0x6c, 0x22, 0x2c, 0x22, 0x63, 0x22, 0x3a, 0x7b, 0x22, 0x61, 0x22, 0x3a,
  0x30, 0x2c, 0x22, 0x6b, 0x22, 0x3a, 0x5b, 0x30, 0x2c, 0x30, 0x2e, 0x38,
  0x39, 0x38, 0x2c, 0x30, 0x2e, 0x36, 0x32, 0x37, 0x2c, 0x31, 0x5d, 0x7d,
  0x2c, 0x22, 0x6f, 0x22, 0x3a, 0x7b, 0x22, 0x61, 0x22, 0x3a, 0x30, 0x2c,
  0x22, 0x6b, 0x22, 0x3a, 0x31, 0x30, 0x30, 0x7d, 0x2c, 0x22, 0x72, 0x22,
  0x3a, 0x31, 0x2c, 0x22, 0x6e, 0x6d, 0x22, 0x3a, 0x22, 0x66, 0x6c, 0x22,
  0x7d, 0x2c, 0x7b, 0x22, 0x74, 0x79, 0x22, 0x3a, 0x22, 0x65, 0x6c, 0x22,
  0x2c, 0x22, 0x64, 0x22, 0x3a, 0x31, 0x2c, 0x22, 0x73, 0x22, 0x3a, 0x7b,
  0x22, 0x61, 0x22, 0x3a, 0x30, 0x2c, 0x22, 0x6b, 0x22, 0x3a, 0x5b, 0x36,
  0x2c, 0x36, 0x5d, 0x7d, 0x2c, 0x22, 0x70, 0x22, 0x3a, 0x7b, 0x22, 0x61,
  0x22, 0x3a, 0x30, 0x2c, 0x22, 0x6b, 0x22, 0x3a, 0x5b, 0x2d, 0x33, 0x2c,
  0x2d, 0x31, 0x33, 0x5d, 0x7d, 0x2c, 0x22, 0x6e, 0x6d, 0x22, 0x3a, 0x22,
  0x65, 0x6c, 0x22, 0x7d, 0x2c, 0x7b, 0x22, 0x74, 0x79, 0x22, 0x3a, 0x22,
  0x66, 0x6c, 0x22, 0x2c, 0x22, 0x63, 0x22, 0x3a, 0x7b, 0x22, 0x61, 0x22,
  0x3a, 0x30, 0x2c, 0x22, 0x6b, 0x22, 0x3a, 0x5b, 0x31, 0x2c, 0x31, 0x2c,
  0x31, 0x2c, 0x31, 0x5d, 0x7d, 0x2c, 0x22, 0x6f, 0x22, 0x3a, 0x7b, 0x22,
  0x61, 0x22, 0x3a, 0x30, 0x2c, 0x22, 0x6b, 0x22, 0x3a, 0x38, 0x30, 0x7d,
  0x2c, 0x22, 0x72, 0x22, 0x3a, 0x31, 0x2c, 0x22, 0x6e, 0x6d, 0x22, 0x3a,
  0x22, 0x66, 0x6c, 0x22, 0x7d, 0x2c, 0x7b, 0x22, 0x74, 0x79, 0x22, 0x3a,
  0x22, 0x74, 0x72, 0x22, 0x2c, 0x22, 0x70, 0x22, 0x3a, 0x7b, 0x22, 0x61,
  0x22, 0x3a, 0x30, 0x2c, 0x22, 0x6b, 0x22, 0x3a, 0x5b, 0x30, 0x2c, 0x2d,
  0x37, 0x38, 0x5d, 0x7d, 0x2c, 0x22, 0x61, 0x22, 0x3a, 0x7b, 0x22, 0x61,
  0x22, 0x3a, 0x30, 0x2c, 0x22, 0x6b, 0x22, 0x3a, 0x5b, 0x30, 0x2c, 0x30,
  0x5d, 0x7d, 0x2c, 0x22, 0x73, 0x22, 0x3a, 0x7b, 0x22, 0x61, 0x22, 0x3a,
  0x30, 0x2c, 0x22, 0x6b, 0x22, 0x3a, 0x5b, 0x31, 0x30, 0x30, 0x2c, 0x31,
  0x30, 0x30, 0x5d, 0x7d, 0x2c, 0x22, 0x72, 0x22, 0x3a, 0x7b, 0x22, 0x61,
  0x22, 0x3a, 0x30, 0x2c, 0x22, 0x6b, 0x22, 0x3a, 0x30, 0x7d, 0x2c, 0x22,
  0x6f, 0x22, 0x3a, 0x7b, 0x22, 0x61, 0x22, 0x3a, 0x30, 0x2c, 0x22, 0x6b,
  0x22, 0x3a, 0x31, 0x30, 0x30, 0x7d, 0x7d, 0x5d, 0x7d, 0x2c, 0x7b, 0x22,
  0x74, 0x79, 0x22, 0x3a, 0x22, 0x67, 0x72, 0x22, 0x2c, 0x22, 0x6e, 0x6d,
  0x22, 0x3a, 0x22, 0x62, 0x6f, 0x64, 0x79, 0x22, 0x2c, 0x22, 0x69, 0x74,
  0x22, 0x3a, 0x5b, 0x7b, 0x22, 0x74, 0x79, 0x22, 0x3a, 0x22, 0x72, 0x63,
  0x22, 0x2c, 0x22, 0x64, 0x22, 0x3a, 0x31, 0x2c, 0x22, 0x73, 0x22, 0x3a,
  0x7b, 0x22, 0x61, 0x22, 0x3a, 0x30, 0x2c, 0x22, 0x6b, 0x22, 0x3a, 0x5b,
  0x31, 0x31, 0x38, 0x2c, 0x31, 0x38, 0x5d, 0x7d, 0x2c, 0x22, 0x70, 0x22,
  0x3a, 0x7b, 0x22, 0x61, 0x22, 0x3a, 0x30, 0x2c, 0x22, 0x6b, 0x22, 0x3a,
  0x5b, 0x30, 0x2c, 0x34, 0x35, 0x5d, 0x7d, 0x2c, 0x22, 0x72, 0x22, 0x3a,
  0x7b, 0x22, 0x61, 0x22, 0x3a, 0x30, 0x2c, 0x22, 0x6b, 0x22, 0x3a, 0x31,
  0x32, 0x7d, 0x2c, 0x22, 0x6e, 0x6d, 0x22, 0x3a, 0x22, 0x72, 0x63, 0x22,
  0x7d, 0x2c, 0x7b, 0x22, 0x74, 0x79, 0x22, 0x3a, 0x22, 0x66, 0x6c, 0x22,
  0x2c, 0x22, 0x63, 0x22, 0x3a, 0x7b, 0x22, 0x61, 0x22, 0x3a, 0x30, 0x2c,
  0x22, 0x6b, 0x22, 0x3a, 0x5b, 0x30, 0x2e, 0x37, 0x36, 0x31, 0x2c, 0x30,
  0x2e, 0x33, 0x31, 0x2c, 0x30, 0x2e, 0x30, 0x33, 0x31, 0x2c, 0x31, 0x5d,
  0x7d, 0x2c, 0x22, 0x6f, 0x22, 0x3a, 0x7b, 0x22, 0x61, 0x22, 0x3a, 0x30,
  0x2c, 0x22, 0x6b, 0x22, 0x3a, 0x36, 0x30, 0x7d, 0x2c, 0x22, 0x72, 0x22,
  0x3a, 0x31, 0x2c, 0x22, 0x6e, 0x6d, 0x22, 0x3a, 0x22, 0x66, 0x6c, 0x22,
  0x7d, 0x2c, 0x7b, 0x22, 0x74, 0x79, 0x22, 0x3a, 0x22, 0x72, 0x63, 0x22,
  0x2c, 0x22, 0x64, 0x22, 0x3a, 0x31, 0x2c, 0x22, 0x73, 0x22, 0x3a, 0x7b,
  0x22, 0x61, 0x22, 0x3a, 0x30, 0x2c, 0x22, 0x6b, 0x22, 0x3a, 0x5b, 0x31,
  0x33, 0x38, 0x2c, 0x31, 0x31, 0x38, 0x5d, 0x7d, 0x2c, 0x22, 0x70, 0x22,
  0x3a, 0x7b, 0x22, 0x61, 0x22, 0x3a, 0x30, 0x2c, 0x22, 0x6b, 0x22, 0x3a,
  0x5b, 0x30, 0x2c, 0x30, 0x5d, 0x7d, 0x2c, 0x22, 0x72, 0x22, 0x3a, 0x7b,
  0x22, 0x61, 0x22, 0x3a, 0x30, 0x2c, 0x22, 0x6b, 0x22, 0x3a, 0x33, 0x36,
  0x7d, 0x2c, 0x22, 0x6e, 0x6d, 0x22, 0x3a, 0x22, 0x72, 0x63, 0x22, 0x7d,
  0x2c, 0x7b, 0x22, 0x74, 0x79, 0x22, 0x3a, 0x22, 0x66, 0x6c, 0x22, 0x2c,
  0x22, 0x63, 0x22, 0x3a, 0x7b, 0x22, 0x61, 0x22, 0x3a, 0x30, 0x2c, 0x22,
  0x6b, 0x22, 0x3a, 0x5b, 0x31, 0x2c, 0x30, 0x2e, 0x34, 0x32, 0x2c, 0x30,
  0x2e, 0x31, 0x30, 0x32, 0x2c, 0x31, 0x5d, 0x7d, 0x2c, 0x22, 0x6f, 0x22,
  0x3a, 0x7b, 0x22, 0x61, 0x22, 0x3a, 0x30, 0x2c, 0x22, 0x6b, 0x22, 0x3a,
  0x31, 0x30, 0x30, 0x7d, 0x2c, 0x22, 0x72, 0x22, 0x3a, 0x31, 0x2c, 0x22,
  0x6e, 0x6d, 0x22, 0x3a, 0x22, 0x66, 0x6c, 0x22, 0x7d, 0x2c, 0x7b, 0x22,
  0x74, 0x79, 0x22, 0x3a, 0x22, 0x73, 0x74, 0x22, 0x2c, 0x22, 0x63, 0x22,
  0x3a, 0x7b, 0x22, 0x61, 0x22, 0x3a, 0x30, 0x2c, 0x22, 0x6b, 0x22, 0x3a,
  0x5b, 0x30, 0x2e, 0x30, 0x33, 0x39, 0x2c, 0x30, 0x2e, 0x30, 0x33, 0x39,
  0x2c, 0x30, 0x2e, 0x30, 0x33, 0x39, 0x2c, 0x31, 0x5d, 0x7d, 0x2c, 0x22,
  0x6f, 0x22, 0x3a, 0x7b, 0x22, 0x61, 0x22, 0x3a, 0x30, 0x2c, 0x22, 0x6b,
  0x22, 0x3a, 0x31, 0x30, 0x30, 0x7d, 0x2c, 0x22, 0x77, 0x22, 0x3a, 0x34,
  0x2c, 0x22, 0x6c, 0x63, 0x22, 0x3a, 0x32, 0x2c, 0x22, 0x6c, 0x6a, 0x22,
  0x3a, 0x32, 0x2c, 0x22, 0x6e, 0x6d, 0x22, 0x3a, 0x22, 0x73, 0x74, 0x22,
  0x7d, 0x2c, 0x7b, 0x22, 0x74, 0x79, 0x22, 0x3a, 0x22, 0x72, 0x63, 0x22,
  0x2c, 0x22, 0x64, 0x22, 0x3a, 0x31, 0x2c, 0x22, 0x73, 0x22, 0x3a, 0x7b,
  0x22, 0x61, 0x22, 0x3a, 0x30, 0x2c, 0x22, 0x6b, 0x22, 0x3a, 0x5b, 0x31,
  0x30, 0x38, 0x2c, 0x31, 0x30, 0x5d, 0x7d, 0x2c, 0x22, 0x70, 0x22, 0x3a,
  0x7b, 0x22, 0x61, 0x22, 0x3a, 0x30, 0x2c, 0x22, 0x6b, 0x22, 0x3a, 0x5b,
  0x30, 0x2c, 0x2d, 0x34, 0x33, 0x5d, 0x7d, 0x2c, 0x22, 0x72, 0x22, 0x3a,
  0x7b, 0x22, 0x61, 0x22, 0x3a, 0x30, 0x2c, 0x22, 0x6b, 0x22, 0x3a, 0x36,
  0x7d, 0x2c, 0x22, 0x6e, 0x6d, 0x22, 0x3a, 0x22, 0x72, 0x63, 0x22, 0x7d,
  0x2c, 0x7b, 0x22, 0x74, 0x79, 0x22, 0x3a, 0x22, 0x66, 0x6c, 0x22, 0x2c,
  0x22, 0x63, 0x22, 0x3a, 0x7b, 0x22, 0x61, 0x22, 0x3a, 0x30, 0x2c, 0x22,
  0x6b, 0x22, 0x3a, 0x5b, 0x31, 0x2c, 0x31, 0x2c, 0x31, 0x2c, 0x31, 0x5d,
  0x7d, 0x2c, 0x22, 0x6f, 0x22, 0x3a, 0x7b, 0x22, 0x61, 0x22, 0x3a, 0x30,
  0x2c, 0x22, 0x6b, 0x22, 0x3a, 0x31, 0x38, 0x7d, 0x2c, 0x22, 0x72, 0x22,
  0x3a, 0x31, 0x2c, 0x22, 0x6e, 0x6d, 0x22, 0x3a, 0x22, 0x66, 0x6c, 0x22,
  0x7d, 0x2c, 0x7b, 0x22, 0x74, 0x79, 0x22, 0x3a, 0x22, 0x74, 0x72, 0x22,
  0x2c, 0x22, 0x70, 0x22, 0x3a, 0x7b, 0x22, 0x61, 0x22, 0x3a, 0x30, 0x2c,
  0x22, 0x6b, 0x22, 0x3a, 0x5b, 0x30, 0x2c, 0x30, 0x5d, 0x7d, 0x2c, 0x22,
  0x61, 0x22, 0x3a, 0x7b, 0x22, 0x61, 0x22, 0x3a, 0x30, 0x2c, 0x22, 0x6b,
  0x22, 0x3a, 0x5b, 0x30, 0x2c, 0x30, 0x5d, 0x7d, 0x2c, 0x22, 0x73, 0x22,
  0x3a, 0x7b, 0x22, 0x61, 0x22, 0x3a, 0x30, 0x2c, 0x22, 0x6b, 0x22, 0x3a,
  0x5b, 0x31, 0x30, 0x30, 0x2c, 0x31, 0x30, 0x30, 0x5d, 0x7d, 0x2c, 0x22,
  0x72, 0x22, 0x3a, 0x7b, 0x22, 0x61, 0x22, 0x3a, 0x30, 0x2c, 0x22, 0x6b,
  0x22, 0x3a, 0x30, 0x7d, 0x2c, 0x22, 0x6f, 0x22, 0x3a, 0x7b, 0x22, 0x61,
  0x22, 0x3a, 0x30, 0x2c, 0x22, 0x6b, 0x22, 0x3a, 0x31, 0x30, 0x30, 0x7d,
  0x7d, 0x5d, 0x7d, 0x2c, 0x7b, 0x22, 0x74, 0x79, 0x22, 0x3a, 0x22, 0x67,
  0x72, 0x22, 0x2c, 0x22, 0x6e, 0x6d, 0x22, 0x3a, 0x22, 0x76, 0x69, 0x73,
  0x6f, 0x72, 0x22, 0x2c, 0x22, 0x69, 0x74, 0x22, 0x3a, 0x5b, 0x7b, 0x22,
  0x74, 0x79, 0x22, 0x3a, 0x22, 0x72, 0x63, 0x22, 0x2c, 0x22, 0x64, 0x22,
  0x3a, 0x31, 0x2c, 0x22, 0x73, 0x22, 0x3a, 0x7b, 0x22, 0x61, 0x22, 0x3a,
  0x30, 0x2c, 0x22, 0x6b, 0x22, 0x3a, 0x5b, 0x31, 0x30, 0x34, 0x2c, 0x35,
  0x32, 0x5d, 0x7d, 0x2c, 0x22, 0x70, 0x22, 0x3a, 0x7b, 0x22, 0x61, 0x22,
  0x3a, 0x30, 0x2c, 0x22, 0x6b, 0x22, 0x3a, 0x5b, 0x30, 0x2c, 0x2d, 0x36,
  0x5d, 0x7d, 0x2c, 0x22, 0x72, 0x22, 0x3a, 0x7b, 0x22, 0x61, 0x22, 0x3a,
  0x30, 0x2c, 0x22, 0x6b, 0x22, 0x3a, 0x32, 0x34, 0x7d, 0x2c, 0x22, 0x6e,
  0x6d, 0x22, 0x3a, 0x22, 0x72, 0x63, 0x22, 0x7d, 0x2c, 0x7b, 0x22, 0x74,
  0x79, 0x22, 0x3a, 0x22, 0x66, 0x6c, 0x22, 0x2c, 0x22, 0x63, 0x22, 0x3a,
  0x7b, 0x22, 0x61, 0x22, 0x3a, 0x30, 0x2c, 0x22, 0x6b, 0x22, 0x3a, 0x5b,
  0x30, 0x2e, 0x30, 0x33, 0x39, 0x2c, 0x30, 0x2e, 0x30, 0x33, 0x39, 0x2c,
  0x30, 0x2e, 0x30, 0x33, 0x39, 0x2c, 0x31, 0x5d, 0x7d, 0x2c, 0x22, 0x6f,
  0x22, 0x3a, 0x7b, 0x22, 0x61, 0x22, 0x3a, 0x30, 0x2c, 0x22, 0x6b, 0x22,
  0x3a, 0x31, 0x30, 0x30, 0x7d, 0x2c, 0x22, 0x72, 0x22, 0x3a, 0x31, 0x2c,
  0x22, 0x6e, 0x6d, 0x22, 0x3a, 0x22, 0x66, 0x6c, 0x22, 0x7d, 0x2c, 0x7b,
  0x22, 0x74, 0x79, 0x22, 0x3a, 0x22, 0x72, 0x63, 0x22, 0x2c, 0x22, 0x64,
  0x22, 0x3a, 0x31, 0x2c, 0x22, 0x73, 0x22, 0x3a, 0x7b, 0x22, 0x61, 0x22,
  0x3a, 0x30, 0x2c, 0x22, 0x6b, 0x22, 0x3a, 0x5b, 0x31, 0x30, 0x30, 0x2c,
  0x34, 0x38, 0x5d, 0x7d, 0x2c, 0x22, 0x70, 0x22, 0x3a, 0x7b, 0x22, 0x61,
  0x22, 0x3a, 0x30, 0x2c, 0x22, 0x6b, 0x22, 0x3a, 0x5b, 0x30, 0x2c, 0x2d,
  0x36, 0x5d, 0x7d, 0x2c, 0x22, 0x72, 0x22, 0x3a, 0x7b, 0x22, 0x61, 0x22,
  0x3a, 0x30, 0x2c, 0x22, 0x6b, 0x22, 0x3a, 0x32, 0x32, 0x7d, 0x2c, 0x22,
  0x6e, 0x6d, 0x22, 0x3a, 0x22, 0x72, 0x63, 0x22, 0x7d, 0x2c, 0x7b, 0x22,
  0x74, 0x79, 0x22, 0x3a, 0x22, 0x73, 0x74, 0x22, 0x2c, 0x22, 0x63, 0x22,
  0x3a, 0x7b, 0x22, 0x61, 0x22, 0x3a, 0x30, 0x2c, 0x22, 0x6b, 0x22, 0x3a,
  0x5b, 0x30, 0x2e, 0x30, 0x39, 0x38, 0x2c, 0x30, 0x2e, 0x39, 0x31, 0x34,
  0x2c, 0x31, 0x2c, 0x31, 0x5d, 0x7d, 0x2c, 0x22, 0x6f, 0x22, 0x3a, 0x7b,
  0x22, 0x61, 0x22, 0x3a, 0x30, 0x2c, 0x22, 0x6b, 0x22, 0x3a, 0x36, 0x30,
  0x7d, 0x2c, 0x22, 0x77, 0x22, 0x3a, 0x31, 0x2e, 0x35, 0x2c, 0x22, 0x6c,
  0x63, 0x22, 0x3a, 0x32, 0x2c, 0x22, 0x6c, 0x6a, 0x22, 0x3a, 0x32, 0x2c,
  0x22, 0x6e, 0x6d, 0x22, 0x3a, 0x22, 0x73, 0x74, 0x22, 0x7d, 0x2c, 0x7b,
  0x22, 0x74, 0x79, 0x22, 0x3a, 0x22, 0x74, 0x72, 0x22, 0x2c, 0x22, 0x70,
  0x22, 0x3a, 0x7b, 0x22, 0x61, 0x22, 0x3a, 0x30, 0x2c, 0x22, 0x6b, 0x22,
  0x3a, 0x5b, 0x30, 0x2c, 0x30, 0x5d, 0x7d, 0x2c, 0x22, 0x61, 0x22, 0x3a,
  0x7b, 0x22, 0x61, 0x22, 0x3a, 0x30, 0x2c, 0x22, 0x6b, 0x22, 0x3a, 0x5b,
  0x30, 0x2c, 0x30, 0x5d, 0x7d, 0x2c, 0x22, 0x73, 0x22, 0x3a, 0x7b, 0x22,
  0x61, 0x22, 0x3a, 0x30, 0x2c, 0x22, 0x6b, 0x22, 0x3a, 0x5b, 0x31, 0x30,
  0x30, 0x2c, 0x31, 0x30, 0x30, 0x5d, 0x7d, 0x2c, 0x22, 0x72, 0x22, 0x3a,
  0x7b, 0x22, 0x61, 0x22, 0x3a, 0x30, 0x2c, 0x22, 0x6b, 0x22, 0x3a, 0x30,
  0x7d, 0x2c, 0x22, 0x6f, 0x22, 0x3a, 0x7b, 0x22, 0x61, 0x22, 0x3a, 0x30,
  0x2c, 0x22, 0x6b, 0x22, 0x3a, 0x31, 0x30, 0x30, 0x7d, 0x7d, 0x5d, 0x7d,
  0x2c, 0x7b, 0x22, 0x74, 0x79, 0x22, 0x3a, 0x22, 0x67, 0x72, 0x22, 0x2c,
  0x22, 0x6e, 0x6d, 0x22, 0x3a, 0x22, 0x63, 0x68, 0x65, 0x65, 0x6b, 0x73,
  0x22, 0x2c, 0x22, 0x69, 0x74, 0x22, 0x3a, 0x5b, 0x7b, 0x22, 0x74, 0x79,
  0x22, 0x3a, 0x22, 0x65, 0x6c, 0x22, 0x2c, 0x22, 0x64, 0x22, 0x3a, 0x31,
  0x2c, 0x22, 0x73, 0x22, 0x3a, 0x7b, 0x22, 0x61, 0x22, 0x3a, 0x30, 0x2c,
  0x22, 0x6b, 0x22, 0x3a, 0x5b, 0x31, 0x34, 0x2c, 0x38, 0x5d, 0x7d, 0x2c,
  0x22, 0x70, 0x22, 0x3a, 0x7b, 0x22, 0x61, 0x22, 0x3a, 0x30, 0x2c, 0x22,
  0x6b, 0x22, 0x3a, 0x5b, 0x2d, 0x34, 0x34, 0x2c, 0x32, 0x32, 0x5d, 0x7d,
  0x2c, 0x22, 0x6e, 0x6d, 0x22, 0x3a, 0x22, 0x65, 0x6c, 0x22, 0x7d, 0x2c,
  0x7b, 0x22, 0x74, 0x79, 0x22, 0x3a, 0x22, 0x66, 0x6c, 0x22, 0x2c, 0x22,
  0x63, 0x22, 0x3a, 0x7b, 0x22, 0x61, 0x22, 0x3a, 0x30, 0x2c, 0x22, 0x6b,
  0x22, 0x3a, 0x5b, 0x31, 0x2c, 0x30, 0x2e, 0x33, 0x33, 0x33, 0x2c, 0x30,
  0x2e, 0x34, 0x36, 0x37, 0x2c, 0x31, 0x5d, 0x7d, 0x2c, 0x22, 0x6f, 0x22,
  0x3a, 0x7b, 0x22, 0x61, 0x22, 0x3a, 0x30, 0x2c, 0x22, 0x6b, 0x22, 0x3a,
  0x35, 0x35, 0x7d, 0x2c, 0x22, 0x72, 0x22, 0x3a, 0x31, 0x2c, 0x22, 0x6e,
  0x6d, 0x22, 0x3a, 0x22, 0x66, 0x6c, 0x22, 0x7d, 0x2c, 0x7b, 0x22, 0x74,
  0x79, 0x22, 0x3a, 0x22, 0x65, 0x6c, 0x22, 0x2c, 0x22, 0x64, 0x22, 0x3a,
  0x31, 0x2c, 0x22, 0x73, 0x22, 0x3a, 0x7b, 0x22, 0x61, 0x22, 0x3a, 0x30,
  0x2c, 0x22, 0x6b, 0x22, 0x3a, 0x5b, 0x31, 0x34, 0x2c, 0x38, 0x5d, 0x7d,
  0x2c, 0x22, 0x70, 0x22, 0x3a, 0x7b, 0x22, 0x61, 0x22, 0x3a, 0x30, 0x2c,
  0x22, 0x6b, 0x22, 0x3a, 0x5b, 0x34, 0x34, 0x2c, 0x32, 0x32, 0x5d, 0x7d,
  0x2c, 0x22, 0x6e, 0x6d, 0x22, 0x3a, 0x22, 0x65, 0x6c, 0x22, 0x7d, 0x2c,
  0x7b, 0x22, 0x74, 0x79, 0x22, 0x3a, 0x22, 0x66, 0x6c, 0x22, 0x2c, 0x22,
  0x63, 0x22, 0x3a, 0x7b, 0x22, 0x61, 0x22, 0x3a, 0x30, 0x2c, 0x22, 0x6b,
  0x22, 0x3a, 0x5b, 0x31, 0x2c, 0x30, 0x2e, 0x33, 0x33, 0x33, 0x2c, 0x30,
  0x2e, 0x34, 0x36, 0x37, 0x2c, 0x31, 0x5d, 0x7d, 0x2c, 0x22, 0x6f, 0x22,
  0x3a, 0x7b, 0x22, 0x61, 0x22, 0x3a, 0x30, 0x2c, 0x22, 0x6b, 0x22, 0x3a,
  0x35, 0x35, 0x7d, 0x2c, 0x22, 0x72, 0x22, 0x3a, 0x31, 0x2c, 0x22, 0x6e,
  0x6d, 0x22, 0x3a, 0x22, 0x66, 0x6c, 0x22, 0x7d, 0x2c, 0x7b, 0x22, 0x74,
  0x79, 0x22, 0x3a, 0x22, 0x74, 0x72, 0x22, 0x2c, 0x22, 0x70, 0x22, 0x3a,
  0x7b, 0x22, 0x61, 0x22, 0x3a, 0x30, 0x2c, 0x22, 0x6b, 0x22, 0x3a, 0x5b,
  0x30, 0x2c, 0x30, 0x5d, 0x7d, 0x2c, 0x22, 0x61, 0x22, 0x3a, 0x7b, 0x22,
  0x61, 0x22, 0x3a, 0x30, 0x2c, 0x22, 0x6b, 0x22, 0x3a, 0x5b, 0x30, 0x2c,
  0x30, 0x5d, 0x7d, 0x2c, 0x22, 0x73, 0x22, 0x3a, 0x7b, 0x22, 0x61, 0x22,
  0x3a, 0x30, 0x2c, 0x22, 0x6b, 0x22, 0x3a, 0x5b, 0x31, 0x30, 0x30, 0x2c,
  0x31, 0x30, 0x30, 0x5d, 0x7d, 0x2c, 0x22, 0x72, 0x22, 0x3a, 0x7b, 0x22,
  0x61, 0x22, 0x3a, 0x30, 0x2c, 0x22, 0x6b, 0x22, 0x3a, 0x30, 0x7d, 0x2c,
  0x22, 0x6f, 0x22, 0x3a, 0x7b, 0x22, 0x61, 0x22, 0x3a, 0x30, 0x2c, 0x22,
  0x6b, 0x22, 0x3a, 0x31, 0x30, 0x30, 0x7d, 0x7d, 0x5d, 0x7d, 0x2c, 0x7b,
  0x22, 0x74, 0x79, 0x22, 0x3a, 0x22, 0x67, 0x72, 0x22, 0x2c, 0x22, 0x6e,
  0x6d, 0x22, 0x3a, 0x22, 0x65, 0x79, 0x65, 0x48, 0x2d, 0x31, 0x22, 0x2c,
  0x22, 0x69, 0x74, 0x22, 0x3a, 0x5b, 0x7b, 0x22, 0x74, 0x79, 0x22, 0x3a,
  0x22, 0x65, 0x6c, 0x22, 0x2c, 0x22, 0x64, 0x22, 0x3a, 0x31, 0x2c, 0x22,
  0x73, 0x22, 0x3a, 0x7b, 0x22, 0x61, 0x22, 0x3a, 0x30, 0x2c, 0x22, 0x6b,
  0x22, 0x3a, 0x5b, 0x31, 0x34, 0x2c, 0x31, 0x34, 0x5d, 0x7d, 0x2c, 0x22,
  0x70, 0x22, 0x3a, 0x7b, 0x22, 0x61, 0x22, 0x3a, 0x30, 0x2c, 0x22, 0x6b,
  0x22, 0x3a, 0x5b, 0x2d, 0x35, 0x2c, 0x2d, 0x33, 0x5d, 0x7d, 0x2c, 0x22,
  0x6e, 0x6d, 0x22, 0x3a, 0x22, 0x65, 0x6c, 0x22, 0x7d, 0x2c, 0x7b, 0x22,
  0x74, 0x79, 0x22, 0x3a, 0x22, 0x66, 0x6c, 0x22, 0x2c, 0x22, 0x63, 0x22,
  0x3a, 0x7b, 0x22, 0x61, 0x22, 0x3a, 0x30, 0x2c, 0x22, 0x6b, 0x22, 0x3a,
  0x5b, 0x31, 0x2c, 0x30, 0x2e, 0x33, 0x33, 0x33, 0x2c, 0x30, 0x2e, 0x34,
  0x36, 0x37, 0x2c, 0x31, 0x5d, 0x7d, 0x2c, 0x22, 0x6f, 0x22, 0x3a, 0x7b,
  0x22, 0x61, 0x22, 0x3a, 0x30, 0x2c, 0x22, 0x6b, 0x22, 0x3a, 0x31, 0x30,
  0x30, 0x7d, 0x2c, 0x22, 0x72, 0x22, 0x3a, 0x31, 0x2c, 0x22, 0x6e, 0x6d,
  0x22, 0x3a, 0x22, 0x66, 0x6c, 0x22, 0x7d, 0x2c, 0x7b, 0x22, 0x74, 0x79,
  0x22, 0x3a, 0x22, 0x65, 0x6c, 0x22, 0x2c, 0x22, 0x64, 0x22, 0x3a, 0x31,
  0x2c, 0x22, 0x73, 0x22, 0x3a, 0x7b, 0x22, 0x61, 0x22, 0x3a, 0x30, 0x2c,
  0x22, 0x6b, 0x22, 0x3a, 0x5b, 0x31, 0x34, 0x2c, 0x31, 0x34, 0x5d, 0x7d,
  0x2c, 0x22, 0x70, 0x22, 0x3a, 0x7b, 0x22, 0x61, 0x22, 0x3a, 0x30, 0x2c,
  0x22, 0x6b, 0x22, 0x3a, 0x5b, 0x35, 0x2c, 0x2d, 0x33, 0x5d, 0x7d, 0x2c,
  0x22, 0x6e, 0x6d, 0x22, 0x3a, 0x22, 0x65, 0x6c, 0x22, 0x7d, 0x2c, 0x7b,
  0x22, 0x74, 0x79, 0x22, 0x3a, 0x22, 0x66, 0x6c, 0x22, 0x2c, 0x22, 0x63,
  0x22, 0x3a, 0x7b, 0x22, 0x61, 0x22, 0x3a, 0x30, 0x2c, 0x22, 0x6b, 0x22,
  0x3a, 0x5b, 0x31, 0x2c, 0x30, 0x2e, 0x33, 0x33, 0x33, 0x2c, 0x30, 0x2e,
  0x34, 0x36, 0x37, 0x2c, 0x31, 0x5d, 0x7d, 0x2c, 0x22, 0x6f, 0x22, 0x3a,
  0x7b, 0x22, 0x61, 0x22, 0x3a, 0x30, 0x2c, 0x22, 0x6b, 0x22, 0x3a, 0x31,
  0x30, 0x30, 0x7d, 0x2c, 0x22, 0x72, 0x22, 0x3a, 0x31, 0x2c, 0x22, 0x6e,
  0x6d, 0x22, 0x3a, 0x22, 0x66, 0x6c, 0x22, 0x7d, 0x2c, 0x7b, 0x22, 0x74,
  0x79, 0x22, 0x3a, 0x22, 0x67, 0x72, 0x22, 0x2c, 0x22, 0x6e, 0x6d, 0x22,
  0x3a, 0x22, 0x74, 0x69, 0x70, 0x22, 0x2c, 0x22, 0x69, 0x74, 0x22, 0x3a,
  0x5b, 0x7b, 0x22, 0x74, 0x79, 0x22, 0x3a, 0x22, 0x72, 0x63, 0x22, 0x2c,
  0x22, 0x64, 0x22, 0x3a, 0x31, 0x2c, 0x22, 0x73, 0x22, 0x3a, 0x7b, 0x22,
  0x61, 0x22, 0x3a, 0x30, 0x2c, 0x22, 0x6b, 0x22, 0x3a, 0x5b, 0x31, 0x34,
  0x2c, 0x31, 0x34, 0x5d, 0x7d, 0x2c, 0x22, 0x70, 0x22, 0x3a, 0x7b, 0x22,
  0x61, 0x22, 0x3a, 0x30, 0x2c, 0x22, 0x6b, 0x22, 0x3a, 0x5b, 0x30, 0x2c,
  0x30, 0x5d, 0x7d, 0x2c, 0x22, 0x72, 0x22, 0x3a, 0x7b, 0x22, 0x61, 0x22,
  0x3a, 0x30, 0x2c, 0x22, 0x6b, 0x22, 0x3a, 0x33, 0x7d, 0x2c, 0x22, 0x6e,
  0x6d, 0x22, 0x3a, 0x22, 0x72, 0x63, 0x22, 0x7d, 0x2c, 0x7b, 0x22, 0x74,
  0x79, 0x22, 0x3a, 0x22, 0x66, 0x6c, 0x22, 0x2c, 0x22, 0x63, 0x22, 0x3a,
  0x7b, 0x22, 0x61, 0x22, 0x3a, 0x30, 0x2c, 0x22, 0x6b, 0x22, 0x3a, 0x5b,
  0x31, 0x2c, 0x30, 0x2e, 0x33, 0x33, 0x33, 0x2c, 0x30, 0x2e, 0x34, 0x36,
  0x37, 0x2c, 0x31, 0x5d, 0x7d, 0x2c, 0x22, 0x6f, 0x22, 0x3a, 0x7b, 0x22,
  0x61, 0x22, 0x3a, 0x30, 0x2c, 0x22, 0x6b, 0x22, 0x3a, 0x31, 0x30, 0x30,
  0x7d, 0x2c, 0x22, 0x72, 0x22, 0x3a, 0x31, 0x2c, 0x22, 0x6e, 0x6d, 0x22,
  0x3a, 0x22, 0x66, 0x6c, 0x22, 0x7d, 0x2c, 0x7b, 0x22, 0x74, 0x79, 0x22,
  0x3a, 0x22, 0x74, 0x72, 0x22, 0x2c, 0x22, 0x70, 0x22, 0x3a, 0x7b, 0x22,
  0x61, 0x22, 0x3a, 0x30, 0x2c, 0x22, 0x6b, 0x22, 0x3a, 0x5b, 0x30, 0x2c,
  0x33, 0x5d, 0x7d, 0x2c, 0x22, 0x61, 0x22, 0x3a, 0x7b, 0x22, 0x61, 0x22,
  0x3a, 0x30, 0x2c, 0x22, 0x6b, 0x22, 0x3a, 0x5b, 0x30, 0x2c, 0x30, 0x5d,
  0x7d, 0x2c, 0x22, 0x73, 0x22, 0x3a, 0x7b, 0x22, 0x61, 0x22, 0x3a, 0x30,
  0x2c, 0x22, 0x6b, 0x22, 0x3a, 0x5b, 0x31, 0x30, 0x30, 0x2c, 0x31, 0x30,
  0x30, 0x5d, 0x7d, 0x2c, 0x22, 0x72, 0x22, 0x3a, 0x7b, 0x22, 0x61, 0x22,
  0x3a, 0x30, 0x2c, 0x22, 0x6b, 0x22, 0x3a, 0x34, 0x35, 0x7d, 0x2c, 0x22,
  0x6f, 0x22, 0x3a, 0x7b, 0x22, 0x61, 0x22, 0x3a, 0x30, 0x2c, 0x22, 0x6b,
  0x22, 0x3a, 0x31, 0x30, 0x30, 0x7d, 0x7d, 0x5d, 0x7d, 0x2c, 0x7b, 0x22,
  0x74, 0x79, 0x22, 0x3a, 0x22, 0x65, 0x6c, 0x22, 0x2c, 0x22, 0x64, 0x22,
  0x3a, 0x31, 0x2c, 0x22, 0x73, 0x22, 0x3a, 0x7b, 0x22, 0x61, 0x22, 0x3a,
  0x30, 0x2c, 0x22, 0x6b, 0x22, 0x3a, 0x5b, 0x33, 0x2c, 0x33, 0x5d, 0x7d,
  0x2c, 0x22, 0x70, 0x22, 0x3a, 0x7b, 0x22, 0x61, 0x22, 0x3a, 0x30, 0x2c,
  0x22, 0x6b, 0x22, 0x3a, 0x5b, 0x2d, 0x35, 0x2c, 0x2d, 0x35, 0x5d, 0x7d,
  0x2c, 0x22, 0x6e, 0x6d, 0x22, 0x3a, 0x22, 0x65, 0x6c, 0x22, 0x7d, 0x2c,
  0x7b, 0x22, 0x74, 0x79, 0x22, 0x3a, 0x22, 0x66, 0x6c, 0x22, 0x2c, 0x22,
  0x63, 0x22, 0x3a, 0x7b, 0x22, 0x61, 0x22, 0x3a, 0x30, 0x2c, 0x22, 0x6b,
  0x22, 0x3a, 0x5b, 0x31, 0x2c, 0x31, 0x2c, 0x31, 0x2c, 0x31, 0x5d, 0x7d,
  0x2c, 0x22, 0x6f, 0x22, 0x3a, 0x7b, 0x22, 0x61, 0x22, 0x3a, 0x30, 0x2c,
  0x22, 0x6b, 0x22, 0x3a, 0x38, 0x30, 0x7d, 0x2c, 0x22, 0x72, 0x22, 0x3a,
  0x31, 0x2c, 0x22, 0x6e, 0x6d, 0x22, 0x3a, 0x22, 0x66, 0x6c, 0x22, 0x7d,
  0x2c, 0x7b, 0x22, 0x74, 0x79, 0x22, 0x3a, 0x22, 0x74, 0x72, 0x22, 0x2c,
  0x22, 0x70, 0x22, 0x3a, 0x7b, 0x22, 0x61, 0x22, 0x3a, 0x30, 0x2c, 0x22,
  0x6b, 0x22, 0x3a, 0x5b, 0x2d, 0x32, 0x32, 0x2c, 0x2d, 0x36, 0x5d, 0x7d,
  0x2c, 0x22, 0x61, 0x22, 0x3a, 0x7b, 0x22, 0x61, 0x22, 0x3a, 0x30, 0x2c,
  0x22, 0x6b, 0x22, 0x3a, 0x5b, 0x30, 0x2c, 0x30, 0x5d, 0x7d, 0x2c, 0x22,
  0x73, 0x22, 0x3a, 0x7b, 0x22, 0x61, 0x22, 0x3a, 0x30, 0x2c, 0x22, 0x6b,
  0x22, 0x3a, 0x5b, 0x31, 0x30, 0x30, 0x2c, 0x31, 0x30, 0x30, 0x5d, 0x7d,
  0x2c, 0x22, 0x72, 0x22, 0x3a, 0x7b, 0x22, 0x61, 0x22, 0x3a, 0x30, 0x2c,
  0x22, 0x6b, 0x22, 0x3a, 0x30, 0x7d, 0x2c, 0x22, 0x6f, 0x22, 0x3a, 0x7b,
  0x22, 0x61, 0x22, 0x3a, 0x30, 0x2c, 0x22, 0x6b, 0x22, 0x3a, 0x31, 0x30,
  0x30, 0x7d, 0x7d, 0x5d, 0x7d, 0x2c, 0x7b, 0x22, 0x74, 0x79, 0x22, 0x3a,
  0x22, 0x67, 0x72, 0x22, 0x2c, 0x22, 0x6e, 0x6d, 0x22, 0x3a, 0x22, 0x65,
  0x79, 0x65, 0x48, 0x31, 0x22, 0x2c, 0x22, 0x69, 0x74, 0x22, 0x3a, 0x5b,
  0x7b, 0x22, 0x74, 0x79, 0x22, 0x3a, 0x22, 0x65, 0x6c, 0x22, 0x2c, 0x22,
  0x64, 0x22, 0x3a, 0x31, 0x2c, 0x22, 0x73, 0x22, 0x3a, 0x7b, 0x22, 0x61,
  0x22, 0x3a, 0x30, 0x2c, 0x22, 0x6b, 0x22, 0x3a, 0x5b, 0x31, 0x34, 0x2c,
  0x31, 0x34, 0x5d, 0x7d, 0x2c, 0x22, 0x70, 0x22, 0x3a, 0x7b, 0x22, 0x61,
  0x22, 0x3a, 0x30, 0x2c, 0x22, 0x6b, 0x22, 0x3a, 0x5b, 0x2d, 0x35, 0x2c,
  0x2d, 0x33, 0x5d, 0x7d, 0x2c, 0x22, 0x6e, 0x6d, 0x22, 0x3a, 0x22, 0x65,
  0x6c, 0x22, 0x7d, 0x2c, 0x7b, 0x22, 0x74, 0x79, 0x22, 0x3a, 0x22, 0x66,
  0x6c, 0x22, 0x2c, 0x22, 0x63, 0x22, 0x3a, 0x7b, 0x22, 0x61, 0x22, 0x3a,
  0x30, 0x2c, 0x22, 0x6b, 0x22, 0x3a, 0x5b, 0x31, 0x2c, 0x30, 0x2e, 0x33,
  0x33, 0x33, 0x2c, 0x30, 0x2e, 0x34, 0x36, 0x37, 0x2c, 0x31, 0x5d, 0x7d,
  0x2c, 0x22, 0x6f, 0x22, 0x3a, 0x7b, 0x22, 0x61, 0x22, 0x3a, 0x30, 0x2c,
  0x22, 0x6b, 0x22, 0x3a, 0x31, 0x30, 0x30, 0x7d, 0x2c, 0x22, 0x72, 0x22,
  0x3a, 0x31, 0x2c, 0x22, 0x6e, 0x6d, 0x22, 0x3a, 0x22, 0x66, 0x6c, 0x22,
  0x7d, 0x2c, 0x7b, 0x22, 0x74, 0x79, 0x22, 0x3a, 0x22, 0x65, 0x6c, 0x22,
  0x2c, 0x22, 0x64, 0x22, 0x3a, 0x31, 0x2c, 0x22, 0x73, 0x22, 0x3a, 0x7b,
  0x22, 0x61, 0x22, 0x3a, 0x30, 0x2c, 0x22, 0x6b, 0x22, 0x3a, 0x5b, 0x31,
  0x34, 0x2c, 0x31, 0x34, 0x5d, 0x7d, 0x2c, 0x22, 0x70, 0x22, 0x3a, 0x7b,
  0x22, 0x61, 0x22, 0x3a, 0x30, 0x2c, 0x22, 0x6b, 0x22, 0x3a, 0x5b, 0x35,
  0x2c, 0x2d, 0x33, 0x5d, 0x7d, 0x2c, 0x22, 0x6e, 0x6d, 0x22, 0x3a, 0x22,
  0x65, 0x6c, 0x22, 0x7d, 0x2c, 0x7b, 0x22, 0x74, 0x79, 0x22, 0x3a, 0x22,
  0x66, 0x6c, 0x22, 0x2c, 0x22, 0x63, 0x22, 0x3a, 0x7b, 0x22, 0x61, 0x22,
  0x3a, 0x30, 0x2c, 0x22, 0x6b, 0x22, 0x3a, 0x5b, 0x31, 0x2c, 0x30, 0x2e,
  0x33, 0x33, 0x33, 0x2c, 0x30, 0x2e, 0x34, 0x36, 0x37, 0x2c, 0x31, 0x5d,
  0x7d, 0x2c, 0x22, 0x6f, 0x22, 0x3a, 0x7b, 0x22, 0x61, 0x22, 0x3a, 0x30,
  0x2c, 0x22, 0x6b, 0x22, 0x3a, 0x31, 0x30, 0x30, 0x7d, 0x2c, 0x22, 0x72,
  0x22, 0x3a, 0x31, 0x2c, 0x22, 0x6e, 0x6d, 0x22, 0x3a, 0x22, 0x66, 0x6c,
  0x22, 0x7d, 0x2c, 0x7b, 0x22, 0x74, 0x79, 0x22, 0x3a, 0x22, 0x67, 0x72,
  0x22, 0x2c, 0x22, 0x6e, 0x6d, 0x22, 0x3a, 0x22, 0x74, 0x69, 0x70, 0x22,
  0x2c, 0x22, 0x69, 0x74, 0x22, 0x3a, 0x5b, 0x7b, 0x22, 0x74, 0x79, 0x22,
  0x3a, 0x22, 0x72, 0x63, 0x22, 0x2c, 0x22, 0x64, 0x22, 0x3a, 0x31, 0x2c,
  0x22, 0x73, 0x22, 0x3a, 0x7b, 0x22, 0x61, 0x22, 0x3a, 0x30, 0x2c, 0x22,
  0x6b, 0x22, 0x3a, 0x5b, 0x31, 0x34, 0x2c, 0x31, 0x34, 0x5d, 0x7d, 0x2c,
  0x22, 0x70, 0x22, 0x3a, 0x7b, 0x22, 0x61, 0x22, 0x3a, 0x30, 0x2c, 0x22,
  0x6b, 0x22, 0x3a, 0x5b, 0x30, 0x2c, 0x30, 0x5d, 0x7d, 0x2c, 0x22, 0x72,
  0x22, 0x3a, 0x7b, 0x22, 0x61, 0x22, 0x3a, 0x30, 0x2c, 0x22, 0x6b, 0x22,
  0x3a, 0x33, 0x7d, 0x2c, 0x22, 0x6e, 0x6d, 0x22, 0x3a, 0x22, 0x72, 0x63,
  0x22, 0x7d, 0x2c, 0x7b, 0x22, 0x74, 0x79, 0x22, 0x3a, 0x22, 0x66, 0x6c,
  0x22, 0x2c, 0x22, 0x63, 0x22, 0x3a, 0x7b, 0x22, 0x61, 0x22, 0x3a, 0x30,
  0x2c, 0x22, 0x6b, 0x22, 0x3a, 0x5b, 0x31, 0x2c, 0x30, 0x2e, 0x33, 0x33,
  0x33, 0x2c, 0x30, 0x2e, 0x34, 0x36, 0x37, 0x2c, 0x31, 0x5d, 0x7d, 0x2c,
  0x22, 0x6f, 0x22, 0x3a, 0x7b, 0x22, 0x61, 0x22, 0x3a, 0x30, 0x2c, 0x22,
  0x6b, 0x22, 0x3a, 0x31, 0x30, 0x30, 0x7d, 0x2c, 0x22, 0x72, 0x22, 0x3a,
  0x31, 0x2c, 0x22, 0x6e, 0x6d, 0x22, 0x3a, 0x22, 0x66, 0x6c, 0x22, 0x7d,
  0x2c, 0x7b, 0x22, 0x74, 0x79, 0x22, 0x3a, 0x22, 0x74, 0x72, 0x22, 0x2c,
  0x22, 0x70, 0x22, 0x3a, 0x7b, 0x22, 0x61, 0x22, 0x3a, 0x30, 0x2c, 0x22,
  0x6b, 0x22, 0x3a, 0x5b, 0x30, 0x2c, 0x33, 0x5d, 0x7d, 0x2c, 0x22, 0x61,
  0x22, 0x3a, 0x7b, 0x22, 0x61, 0x22, 0x3a, 0x30, 0x2c, 0x22, 0x6b, 0x22,
  0x3a, 0x5b, 0x30, 0x2c, 0x30, 0x5d, 0x7d, 0x2c, 0x22, 0x73, 0x22, 0x3a,
  0x7b, 0x22, 0x61, 0x22, 0x3a, 0x30, 0x2c, 0x22, 0x6b, 0x22, 0x3a, 0x5b,
  0x31, 0x30, 0x30, 0x2c, 0x31, 0x30, 0x30, 0x5d, 0x7d, 0x2c, 0x22, 0x72,
  0x22, 0x3a, 0x7b, 0x22, 0x61, 0x22, 0x3a, 0x30, 0x2c, 0x22, 0x6b, 0x22,
  0x3a, 0x34, 0x35, 0x7d, 0x2c, 0x22, 0x6f, 0x22, 0x3a, 0x7b, 0x22, 0x61,
  0x22, 0x3a, 0x30, 0x2c, 0x22, 0x6b, 0x22, 0x3a, 0x31, 0x30, 0x30, 0x7d,
  0x7d, 0x5d, 0x7d, 0x2c, 0x7b, 0x22, 0x74, 0x79, 0x22, 0x3a, 0x22, 0x65,
  0x6c, 0x22, 0x2c, 0x22, 0x64, 0x22, 0x3a, 0x31, 0x2c, 0x22, 0x73, 0x22,
  0x3a, 0x7b, 0x22, 0x61, 0x22, 0x3a, 0x30, 0x2c, 0x22, 0x6b, 0x22, 0x3a,
  0x5b, 0x33, 0x2c, 0x33, 0x5d, 0x7d, 0x2c, 0x22, 0x70, 0x22, 0x3a, 0x7b,
  0x22, 0x61, 0x22, 0x3a, 0x30, 0x2c, 0x22, 0x6b, 0x22, 0x3a, 0x5b, 0x2d,
  0x35, 0x2c, 0x2d, 0x35, 0x5d, 0x7d, 0x2c, 0x22, 0x6e, 0x6d, 0x22, 0x3a,
  0x22, 0x65, 0x6c, 0x22, 0x7d, 0x2c, 0x7b, 0x22, 0x74, 0x79, 0x22, 0x3a,
  0x22, 0x66, 0x6c, 0x22, 0x2c, 0x22, 0x63, 0x22, 0x3a, 0x7b, 0x22, 0x61,
  0x22, 0x3a, 0x30, 0x2c, 0x22, 0x6b, 0x22, 0x3a, 0x5b, 0x31, 0x2c, 0x31,
  0x2c, 0x31, 0x2c, 0x31, 0x5d, 0x7d, 0x2c, 0x22, 0x6f, 0x22, 0x3a, 0x7b,
  0x22, 0x61, 0x22, 0x3a, 0x30, 0x2c, 0x22, 0x6b, 0x22, 0x3a, 0x38, 0x30,
  0x7d, 0x2c, 0x22, 0x72, 0x22, 0x3a, 0x31, 0x2c, 0x22, 0x6e, 0x6d, 0x22,
  0x3a, 0x22, 0x66, 0x6c, 0x22, 0x7d, 0x2c, 0x7b, 0x22, 0x74, 0x79, 0x22,
  0x3a, 0x22, 0x74, 0x72, 0x22, 0x2c, 0x22, 0x70, 0x22, 0x3a, 0x7b, 0x22,
  0x61, 0x22, 0x3a, 0x30, 0x2c, 0x22, 0x6b, 0x22, 0x3a, 0x5b, 0x32, 0x32,
  0x2c, 0x2d, 0x36, 0x5d, 0x7d, 0x2c, 0x22, 0x61, 0x22, 0x3a, 0x7b, 0x22,
  0x61, 0x22, 0x3a, 0x30, 0x2c, 0x22, 0x6b, 0x22, 0x3a, 0x5b, 0x30, 0x2c,
  0x30, 0x5d, 0x7d, 0x2c, 0x22, 0x73, 0x22, 0x3a, 0x7b, 0x22, 0x61, 0x22,
  0x3a, 0x30, 0x2c, 0x22, 0x6b, 0x22, 0x3a, 0x5b, 0x31, 0x30, 0x30, 0x2c,
  0x31, 0x30, 0x30, 0x5d, 0x7d, 0x2c, 0x22, 0x72, 0x22, 0x3a, 0x7b, 0x22,
  0x61, 0x22, 0x3a, 0x30, 0x2c, 0x22, 0x6b, 0x22, 0x3a, 0x30, 0x7d, 0x2c,
  0x22, 0x6f, 0x22, 0x3a, 0x7b, 0x22, 0x61, 0x22, 0x3a, 0x30, 0x2c, 0x22,
  0x6b, 0x22, 0x3a, 0x31, 0x30, 0x30, 0x7d, 0x7d, 0x5d, 0x7d, 0x2c, 0x7b,
  0x22, 0x74, 0x79, 0x22, 0x3a, 0x22, 0x67, 0x72, 0x22, 0x2c, 0x22, 0x6e,
  0x6d, 0x22, 0x3a, 0x22, 0x6d, 0x6f, 0x75, 0x74, 0x68, 0x22, 0x2c, 0x22,
  0x69, 0x74, 0x22, 0x3a, 0x5b, 0x7b, 0x22, 0x74, 0x79, 0x22, 0x3a, 0x22,
  0x73, 0x68, 0x22, 0x2c, 0x22, 0x64, 0x22, 0x3a, 0x31, 0x2c, 0x22, 0x6e,
  0x6d, 0x22, 0x3a, 0x22, 0x73, 0x68, 0x22, 0x2c, 0x22, 0x6b, 0x73, 0x22,
  0x3a, 0x7b, 0x22, 0x61, 0x22, 0x3a, 0x30, 0x2c, 0x22, 0x6b, 0x22, 0x3a,
  0x7b, 0x22, 0x63, 0x22, 0x3a, 0x66, 0x61, 0x6c, 0x73, 0x65, 0x2c, 0x22,
  0x76, 0x22, 0x3a, 0x5b, 0x5b, 0x2d, 0x31, 0x34, 0x2c, 0x2d, 0x32, 0x5d,
  0x2c, 0x5b, 0x30, 0x2c, 0x31, 0x30, 0x5d, 0x2c, 0x5b, 0x31, 0x34, 0x2c,
  0x2d, 0x32, 0x5d, 0x5d, 0x2c, 0x22, 0x69, 0x22, 0x3a, 0x5b, 0x5b, 0x2d,
  0x36, 0x2c, 0x30, 0x5d, 0x2c, 0x5b, 0x30, 0x2c, 0x30, 0x5d, 0x2c, 0x5b,
  0x30, 0x2c, 0x30, 0x5d, 0x5d, 0x2c, 0x22, 0x6f, 0x22, 0x3a, 0x5b, 0x5b,
  0x30, 0x2c, 0x30, 0x5d, 0x2c, 0x5b, 0x30, 0x2c, 0x30, 0x5d, 0x2c, 0x5b,
  0x36, 0x2c, 0x30, 0x5d, 0x5d, 0x7d, 0x7d, 0x7d, 0x2c, 0x7b, 0x22, 0x74,
  0x79, 0x22, 0x3a, 0x22, 0x73, 0x74, 0x22, 0x2c, 0x22, 0x63, 0x22, 0x3a,
  0x7b, 0x22, 0x61, 0x22, 0x3a, 0x30, 0x2c, 0x22, 0x6b, 0x22, 0x3a, 0x5b,
  0x31, 0x2c, 0x31, 0x2c, 0x31, 0x2c, 0x31, 0x5d, 0x7d, 0x2c, 0x22, 0x6f,
  0x22, 0x3a, 0x7b, 0x22, 0x61, 0x22, 0x3a, 0x30, 0x2c, 0x22, 0x6b, 0x22,
  0x3a, 0x31, 0x30, 0x30, 0x7d, 0x2c, 0x22, 0x77, 0x22, 0x3a, 0x33, 0x2c,
  0x22, 0x6c, 0x63, 0x22, 0x3a, 0x32, 0x2c, 0x22, 0x6c, 0x6a, 0x22, 0x3a,
  0x32, 0x2c, 0x22, 0x6e, 0x6d, 0x22, 0x3a, 0x22, 0x73, 0x74, 0x22, 0x7d,
  0x2c, 0x7b, 0x22, 0x74, 0x79, 0x22, 0x3a, 0x22, 0x74, 0x72, 0x22, 0x2c,
  0x22, 0x70, 0x22, 0x3a, 0x7b, 0x22, 0x61, 0x22, 0x3a, 0x30, 0x2c, 0x22,
  0x6b, 0x22, 0x3a, 0x5b, 0x30, 0x2c, 0x31, 0x38, 0x5d, 0x7d, 0x2c, 0x22,
  0x61, 0x22, 0x3a, 0x7b, 0x22, 0x61, 0x22, 0x3a, 0x30, 0x2c, 0x22, 0x6b,
  0x22, 0x3a, 0x5b, 0x30, 0x2c, 0x30, 0x5d, 0x7d, 0x2c, 0x22, 0x73, 0x22,
  0x3a, 0x7b, 0x22, 0x61, 0x22, 0x3a, 0x30, 0x2c, 0x22, 0x6b, 0x22, 0x3a,
  0x5b, 0x31, 0x30, 0x30, 0x2c, 0x31, 0x30, 0x30, 0x5d, 0x7d, 0x2c, 0x22,
  0x72, 0x22, 0x3a, 0x7b, 0x22, 0x61, 0x22, 0x3a, 0x30, 0x2c, 0x22, 0x6b,
  0x22, 0x3a, 0x30, 0x7d, 0x2c, 0x22, 0x6f, 0x22, 0x3a, 0x7b, 0x22, 0x61,
  0x22, 0x3a, 0x30, 0x2c, 0x22, 0x6b, 0x22, 0x3a, 0x31, 0x30, 0x30, 0x7d,
  0x7d, 0x5d, 0x7d, 0x2c, 0x7b, 0x22, 0x74, 0x79, 0x22, 0x3a, 0x22, 0x67,
  0x72, 0x22, 0x2c, 0x22, 0x6e, 0x6d, 0x22, 0x3a, 0x22, 0x63, 0x68, 0x65,
  0x73, 0x74, 0x22, 0x2c, 0x22, 0x69, 0x74, 0x22, 0x3a, 0x5b, 0x7b, 0x22,
  0x74, 0x79, 0x22, 0x3a, 0x22, 0x72, 0x63, 0x22, 0x2c, 0x22, 0x64, 0x22,
  0x3a, 0x31, 0x2c, 0x22, 0x73, 0x22, 0x3a, 0x7b, 0x22, 0x61, 0x22, 0x3a,
  0x30, 0x2c, 0x22, 0x6b, 0x22, 0x3a, 0x5b, 0x33, 0x34, 0x2c, 0x31, 0x30,
  0x5d, 0x7d, 0x2c, 0x22, 0x70, 0x22, 0x3a, 0x7b, 0x22, 0x61, 0x22, 0x3a,
  0x30, 0x2c, 0x22, 0x6b, 0x22, 0x3a, 0x5b, 0x30, 0x2c, 0x30, 0x5d, 0x7d,
  0x2c, 0x22, 0x72, 0x22, 0x3a, 0x7b, 0x22, 0x61, 0x22, 0x3a, 0x30, 0x2c,
  0x22, 0x6b, 0x22, 0x3a, 0x35, 0x7d, 0x2c, 0x22, 0x6e, 0x6d, 0x22, 0x3a,
  0x22, 0x72, 0x63, 0x22, 0x7d, 0x2c, 0x7b, 0x22, 0x74, 0x79, 0x22, 0x3a,
  0x22, 0x66, 0x6c, 0x22, 0x2c, 0x22, 0x63, 0x22, 0x3a, 0x7b, 0x22, 0x61,
  0x22, 0x3a, 0x30, 0x2c, 0x22, 0x6b, 0x22, 0x3a, 0x5b, 0x30, 0x2e, 0x30,
  0x39, 0x38, 0x2c, 0x30, 0x2e, 0x39, 0x31, 0x34, 0x2c, 0x31, 0x2c, 0x31,
  0x5d, 0x7d, 0x2c, 0x22, 0x6f, 0x22, 0x3a, 0x7b, 0x22, 0x61, 0x22, 0x3a,
  0x30, 0x2c, 0x22, 0x6b, 0x22, 0x3a, 0x31, 0x30, 0x30, 0x7d, 0x2c, 0x22,
  0x72, 0x22, 0x3a, 0x31, 0x2c, 0x22, 0x6e, 0x6d, 0x22, 0x3a, 0x22, 0x66,
  0x6c, 0x22, 0x7d, 0x2c, 0x7b, 0x22, 0x74, 0x79, 0x22, 0x3a, 0x22, 0x72,
  0x63, 0x22, 0x2c, 0x22, 0x64, 0x22, 0x3a, 0x31, 0x2c, 0x22, 0x73, 0x22,
  0x3a, 0x7b, 0x22, 0x61, 0x22, 0x3a, 0x30, 0x2c, 0x22, 0x6b, 0x22, 0x3a,
  0x5b, 0x33, 0x30, 0x2c, 0x34, 0x5d, 0x7d, 0x2c, 0x22, 0x70, 0x22, 0x3a,
  0x7b, 0x22, 0x61, 0x22, 0x3a, 0x30, 0x2c, 0x22, 0x6b, 0x22, 0x3a, 0x5b,
  0x30, 0x2c, 0x2d, 0x32, 0x5d, 0x7d, 0x2c, 0x22, 0x72, 0x22, 0x3a, 0x7b,
  0x22, 0x61, 0x22, 0x3a, 0x30, 0x2c, 0x22, 0x6b, 0x22, 0x3a, 0x32, 0x7d,
  0x2c, 0x22, 0x6e, 0x6d, 0x22, 0x3a, 0x22, 0x72, 0x63, 0x22, 0x7d, 0x2c,
  0x7b, 0x22, 0x74, 0x79, 0x22, 0x3a, 0x22, 0x66, 0x6c, 0x22, 0x2c, 0x22,
  0x63, 0x22, 0x3a, 0x7b, 0x22, 0x61, 0x22, 0x3a, 0x30, 0x2c, 0x22, 0x6b,
  0x22, 0x3a, 0x5b, 0x31, 0x2c, 0x31, 0x2c, 0x31, 0x2c, 0x31, 0x5d, 0x7d,
  0x2c, 0x22, 0x6f, 0x22, 0x3a, 0x7b, 0x22, 0x61, 0x22, 0x3a, 0x30, 0x2c,
  0x22, 0x6b, 0x22, 0x3a, 0x36, 0x30, 0x7d, 0x2c, 0x22, 0x72, 0x22, 0x3a,
  0x31, 0x2c, 0x22, 0x6e, 0x6d, 0x22, 0x3a, 0x22, 0x66, 0x6c, 0x22, 0x7d,
  0x2c, 0x7b, 0x22, 0x74, 0x79, 0x22, 0x3a, 0x22, 0x74, 0x72, 0x22, 0x2c,
  0x22, 0x70, 0x22, 0x3a, 0x7b, 0x22, 0x61, 0x22, 0x3a, 0x30, 0x2c, 0x22,
  0x6b, 0x22, 0x3a, 0x5b, 0x30, 0x2c, 0x34, 0x39, 0x5d, 0x7d, 0x2c, 0x22,
  0x61, 0x22, 0x3a, 0x7b, 0x22, 0x61, 0x22, 0x3a, 0x30, 0x2c, 0x22, 0x6b,
  0x22, 0x3a, 0x5b, 0x30, 0x2c, 0x30, 0x5d, 0x7d, 0x2c, 0x22, 0x73, 0x22,
  0x3a, 0x7b, 0x22, 0x61, 0x22, 0x3a, 0x30, 0x2c, 0x22, 0x6b, 0x22, 0x3a,
  0x5b, 0x31, 0x30, 0x30, 0x2c, 0x31, 0x30, 0x30, 0x5d, 0x7d, 0x2c, 0x22,
  0x72, 0x22, 0x3a, 0x7b, 0x22, 0x61, 0x22, 0x3a, 0x30, 0x2c, 0x22, 0x6b,
  0x22, 0x3a, 0x30, 0x7d, 0x2c, 0x22, 0x6f, 0x22, 0x3a, 0x7b, 0x22, 0x61,
  0x22, 0x3a, 0x30, 0x2c, 0x22, 0x6b, 0x22, 0x3a, 0x31, 0x30, 0x30, 0x7d,
  0x7d, 0x5d, 0x7d, 0x5d, 0x2c, 0x22, 0x69, 0x70, 0x22, 0x3a, 0x30, 0x2c,
  0x22, 0x6f, 0x70, 0x22, 0x3a, 0x33, 0x36, 0x2c, 0x22, 0x73, 0x74, 0x22,
  0x3a, 0x30, 0x7d, 0x2c, 0x7b, 0x22, 0x74, 0x79, 0x22, 0x3a, 0x34, 0x2c,
  0x22, 0x6e, 0x6d, 0x22, 0x3a, 0x22, 0x68, 0x30, 0x22, 0x2c, 0x22, 0x73,
  0x72, 0x22, 0x3a, 0x31, 0x2c, 0x22, 0x6b, 0x73, 0x22, 0x3a, 0x7b, 0x22,
  0x70, 0x22, 0x3a, 0x7b, 0x22, 0x61, 0x22, 0x3a, 0x31, 0x2c, 0x22, 0x6b,
  0x22, 0x3a, 0x5b, 0x7b, 0x22, 0x74, 0x22, 0x3a, 0x30, 0x2c, 0x22, 0x73,
  0x22, 0x3a, 0x5b, 0x37, 0x30, 0x2c, 0x31, 0x33, 0x30, 0x2c, 0x30, 0x5d,
  0x7d, 0x2c, 0x7b, 0x22, 0x74, 0x22, 0x3a, 0x33, 0x36, 0x2c, 0x22, 0x73,
  0x22, 0x3a, 0x5b, 0x35, 0x35, 0x2c, 0x33, 0x30, 0x2c, 0x30, 0x5d, 0x7d,
  0x5d, 0x7d, 0x2c, 0x22, 0x61, 0x22, 0x3a, 0x7b, 0x22, 0x61, 0x22, 0x3a,
  0x30, 0x2c, 0x22, 0x6b, 0x22, 0x3a, 0x5b, 0x30, 0x2c, 0x30, 0x2c, 0x30,
  0x5d, 0x7d, 0x2c, 0x22, 0x73, 0x22, 0x3a, 0x7b, 0x22, 0x61, 0x22, 0x3a,
  0x31, 0x2c, 0x22, 0x6b, 0x22, 0x3a, 0x5b, 0x7b, 0x22, 0x74, 0x22, 0x3a,
  0x30, 0x2c, 0x22, 0x73, 0x22, 0x3a, 0x5b, 0x34, 0x30, 0x2c, 0x34, 0x30,
  0x5d, 0x7d, 0x2c, 0x7b, 0x22, 0x74, 0x22, 0x3a, 0x31, 0x38, 0x2c, 0x22,
  0x73, 0x22, 0x3a, 0x5b, 0x31, 0x31, 0x30, 0x2c, 0x31, 0x31, 0x30, 0x5d,
  0x7d, 0x2c, 0x7b, 0x22, 0x74, 0x22, 0x3a, 0x33, 0x36, 0x2c, 0x22, 0x73,
  0x22, 0x3a, 0x5b, 0x37, 0x30, 0x2c, 0x37, 0x30, 0x5d, 0x7d, 0x5d, 0x7d,
  0x2c, 0x22, 0x72, 0x22, 0x3a, 0x7b, 0x22, 0x61, 0x22, 0x3a, 0x30, 0x2c,
  0x22, 0x6b, 0x22, 0x3a, 0x30, 0x7d, 0x2c, 0x22, 0x6f, 0x22, 0x3a, 0x7b,
  0x22, 0x61, 0x22, 0x3a, 0x31, 0x2c, 0x22, 0x6b, 0x22, 0x3a, 0x5b, 0x7b,
  0x22, 0x74, 0x22, 0x3a, 0x30, 0x2c, 0x22, 0x73, 0x22, 0x3a, 0x5b, 0x30,
  0x5d, 0x7d, 0x2c, 0x7b, 0x22, 0x74, 0x22, 0x3a, 0x39, 0x2c, 0x22, 0x73,
  0x22, 0x3a, 0x5b, 0x31, 0x30, 0x30, 0x5d, 0x7d, 0x2c, 0x7b, 0x22, 0x74,
  0x22, 0x3a, 0x32, 0x37, 0x2c, 0x22, 0x73, 0x22, 0x3a, 0x5b, 0x39, 0x30,
  0x5d, 0x7d, 0x2c, 0x7b, 0x22, 0x74, 0x22, 0x3a, 0x33, 0x36, 0x2c, 0x22,
  0x73, 0x22, 0x3a, 0x5b, 0x30, 0x5d, 0x7d, 0x5d, 0x7d, 0x7d, 0x2c, 0x22,
  0x61, 0x6f, 0x22, 0x3a, 0x30, 0x2c, 0x22, 0x73, 0x68, 0x61, 0x70, 0x65,
  0x73, 0x22, 0x3a, 0x5b, 0x7b, 0x22, 0x74, 0x79, 0x22, 0x3a, 0x22, 0x67,
  0x72, 0x22, 0x2c, 0x22, 0x6e, 0x6d, 0x22, 0x3a, 0x22, 0x68, 0x65, 0x61,
  0x72, 0x74, 0x22, 0x2c, 0x22, 0x69, 0x74, 0x22, 0x3a, 0x5b, 0x7b, 0x22,
  0x74, 0x79, 0x22, 0x3a, 0x22, 0x65, 0x6c, 0x22, 0x2c, 0x22, 0x64, 0x22,
  0x3a, 0x31, 0x2c, 0x22, 0x73, 0x22, 0x3a, 0x7b, 0x22, 0x61, 0x22, 0x3a,
  0x30, 0x2c, 0x22, 0x6b, 0x22, 0x3a, 0x5b, 0x31, 0x33, 0x2e, 0x32, 0x2c,
  0x31, 0x33, 0x2e, 0x32, 0x5d, 0x7d, 0x2c, 0x22, 0x70, 0x22, 0x3a, 0x7b,
  0x22, 0x61, 0x22, 0x3a, 0x30, 0x2c, 0x22, 0x6b, 0x22, 0x3a, 0x5b, 0x2d,
  0x34, 0x2e, 0x34, 0x2c, 0x2d, 0x32, 0x2e, 0x32, 0x5d, 0x7d, 0x2c, 0x22,
  0x6e, 0x6d, 0x22, 0x3a, 0x22, 0x65, 0x6c, 0x22, 0x7d, 0x2c, 0x7b, 0x22,
  0x74, 0x79, 0x22, 0x3a, 0x22, 0x66, 0x6c, 0x22, 0x2c, 0x22, 0x63, 0x22,
  0x3a, 0x7b, 0x22, 0x61, 0x22, 0x3a, 0x30, 0x2c, 0x22, 0x6b, 0x22, 0x3a,
  0x5b, 0x31, 0x2c, 0x30, 0x2e, 0x33, 0x33, 0x33, 0x2c, 0x30, 0x2e, 0x34,
  0x36, 0x37, 0x2c, 0x31, 0x5d, 0x7d, 0x2c, 0x22, 0x6f, 0x22, 0x3a, 0x7b,
  0x22, 0x61, 0x22, 0x3a, 0x30, 0x2c, 0x22, 0x6b, 0x22, 0x3a, 0x31, 0x30,
  0x30, 0x7d, 0x2c, 0x22, 0x72, 0x22, 0x3a, 0x31, 0x2c, 0x22, 0x6e, 0x6d,
  0x22, 0x3a, 0x22, 0x66, 0x6c, 0x22, 0x7d, 0x2c, 0x7b, 0x22, 0x74, 0x79,
  0x22, 0x3a, 0x22, 0x65, 0x6c, 0x22, 0x2c, 0x22, 0x64, 0x22, 0x3a, 0x31,
  0x2c, 0x22, 0x73, 0x22, 0x3a, 0x7b, 0x22, 0x61, 0x22, 0x3a, 0x30, 0x2c,
  0x22, 0x6b, 0x22, 0x3a, 0x5b, 0x31, 0x33, 0x2e, 0x32, 0x2c, 0x31, 0x33,
  0x2e, 0x32, 0x5d, 0x7d, 0x2c, 0x22, 0x70, 0x22, 0x3a, 0x7b, 0x22, 0x61,
  0x22, 0x3a, 0x30, 0x2c, 0x22, 0x6b, 0x22, 0x3a, 0x5b, 0x34, 0x2e, 0x34,
  0x2c, 0x2d, 0x32, 0x2e, 0x32, 0x5d, 0x7d, 0x2c, 0x22, 0x6e, 0x6d, 0x22,
  0x3a, 0x22, 0x65, 0x6c, 0x22, 0x7d, 0x2c, 0x7b, 0x22, 0x74, 0x79, 0x22,
  0x3a, 0x22, 0x66, 0x6c, 0x22, 0x2c, 0x22, 0x63, 0x22, 0x3a, 0x7b, 0x22,
  0x61, 0x22, 0x3a, 0x30, 0x2c, 0x22, 0x6b, 0x22, 0x3a, 0x5b, 0x31, 0x2c,
  0x30, 0x2e, 0x33, 0x33, 0x33, 0x2c, 0x30, 0x2e, 0x34, 0x36, 0x37, 0x2c,
  0x31, 0x5d, 0x7d, 0x2c, 0x22, 0x6f, 0x22, 0x3a, 0x7b, 0x22, 0x61, 0x22,
  0x3a, 0x30, 0x2c, 0x22, 0x6b, 0x22, 0x3a, 0x31, 0x30, 0x30, 0x7d, 0x2c,
  0x22, 0x72, 0x22, 0x3a, 0x31, 0x2c, 0x22, 0x6e, 0x6d, 0x22, 0x3a, 0x22,
  0x66, 0x6c, 0x22, 0x7d, 0x2c, 0x7b, 0x22, 0x74, 0x79, 0x22, 0x3a, 0x22,
  0x67, 0x72, 0x22, 0x2c, 0x22, 0x6e, 0x6d, 0x22, 0x3a, 0x22, 0x74, 0x69,
  0x70, 0x22, 0x2c, 0x22, 0x69, 0x74, 0x22, 0x3a, 0x5b, 0x7b, 0x22, 0x74,
  0x79, 0x22, 0x3a, 0x22, 0x72, 0x63, 0x22, 0x2c, 0x22, 0x64, 0x22, 0x3a,
  0x31, 0x2c, 0x22, 0x73, 0x22, 0x3a, 0x7b, 0x22, 0x61, 0x22, 0x3a, 0x30,
  0x2c, 0x22, 0x6b, 0x22, 0x3a, 0x5b, 0x31, 0x32, 0x2e, 0x36, 0x35, 0x2c,
  0x31, 0x32, 0x2e, 0x36, 0x35, 0x5d, 0x7d, 0x2c, 0x22, 0x70, 0x22, 0x3a,
  0x7b, 0x22, 0x61, 0x22, 0x3a, 0x30, 0x2c, 0x22, 0x6b, 0x22, 0x3a, 0x5b,
  0x30, 0x2c, 0x30, 0x5d, 0x7d, 0x2c, 0x22, 0x72, 0x22, 0x3a, 0x7b, 0x22,
  0x61, 0x22, 0x3a, 0x30, 0x2c, 0x22, 0x6b, 0x22, 0x3a, 0x32, 0x7d, 0x2c,
  0x22, 0x6e, 0x6d, 0x22, 0x3a, 0x22, 0x72, 0x63, 0x22, 0x7d, 0x2c, 0x7b,
  0x22, 0x74, 0x79, 0x22, 0x3a, 0x22, 0x66, 0x6c, 0x22, 0x2c, 0x22, 0x63,
  0x22, 0x3a, 0x7b, 0x22, 0x61, 0x22, 0x3a, 0x30, 0x2c, 0x22, 0x6b, 0x22,
  0x3a, 0x5b, 0x31, 0x2c, 0x30, 0x2e, 0x33, 0x33, 0x33, 0x2c, 0x30, 0x2e,
  0x34, 0x36, 0x37, 0x2c, 0x31, 0x5d, 0x7d, 0x2c, 0x22, 0x6f, 0x22, 0x3a,
  0x7b, 0x22, 0x61, 0x22, 0x3a, 0x30, 0x2c, 0x22, 0x6b, 0x22, 0x3a, 0x31,
  0x30, 0x30, 0x7d, 0x2c, 0x22, 0x72, 0x22, 0x3a, 0x31, 0x2c, 0x22, 0x6e,
  0x6d, 0x22, 0x3a, 0x22, 0x66, 0x6c, 0x22, 0x7d, 0x2c, 0x7b, 0x22, 0x74,
  0x79, 0x22, 0x3a, 0x22, 0x74, 0x72, 0x22, 0x2c, 0x22, 0x70, 0x22, 0x3a,
  0x7b, 0x22, 0x61, 0x22, 0x3a, 0x30, 0x2c, 0x22, 0x6b, 0x22, 0x3a, 0x5b,
  0x30, 0x2c, 0x33, 0x2e, 0x33, 0x5d, 0x7d, 0x2c, 0x22, 0x61, 0x22, 0x3a,
  0x7b, 0x22, 0x61, 0x22, 0x3a, 0x30, 0x2c, 0x22, 0x6b, 0x22, 0x3a, 0x5b,
  0x30, 0x2c, 0x30, 0x5d, 0x7d, 0x2c, 0x22, 0x73, 0x22, 0x3a, 0x7b, 0x22,
  0x61, 0x22, 0x3a, 0x30, 0x2c, 0x22, 0x6b, 0x22, 0x3a, 0x5b, 0x31, 0x30,
  0x30, 0x2c, 0x31, 0x30, 0x30, 0x5d, 0x7d, 0x2c, 0x22, 0x72, 0x22, 0x3a,
  0x7b, 0x22, 0x61, 0x22, 0x3a, 0x30, 0x2c, 0x22, 0x6b, 0x22, 0x3a, 0x34,
  0x35, 0x7d, 0x2c, 0x22, 0x6f, 0x22, 0x3a, 0x7b, 0x22, 0x61, 0x22, 0x3a,
  0x30, 0x2c, 0x22, 0x6b, 0x22, 0x3a, 0x31, 0x30, 0x30, 0x7d, 0x7d, 0x5d,
  0x7d, 0x2c, 0x7b, 0x22, 0x74, 0x79, 0x22, 0x3a, 0x22, 0x74, 0x72, 0x22,
  0x2c, 0x22, 0x70, 0x22, 0x3a, 0x7b, 0x22, 0x61, 0x22, 0x3a, 0x30, 0x2c,
  0x22, 0x6b, 0x22, 0x3a, 0x5b, 0x30, 0x2c, 0x30, 0x5d, 0x7d, 0x2c, 0x22,
  0x61, 0x22, 0x3a, 0x7b, 0x22, 0x61, 0x22, 0x3a, 0x30, 0x2c, 0x22, 0x6b,
  0x22, 0x3a, 0x5b, 0x30, 0x2c, 0x30, 0x5d, 0x7d, 0x2c, 0x22, 0x73, 0x22,
  0x3a, 0x7b, 0x22, 0x61, 0x22, 0x3a, 0x30, 0x2c, 0x22, 0x6b, 0x22, 0x3a,
  0x5b, 0x31, 0x30, 0x30, 0x2c, 0x31, 0x30, 0x30, 0x5d, 0x7d, 0x2c, 0x22,
  0x72, 0x22, 0x3a, 0x7b, 0x22, 0x61, 0x22, 0x3a, 0x30, 0x2c, 0x22, 0x6b,
  0x22, 0x3a, 0x30, 0x7d, 0x2c, 0x22, 0x6f, 0x22, 0x3a, 0x7b, 0x22, 0x61,
  0x22, 0x3a, 0x30, 0x2c, 0x22, 0x6b, 0x22, 0x3a, 0x31, 0x30, 0x30, 0x7d,
  0x7d, 0x5d, 0x7d, 0x5d, 0x2c, 0x22, 0x69, 0x70, 0x22, 0x3a, 0x30, 0x2c,
  0x22, 0x6f, 0x70, 0x22, 0x3a, 0x33, 0x36, 0x2c, 0x22, 0x73, 0x74, 0x22,
  0x3a, 0x30, 0x7d, 0x2c, 0x7b, 0x22, 0x74, 0x79, 0x22, 0x3a, 0x34, 0x2c,
  0x22, 0x6e, 0x6d, 0x22, 0x3a, 0x22, 0x68, 0x31, 0x22, 0x2c, 0x22, 0x73,
  0x72, 0x22, 0x3a, 0x31, 0x2c, 0x22, 0x6b, 0x73, 0x22, 0x3a, 0x7b, 0x22,
  0x70, 0x22, 0x3a, 0x7b, 0x22, 0x61, 0x22, 0x3a, 0x31, 0x2c, 0x22, 0x6b,
  0x22, 0x3a, 0x5b, 0x7b, 0x22, 0x74, 0x22, 0x3a, 0x30, 0x2c, 0x22, 0x73,
  0x22, 0x3a, 0x5b, 0x31, 0x33, 0x34, 0x2c, 0x31, 0x33, 0x30, 0x2c, 0x30,
  0x5d, 0x7d, 0x2c, 0x7b, 0x22, 0x74, 0x22, 0x3a, 0x33, 0x36, 0x2c, 0x22,
  0x73, 0x22, 0x3a, 0x5b, 0x31, 0x35, 0x31, 0x2c, 0x33, 0x30, 0x2c, 0x30,
  0x5d, 0x7d, 0x5d, 0x7d, 0x2c, 0x22, 0x61, 0x22, 0x3a, 0x7b, 0x22, 0x61,
  0x22, 0x3a, 0x30, 0x2c, 0x22, 0x6b, 0x22, 0x3a, 0x5b, 0x30, 0x2c, 0x30,
  0x2c, 0x30, 0x5d, 0x7d, 0x2c, 0x22, 0x73, 0x22, 0x3a, 0x7b, 0x22, 0x61,
  0x22, 0x3a, 0x31, 0x2c, 0x22, 0x6b, 0x22, 0x3a, 0x5b, 0x7b, 0x22, 0x74,
  0x22, 0x3a, 0x30, 0x2c, 0x22, 0x73, 0x22, 0x3a, 0x5b, 0x34, 0x30, 0x2c,
  0x34, 0x30, 0x5d, 0x7d, 0x2c, 0x7b, 0x22, 0x74, 0x22, 0x3a, 0x31, 0x38,
  0x2c, 0x22, 0x73, 0x22, 0x3a, 0x5b, 0x31, 0x31, 0x30, 0x2c, 0x31, 0x31,
  0x30, 0x5d, 0x7d, 0x2c, 0x7b, 0x22, 0x74, 0x22, 0x3a, 0x33, 0x36, 0x2c,
  0x22, 0x73, 0x22, 0x3a, 0x5b, 0x37, 0x30, 0x2c, 0x37, 0x30, 0x5d, 0x7d,
  0x5d, 0x7d, 0x2c, 0x22, 0x72, 0x22, 0x3a, 0x7b, 0x22, 0x61, 0x22, 0x3a,
  0x30, 0x2c, 0x22, 0x6b, 0x22, 0x3a, 0x30, 0x7d, 0x2c, 0x22, 0x6f, 0x22,
  0x3a, 0x7b, 0x22, 0x61, 0x22, 0x3a, 0x31, 0x2c, 0x22, 0x6b, 0x22, 0x3a,
  0x5b, 0x7b, 0x22, 0x74, 0x22, 0x3a, 0x30, 0x2c, 0x22, 0x73, 0x22, 0x3a,
  0x5b, 0x30, 0x5d, 0x7d, 0x2c, 0x7b, 0x22, 0x74, 0x22, 0x3a, 0x39, 0x2c,
  0x22, 0x73, 0x22, 0x3a, 0x5b, 0x31, 0x30, 0x30, 0x5d, 0x7d, 0x2c, 0x7b,
  0x22, 0x74, 0x22, 0x3a, 0x32, 0x37, 0x2c, 0x22, 0x73, 0x22, 0x3a, 0x5b,
  0x39, 0x30, 0x5d, 0x7d, 0x2c, 0x7b, 0x22, 0x74, 0x22, 0x3a, 0x33, 0x36,
  0x2c, 0x22, 0x73, 0x22, 0x3a, 0x5b, 0x30, 0x5d, 0x7d, 0x5d, 0x7d, 0x7d,
  0x2c, 0x22, 0x61, 0x6f, 0x22, 0x3a, 0x30, 0x2c, 0x22, 0x73, 0x68, 0x61,
  0x70, 0x65, 0x73, 0x22, 0x3a, 0x5b, 0x7b, 0x22, 0x74, 0x79, 0x22, 0x3a,
  0x22, 0x67, 0x72, 0x22, 0x2c, 0x22, 0x6e, 0x6d, 0x22, 0x3a, 0x22, 0x68,
  0x65, 0x61, 0x72, 0x74, 0x22, 0x2c, 0x22, 0x69, 0x74, 0x22, 0x3a, 0x5b,
  0x7b, 0x22, 0x74, 0x79, 0x22, 0x3a, 0x22, 0x65, 0x6c, 0x22, 0x2c, 0x22,
  0x64, 0x22, 0x3a, 0x31, 0x2c, 0x22, 0x73, 0x22, 0x3a, 0x7b, 0x22, 0x61,
  0x22, 0x3a, 0x30, 0x2c, 0x22, 0x6b, 0x22, 0x3a, 0x5b, 0x31, 0x33, 0x2e,
  0x32, 0x2c, 0x31, 0x33, 0x2e, 0x32, 0x5d, 0x7d, 0x2c, 0x22, 0x70, 0x22,
  0x3a, 0x7b, 0x22, 0x61, 0x22, 0x3a, 0x30, 0x2c, 0x22, 0x6b, 0x22, 0x3a,
  0x5b, 0x2d, 0x34, 0x2e, 0x34, 0x2c, 0x2d, 0x32, 0x2e, 0x32, 0x5d, 0x7d,
  0x2c, 0x22, 0x6e, 0x6d, 0x22, 0x3a, 0x22, 0x65, 0x6c, 0x22, 0x7d, 0x2c,
  0x7b, 0x22, 0x74, 0x79, 0x22, 0x3a, 0x22, 0x66, 0x6c, 0x22, 0x2c, 0x22,
  0x63, 0x22, 0x3a, 0x7b, 0x22, 0x61, 0x22, 0x3a, 0x30, 0x2c, 0x22, 0x6b,
  0x22, 0x3a, 0x5b, 0x31, 0x2c, 0x30, 0x2e, 0x33, 0x33, 0x33, 0x2c, 0x30,
  0x2e, 0x34, 0x36, 0x37, 0x2c, 0x31, 0x5d, 0x7d, 0x2c, 0x22, 0x6f, 0x22,
  0x3a, 0x7b, 0x22, 0x61, 0x22, 0x3a, 0x30, 0x2c, 0x22, 0x6b, 0x22, 0x3a,
  0x31, 0x30, 0x30, 0x7d, 0x2c, 0x22, 0x72, 0x22, 0x3a, 0x31, 0x2c, 0x22,
  0x6e, 0x6d, 0x22, 0x3a, 0x22, 0x66, 0x6c, 0x22, 0x7d, 0x2c, 0x7b, 0x22,
  0x74, 0x79, 0x22, 0x3a, 0x22, 0x65, 0x6c, 0x22, 0x2c, 0x22, 0x64, 0x22,
  0x3a, 0x31, 0x2c, 0x22, 0x73, 0x22, 0x3a, 0x7b, 0x22, 0x61, 0x22, 0x3a,
  0x30, 0x2c, 0x22, 0x6b, 0x22, 0x3a, 0x5b, 0x31, 0x33, 0x2e, 0x32, 0x2c,
  0x31, 0x33, 0x2e, 0x32, 0x5d, 0x7d, 0x2c, 0x22, 0x70, 0x22, 0x3a, 0x7b,
  0x22, 0x61, 0x22, 0x3a, 0x30, 0x2c, 0x22, 0x6b, 0x22, 0x3a, 0x5b, 0x34,
  0x2e, 0x34, 0x2c, 0x2d, 0x32, 0x2e, 0x32, 0x5d, 0x7d, 0x2c, 0x22, 0x6e,
  0x6d, 0x22, 0x3a, 0x22, 0x65, 0x6c, 0x22, 0x7d, 0x2c, 0x7b, 0x22, 0x74,
  0x79, 0x22, 0x3a, 0x22, 0x66, 0x6c, 0x22, 0x2c, 0x22, 0x63, 0x22, 0x3a,
  0x7b, 0x22, 0x61, 0x22, 0x3a, 0x30, 0x2c, 0x22, 0x6b, 0x22, 0x3a, 0x5b,
  0x31, 0x2c, 0x30, 0x2e, 0x33, 0x33, 0x33, 0x2c, 0x30, 0x2e, 0x34, 0x36,
  0x37, 0x2c, 0x31, 0x5d, 0x7d, 0x2c, 0x22, 0x6f, 0x22, 0x3a, 0x7b, 0x22,
  0x61, 0x22, 0x3a, 0x30, 0x2c, 0x22, 0x6b, 0x22, 0x3a, 0x31, 0x30, 0x30,
  0x7d, 0x2c, 0x22, 0x72, 0x22, 0x3a, 0x31, 0x2c, 0x22, 0x6e, 0x6d, 0x22,
  0x3a, 0x22, 0x66, 0x6c, 0x22, 0x7d, 0x2c, 0x7b, 0x22, 0x74, 0x79, 0x22,
  0x3a, 0x22, 0x67, 0x72, 0x22, 0x2c, 0x22, 0x6e, 0x6d, 0x22, 0x3a, 0x22,
  0x74, 0x69, 0x70, 0x22, 0x2c, 0x22, 0x69, 0x74, 0x22, 0x3a, 0x5b, 0x7b,
  0x22, 0x74, 0x79, 0x22, 0x3a, 0x22, 0x72, 0x63, 0x22, 0x2c, 0x22, 0x64,
  0x22, 0x3a, 0x31, 0x2c, 0x22, 0x73, 0x22, 0x3a, 0x7b, 0x22, 0x61, 0x22,
  0x3a, 0x30, 0x2c, 0x22, 0x6b, 0x22, 0x3a, 0x5b, 0x31, 0x32, 0x2e, 0x36,
  0x35, 0x2c, 0x31, 0x32, 0x2e, 0x36, 0x35, 0x5d, 0x7d, 0x2c, 0x22, 0x70,
  0x22, 0x3a, 0x7b, 0x22, 0x61, 0x22, 0x3a, 0x30, 0x2c, 0x22, 0x6b, 0x22,
  0x3a, 0x5b, 0x30, 0x2c, 0x30, 0x5d, 0x7d, 0x2c, 0x22, 0x72, 0x22, 0x3a,
  0x7b, 0x22, 0x61, 0x22, 0x3a, 0x30, 0x2c, 0x22, 0x6b, 0x22, 0x3a, 0x32,
  0x7d, 0x2c, 0x22, 0x6e, 0x6d, 0x22, 0x3a, 0x22, 0x72, 0x63, 0x22, 0x7d,
  0x2c, 0x7b, 0x22, 0x74, 0x79, 0x22, 0x3a, 0x22, 0x66, 0x6c, 0x22, 0x2c,
  0x22, 0x63, 0x22, 0x3a, 0x7b, 0x22, 0x61, 0x22, 0x3a, 0x30, 0x2c, 0x22,
  0x6b, 0x22, 0x3a, 0x5b, 0x31, 0x2c, 0x30, 0x2e, 0x33, 0x33, 0x33, 0x2c,
  0x30, 0x2e, 0x34, 0x36, 0x37, 0x2c, 0x31, 0x5d, 0x7d, 0x2c, 0x22, 0x6f,
  0x22, 0x3a, 0x7b, 0x22, 0x61, 0x22, 0x3a, 0x30, 0x2c, 0x22, 0x6b, 0x22,
  0x3a, 0x31, 0x30, 0x30, 0x7d, 0x2c, 0x22, 0x72, 0x22, 0x3a, 0x31, 0x2c,
  0x22, 0x6e, 0x6d, 0x22, 0x3a, 0x22, 0x66, 0x6c, 0x22, 0x7d, 0x2c, 0x7b,
  0x22, 0x74, 0x79, 0x22, 0x3a, 0x22, 0x74, 0x72, 0x22, 0x2c, 0x22, 0x70,
  0x22, 0x3a, 0x7b, 0x22, 0x61, 0x22, 0x3a, 0x30, 0x2c, 0x22, 0x6b, 0x22,
  0x3a, 0x5b, 0x30, 0x2c, 0x33, 0x2e, 0x33, 0x5d, 0x7d, 0x2c, 0x22, 0x61,
  0x22, 0x3a, 0x7b, 0x22, 0x61, 0x22, 0x3a, 0x30, 0x2c, 0x22, 0x6b, 0x22,
  0x3a, 0x5b, 0x30, 0x2c, 0x30, 0x5d, 0x7d, 0x2c, 0x22, 0x73, 0x22, 0x3a,
  0x7b, 0x22, 0x61, 0x22, 0x3a, 0x30, 0x2c, 0x22, 0x6b, 0x22, 0x3a, 0x5b,
  0x31, 0x30, 0x30, 0x2c, 0x31, 0x30, 0x30, 0x5d, 0x7d, 0x2c, 0x22, 0x72,
  0x22, 0x3a, 0x7b, 0x22, 0x61, 0x22, 0x3a, 0x30, 0x2c, 0x22, 0x6b, 0x22,
  0x3a, 0x34, 0x35, 0x7d, 0x2c, 0x22, 0x6f, 0x22, 0x3a, 0x7b, 0x22, 0x61,
  0x22, 0x3a, 0x30, 0x2c, 0x22, 0x6b, 0x22, 0x3a, 0x31, 0x30, 0x30, 0x7d,
  0x7d, 0x5d, 0x7d, 0x2c, 0x7b, 0x22, 0x74, 0x79, 0x22, 0x3a, 0x22, 0x74,
  0x72, 0x22, 0x2c, 0x22, 0x70, 0x22, 0x3a, 0x7b, 0x22, 0x61, 0x22, 0x3a,
  0x30, 0x2c, 0x22, 0x6b, 0x22, 0x3a, 0x5b, 0x30, 0x2c, 0x30, 0x5d, 0x7d,
  0x2c, 0x22, 0x61, 0x22, 0x3a, 0x7b, 0x22, 0x61, 0x22, 0x3a, 0x30, 0x2c,
  0x22, 0x6b, 0x22, 0x3a, 0x5b, 0x30, 0x2c, 0x30, 0x5d, 0x7d, 0x2c, 0x22,
  0x73, 0x22, 0x3a, 0x7b, 0x22, 0x61, 0x22, 0x3a, 0x30, 0x2c, 0x22, 0x6b,
  0x22, 0x3a, 0x5b, 0x31, 0x30, 0x30, 0x2c, 0x31, 0x30, 0x30, 0x5d, 0x7d,
  0x2c, 0x22, 0x72, 0x22, 0x3a, 0x7b, 0x22, 0x61, 0x22, 0x3a, 0x30, 0x2c,
  0x22, 0x6b, 0x22, 0x3a, 0x30, 0x7d, 0x2c, 0x22, 0x6f, 0x22, 0x3a, 0x7b,
  0x22, 0x61, 0x22, 0x3a, 0x30, 0x2c, 0x22, 0x6b, 0x22, 0x3a, 0x31, 0x30,
  0x30, 0x7d, 0x7d, 0x5d, 0x7d, 0x5d, 0x2c, 0x22, 0x69, 0x70, 0x22, 0x3a,
  0x30, 0x2c, 0x22, 0x6f, 0x70, 0x22, 0x3a, 0x33, 0x36, 0x2c, 0x22, 0x73,
  0x74, 0x22, 0x3a, 0x30, 0x7d, 0x5d, 0x7d
};
const size_t default_heart_json_len = 7903;

